<annotation>
    <video>[Cam253]-2016_5_8_18h_150f.avi</video>
    <frame>000065</frame>
    <time>2016/05/08 18:01:33</time>
    <width>352</width>
    <height>240</height>
    <weather>1</weather>
    <facing>1</facing>
    <flow>2</flow>
    <vehicle>
        <id>1</id>
        <bndbox>
            <xmax>190</xmax>
            <xmin>128</xmin>
            <ymax>234</ymax>
            <ymin>186</ymin>
        </bndbox>
        <type>3</type>
        <direction>8</direction>
        <previous>1</previous>
    </vehicle>
    <vehicle>
        <id>2</id>
        <bndbox>
            <xmax>70</xmax>
            <xmin>55</xmin>
            <ymax>150</ymax>
            <ymin>136</ymin>
        </bndbox>
        <type>3</type>
        <direction>8</direction>
        <previous>2</previous>
    </vehicle>
    <vehicle>
        <id>3</id>
        <bndbox>
            <xmax>44</xmax>
            <xmin>36</xmin>
            <ymax>129</ymax>
            <ymin>123</ymin>
        </bndbox>
        <type>3</type>
        <direction>8</direction>
        <previous>0</previous>
    </vehicle>
    <vehicle>
        <id>4</id>
        <bndbox>
            <xmax>83</xmax>
            <xmin>68</xmin>
            <ymax>142</ymax>
            <ymin>131</ymin>
        </bndbox>
        <type>3</type>
        <direction>8</direction>
        <previous>3</previous>
    </vehicle>
    <vehicle>
        <id>5</id>
        <bndbox>
            <xmax>62</xmax>
            <xmin>54</xmin>
            <ymax>130</ymax>
            <ymin>123</ymin>
        </bndbox>
        <type>3</type>
        <direction>8</direction>
        <previous>4</previous>
    </vehicle>
    <vehicle>
        <id>6</id>
        <bndbox>
            <xmax>232</xmax>
            <xmin>192</xmin>
            <ymax>176</ymax>
            <ymin>159</ymin>
        </bndbox>
        <type>3</type>
        <direction>5</direction>
        <previous>0</previous>
    </vehicle>
    <vehicle>
        <id>7</id>
        <bndbox>
            <xmax>67</xmax>
            <xmin>63</xmin>
            <ymax>124</ymax>
            <ymin>120</ymin>
        </bndbox>
        <type>3</type>
        <direction>5</direction>
        <previous>5</previous>
    </vehicle>
    <vehicle>
        <id>8</id>
        <bndbox>
            <xmax>186</xmax>
            <xmin>156</xmin>
            <ymax>152</ymax>
            <ymin>136</ymin>
        </bndbox>
        <type>7</type>
        <direction>5</direction>
        <previous>7</previous>
    </vehicle>
    <vehicle>
        <id>9</id>
        <bndbox>
            <xmax>110</xmax>
            <xmin>100</xmin>
            <ymax>132</ymax>
            <ymin>125</ymin>
        </bndbox>
        <type>3</type>
        <direction>5</direction>
        <previous>8</previous>
    </vehicle>
    <vehicle>
        <id>10</id>
        <bndbox>
            <xmax>82</xmax>
            <xmin>75</xmin>
            <ymax>124</ymax>
            <ymin>120</ymin>
        </bndbox>
        <type>3</type>
        <direction>5</direction>
        <previous>9</previous>
    </vehicle>
</annotation>
