<annotation>
    <video>[Cam253]-2016_5_8_18h_150f.avi</video>
    <frame>000070</frame>
    <time>2016/05/08 18:01:38</time>
    <width>352</width>
    <height>240</height>
    <weather>1</weather>
    <facing>1</facing>
    <flow>2</flow>
    <vehicle>
        <id>1</id>
        <bndbox>
            <xmax>63</xmax>
            <xmin>44</xmin>
            <ymax>169</ymax>
            <ymin>153</ymin>
        </bndbox>
        <type>3</type>
        <direction>8</direction>
        <previous>2</previous>
    </vehicle>
    <vehicle>
        <id>2</id>
        <bndbox>
            <xmax>33</xmax>
            <xmin>25</xmin>
            <ymax>131</ymax>
            <ymin>125</ymin>
        </bndbox>
        <type>3</type>
        <direction>8</direction>
        <previous>0</previous>
    </vehicle>
    <vehicle>
        <id>3</id>
        <bndbox>
            <xmax>120</xmax>
            <xmin>91</xmin>
            <ymax>181</ymax>
            <ymin>163</ymin>
        </bndbox>
        <type>3</type>
        <direction>8</direction>
        <previous>3</previous>
    </vehicle>
    <vehicle>
        <id>4</id>
        <bndbox>
            <xmax>82</xmax>
            <xmin>64</xmin>
            <ymax>155</ymax>
            <ymin>143</ymin>
        </bndbox>
        <type>3</type>
        <direction>8</direction>
        <previous>4</previous>
    </vehicle>
    <vehicle>
        <id>5</id>
        <bndbox>
            <xmax>48</xmax>
            <xmin>41</xmin>
            <ymax>132</ymax>
            <ymin>126</ymin>
        </bndbox>
        <type>3</type>
        <direction>8</direction>
        <previous>0</previous>
    </vehicle>
    <vehicle>
        <id>6</id>
        <bndbox>
            <xmax>310</xmax>
            <xmin>222</xmin>
            <ymax>239</ymax>
            <ymin>206</ymin>
        </bndbox>
        <type>3</type>
        <direction>8</direction>
        <previous>5</previous>
    </vehicle>
    <vehicle>
        <id>7</id>
        <bndbox>
            <xmax>138</xmax>
            <xmin>110</xmin>
            <ymax>168</ymax>
            <ymin>151</ymin>
        </bndbox>
        <type>2</type>
        <direction>8</direction>
        <previous>6</previous>
    </vehicle>
    <vehicle>
        <id>8</id>
        <bndbox>
            <xmax>57</xmax>
            <xmin>49</xmin>
            <ymax>130</ymax>
            <ymin>122</ymin>
        </bndbox>
        <type>3</type>
        <direction>8</direction>
        <previous>7</previous>
    </vehicle>
    <vehicle>
        <id>9</id>
        <bndbox>
            <xmax>126</xmax>
            <xmin>107</xmin>
            <ymax>144</ymax>
            <ymin>137</ymin>
        </bndbox>
        <type>2</type>
        <direction>5</direction>
        <previous>8</previous>
    </vehicle>
    <vehicle>
        <id>10</id>
        <bndbox>
            <xmax>84</xmax>
            <xmin>77</xmin>
            <ymax>130</ymax>
            <ymin>125</ymin>
        </bndbox>
        <type>3</type>
        <direction>5</direction>
        <previous>9</previous>
    </vehicle>
    <vehicle>
        <id>11</id>
        <bndbox>
            <xmax>152</xmax>
            <xmin>135</xmin>
            <ymax>144</ymax>
            <ymin>135</ymin>
        </bndbox>
        <type>3</type>
        <direction>5</direction>
        <previous>11</previous>
    </vehicle>
    <vehicle>
        <id>12</id>
        <bndbox>
            <xmax>102</xmax>
            <xmin>92</xmin>
            <ymax>131</ymax>
            <ymin>126</ymin>
        </bndbox>
        <type>3</type>
        <direction>5</direction>
        <previous>12</previous>
    </vehicle>
    <vehicle>
        <id>13</id>
        <bndbox>
            <xmax>101</xmax>
            <xmin>93</xmin>
            <ymax>126</ymax>
            <ymin>122</ymin>
        </bndbox>
        <type>2</type>
        <direction>5</direction>
        <previous>13</previous>
    </vehicle>
    <vehicle>
        <id>14</id>
        <bndbox>
            <xmax>195</xmax>
            <xmin>170</xmin>
            <ymax>148</ymax>
            <ymin>138</ymin>
        </bndbox>
        <type>2</type>
        <direction>5</direction>
        <previous>15</previous>
    </vehicle>
</annotation>
