<annotation>
    <video>[Cam253]-2016_5_8_18h_150f.avi</video>
    <frame>000022</frame>
    <time>2016/05/08 18:00:45</time>
    <width>352</width>
    <height>240</height>
    <weather>1</weather>
    <facing>1</facing>
    <flow>2</flow>
    <vehicle>
        <id>1</id>
        <bndbox>
            <xmax>31</xmax>
            <xmin>24</xmin>
            <ymax>132</ymax>
            <ymin>126</ymin>
        </bndbox>
        <type>1</type>
        <direction>8</direction>
        <previous>0</previous>
    </vehicle>
    <vehicle>
        <id>2</id>
        <bndbox>
            <xmax>45</xmax>
            <xmin>36</xmin>
            <ymax>129</ymax>
            <ymin>125</ymin>
        </bndbox>
        <type>3</type>
        <direction>8</direction>
        <previous>0</previous>
    </vehicle>
    <vehicle>
        <id>3</id>
        <bndbox>
            <xmax>36</xmax>
            <xmin>31</xmin>
            <ymax>126</ymax>
            <ymin>121</ymin>
        </bndbox>
        <type>2</type>
        <direction>8</direction>
        <previous>0</previous>
    </vehicle>
    <vehicle>
        <id>4</id>
        <bndbox>
            <xmax>200</xmax>
            <xmin>150</xmin>
            <ymax>200</ymax>
            <ymin>168</ymin>
        </bndbox>
        <type>3</type>
        <direction>8</direction>
        <previous>2</previous>
    </vehicle>
    <vehicle>
        <id>5</id>
        <bndbox>
            <xmax>258</xmax>
            <xmin>209</xmin>
            <ymax>189</ymax>
            <ymin>163</ymin>
        </bndbox>
        <type>3</type>
        <direction>5</direction>
        <previous>0</previous>
    </vehicle>
    <vehicle>
        <id>6</id>
        <bndbox>
            <xmax>109</xmax>
            <xmin>95</xmin>
            <ymax>139</ymax>
            <ymin>132</ymin>
        </bndbox>
        <type>3</type>
        <direction>5</direction>
        <previous>3</previous>
    </vehicle>
    <vehicle>
        <id>7</id>
        <bndbox>
            <xmax>66</xmax>
            <xmin>58</xmin>
            <ymax>123</ymax>
            <ymin>120</ymin>
        </bndbox>
        <type>3</type>
        <direction>5</direction>
        <previous>4</previous>
    </vehicle>
    <vehicle>
        <id>8</id>
        <bndbox>
            <xmax>321</xmax>
            <xmin>265</xmin>
            <ymax>189</ymax>
            <ymin>165</ymin>
        </bndbox>
        <type>2</type>
        <direction>5</direction>
        <previous>0</previous>
    </vehicle>
    <vehicle>
        <id>9</id>
        <bndbox>
            <xmax>189</xmax>
            <xmin>164</xmin>
            <ymax>155</ymax>
            <ymin>143</ymin>
        </bndbox>
        <type>3</type>
        <direction>5</direction>
        <previous>10</previous>
    </vehicle>
    <vehicle>
        <id>10</id>
        <bndbox>
            <xmax>107</xmax>
            <xmin>98</xmin>
            <ymax>131</ymax>
            <ymin>126</ymin>
        </bndbox>
        <type>2</type>
        <direction>5</direction>
        <previous>7</previous>
    </vehicle>
    <vehicle>
        <id>11</id>
        <bndbox>
            <xmax>79</xmax>
            <xmin>71</xmin>
            <ymax>123</ymax>
            <ymin>119</ymin>
        </bndbox>
        <type>2</type>
        <direction>5</direction>
        <previous>8</previous>
    </vehicle>
    <vehicle>
        <id>12</id>
        <bndbox>
            <xmax>132</xmax>
            <xmin>119</xmin>
            <ymax>134</ymax>
            <ymin>127</ymin>
        </bndbox>
        <type>1</type>
        <direction>5</direction>
        <previous>6</previous>
    </vehicle>
    <vehicle>
        <id>13</id>
        <bndbox>
            <xmax>112</xmax>
            <xmin>106</xmin>
            <ymax>130</ymax>
            <ymin>125</ymin>
        </bndbox>
        <type>3</type>
        <direction>5</direction>
        <previous>11</previous>
    </vehicle>
</annotation>
