<annotation>
    <video>[Cam253]-2016_5_8_18h_150f.avi</video>
    <frame>000064</frame>
    <time>2016/05/08 18:01:32</time>
    <width>352</width>
    <height>240</height>
    <weather>1</weather>
    <facing>1</facing>
    <flow>2</flow>
    <vehicle>
        <id>1</id>
        <bndbox>
            <xmax>88</xmax>
            <xmin>67</xmin>
            <ymax>163</ymax>
            <ymin>145</ymin>
        </bndbox>
        <type>3</type>
        <direction>8</direction>
        <previous>1</previous>
    </vehicle>
    <vehicle>
        <id>2</id>
        <bndbox>
            <xmax>52</xmax>
            <xmin>41</xmin>
            <ymax>135</ymax>
            <ymin>127</ymin>
        </bndbox>
        <type>3</type>
        <direction>8</direction>
        <previous>2</previous>
    </vehicle>
    <vehicle>
        <id>3</id>
        <bndbox>
            <xmax>61</xmax>
            <xmin>53</xmin>
            <ymax>131</ymax>
            <ymin>125</ymin>
        </bndbox>
        <type>3</type>
        <direction>8</direction>
        <previous>3</previous>
    </vehicle>
    <vehicle>
        <id>4</id>
        <bndbox>
            <xmax>53</xmax>
            <xmin>44</xmin>
            <ymax>125</ymax>
            <ymin>120</ymin>
        </bndbox>
        <type>3</type>
        <direction>8</direction>
        <previous>0</previous>
    </vehicle>
    <vehicle>
        <id>5</id>
        <bndbox>
            <xmax>81</xmax>
            <xmin>71</xmin>
            <ymax>131</ymax>
            <ymin>123</ymin>
        </bndbox>
        <type>3</type>
        <direction>5</direction>
        <previous>4</previous>
    </vehicle>
    <vehicle>
        <id>6</id>
        <bndbox>
            <xmax>61</xmax>
            <xmin>55</xmin>
            <ymax>123</ymax>
            <ymin>117</ymin>
        </bndbox>
        <type>2</type>
        <direction>5</direction>
        <previous>5</previous>
    </vehicle>
    <vehicle>
        <id>7</id>
        <bndbox>
            <xmax>315</xmax>
            <xmin>250</xmin>
            <ymax>187</ymax>
            <ymin>157</ymin>
        </bndbox>
        <type>7</type>
        <direction>5</direction>
        <previous>0</previous>
    </vehicle>
    <vehicle>
        <id>8</id>
        <bndbox>
            <xmax>145</xmax>
            <xmin>129</xmin>
            <ymax>143</ymax>
            <ymin>133</ymin>
        </bndbox>
        <type>3</type>
        <direction>5</direction>
        <previous>6</previous>
    </vehicle>
    <vehicle>
        <id>9</id>
        <bndbox>
            <xmax>102</xmax>
            <xmin>90</xmin>
            <ymax>130</ymax>
            <ymin>125</ymin>
        </bndbox>
        <type>3</type>
        <direction>5</direction>
        <previous>7</previous>
    </vehicle>
    <vehicle>
        <id>10</id>
        <bndbox>
            <xmax>69</xmax>
            <xmin>62</xmin>
            <ymax>121</ymax>
            <ymin>116</ymin>
        </bndbox>
        <type>2</type>
        <direction>5</direction>
        <previous>8</previous>
    </vehicle>
    <vehicle>
        <id>11</id>
        <bndbox>
            <xmax>82</xmax>
            <xmin>76</xmin>
            <ymax>121</ymax>
            <ymin>118</ymin>
        </bndbox>
        <type>2</type>
        <direction>5</direction>
        <previous>9</previous>
    </vehicle>
</annotation>
