<annotation>
    <video>[Cam253]-2016_5_8_18h_150f.avi</video>
    <frame>000001</frame>
    <time>2016/05/08 18:00:23</time>
    <width>352</width>
    <height>240</height>
    <weather>1</weather>
    <facing>1</facing>
    <flow>2</flow>
    <vehicle>
        <id>1</id>
        <bndbox>
            <xmax>135</xmax>
            <xmin>83</xmin>
            <ymax>239</ymax>
            <ymin>202</ymin>
        </bndbox>
        <type>3</type>
        <direction>8</direction>
        <previous>0</previous>
    </vehicle>
    <vehicle>
        <id>2</id>
        <bndbox>
            <xmax>52</xmax>
            <xmin>37</xmin>
            <ymax>153</ymax>
            <ymin>143</ymin>
        </bndbox>
        <type>2</type>
        <direction>8</direction>
        <previous>0</previous>
    </vehicle>
    <vehicle>
        <id>3</id>
        <bndbox>
            <xmax>70</xmax>
            <xmin>54</xmin>
            <ymax>149</ymax>
            <ymin>137</ymin>
        </bndbox>
        <type>3</type>
        <direction>8</direction>
        <previous>0</previous>
    </vehicle>
    <vehicle>
        <id>4</id>
        <bndbox>
            <xmax>51</xmax>
            <xmin>40</xmin>
            <ymax>135</ymax>
            <ymin>127</ymin>
        </bndbox>
        <type>2</type>
        <direction>8</direction>
        <previous>0</previous>
    </vehicle>
    <vehicle>
        <id>5</id>
        <bndbox>
            <xmax>98</xmax>
            <xmin>82</xmin>
            <ymax>150</ymax>
            <ymin>139</ymin>
        </bndbox>
        <type>3</type>
        <direction>8</direction>
        <previous>0</previous>
    </vehicle>
    <vehicle>
        <id>6</id>
        <bndbox>
            <xmax>124</xmax>
            <xmin>106</xmin>
            <ymax>144</ymax>
            <ymin>134</ymin>
        </bndbox>
        <type>1</type>
        <direction>5</direction>
        <previous>0</previous>
    </vehicle>
    <vehicle>
        <id>7</id>
        <bndbox>
            <xmax>93</xmax>
            <xmin>81</xmin>
            <ymax>133</ymax>
            <ymin>127</ymin>
        </bndbox>
        <type>2</type>
        <direction>5</direction>
        <previous>0</previous>
    </vehicle>
    <vehicle>
        <id>8</id>
        <bndbox>
            <xmax>317</xmax>
            <xmin>264</xmin>
            <ymax>192</ymax>
            <ymin>164</ymin>
        </bndbox>
        <type>3</type>
        <direction>5</direction>
        <previous>0</previous>
    </vehicle>
    <vehicle>
        <id>9</id>
        <bndbox>
            <xmax>204</xmax>
            <xmin>176</xmin>
            <ymax>159</ymax>
            <ymin>144</ymin>
        </bndbox>
        <type>3</type>
        <direction>5</direction>
        <previous>0</previous>
    </vehicle>
    <vehicle>
        <id>10</id>
        <bndbox>
            <xmax>99</xmax>
            <xmin>88</xmin>
            <ymax>130</ymax>
            <ymin>124</ymin>
        </bndbox>
        <type>3</type>
        <direction>5</direction>
        <previous>0</previous>
    </vehicle>
</annotation>
