<annotation>
    <video>[Cam253]-2016_5_8_18h_150f.avi</video>
    <frame>000003</frame>
    <time>2016/05/08 18:00:25</time>
    <width>352</width>
    <height>240</height>
    <weather>1</weather>
    <facing>1</facing>
    <flow>2</flow>
    <vehicle>
        <id>1</id>
        <bndbox>
            <xmax>262</xmax>
            <xmin>188</xmin>
            <ymax>239</ymax>
            <ymin>219</ymin>
        </bndbox>
        <type>3</type>
        <direction>8</direction>
        <previous>3</previous>
    </vehicle>
    <vehicle>
        <id>2</id>
        <bndbox>
            <xmax>103</xmax>
            <xmin>77</xmin>
            <ymax>171</ymax>
            <ymin>150</ymin>
        </bndbox>
        <type>2</type>
        <direction>8</direction>
        <previous>4</previous>
    </vehicle>
    <vehicle>
        <id>3</id>
        <bndbox>
            <xmax>57</xmax>
            <xmin>46</xmin>
            <ymax>137</ymax>
            <ymin>131</ymin>
        </bndbox>
        <type>3</type>
        <direction>8</direction>
        <previous>5</previous>
    </vehicle>
    <vehicle>
        <id>4</id>
        <bndbox>
            <xmax>46</xmax>
            <xmin>37</xmin>
            <ymax>129</ymax>
            <ymin>124</ymin>
        </bndbox>
        <type>3</type>
        <direction>8</direction>
        <previous>0</previous>
    </vehicle>
    <vehicle>
        <id>5</id>
        <bndbox>
            <xmax>36</xmax>
            <xmin>27</xmin>
            <ymax>138</ymax>
            <ymin>131</ymin>
        </bndbox>
        <type>3</type>
        <direction>8</direction>
        <previous>2</previous>
    </vehicle>
    <vehicle>
        <id>6</id>
        <bndbox>
            <xmax>141</xmax>
            <xmin>118</xmin>
            <ymax>150</ymax>
            <ymin>139</ymin>
        </bndbox>
        <type>1</type>
        <direction>5</direction>
        <previous>7</previous>
    </vehicle>
    <vehicle>
        <id>7</id>
        <bndbox>
            <xmax>73</xmax>
            <xmin>66</xmin>
            <ymax>127</ymax>
            <ymin>122</ymin>
        </bndbox>
        <type>1</type>
        <direction>5</direction>
        <previous>8</previous>
    </vehicle>
    <vehicle>
        <id>8</id>
        <bndbox>
            <xmax>63</xmax>
            <xmin>56</xmin>
            <ymax>123</ymax>
            <ymin>118</ymin>
        </bndbox>
        <type>2</type>
        <direction>5</direction>
        <previous>9</previous>
    </vehicle>
    <vehicle>
        <id>9</id>
        <bndbox>
            <xmax>138</xmax>
            <xmin>121</xmin>
            <ymax>141</ymax>
            <ymin>129</ymin>
        </bndbox>
        <type>3</type>
        <direction>5</direction>
        <previous>10</previous>
    </vehicle>
    <vehicle>
        <id>10</id>
        <bndbox>
            <xmax>114</xmax>
            <xmin>103</xmin>
            <ymax>133</ymax>
            <ymin>127</ymin>
        </bndbox>
        <type>3</type>
        <direction>5</direction>
        <previous>11</previous>
    </vehicle>
    <vehicle>
        <id>11</id>
        <bndbox>
            <xmax>67</xmax>
            <xmin>62</xmin>
            <ymax>122</ymax>
            <ymin>118</ymin>
        </bndbox>
        <type>3</type>
        <direction>5</direction>
        <previous>12</previous>
    </vehicle>
    <vehicle>
        <id>12</id>
        <bndbox>
            <xmax>208</xmax>
            <xmin>182</xmin>
            <ymax>151</ymax>
            <ymin>139</ymin>
        </bndbox>
        <type>2</type>
        <direction>5</direction>
        <previous>0</previous>
    </vehicle>
</annotation>
