<annotation>
    <video>[Cam253]-2016_5_8_18h_150f.avi</video>
    <frame>000098</frame>
    <time>2016/05/08 18:02:10</time>
    <width>352</width>
    <height>240</height>
    <weather>1</weather>
    <facing>1</facing>
    <flow>2</flow>
    <vehicle>
        <id>1</id>
        <bndbox>
            <xmax>150</xmax>
            <xmin>106</xmin>
            <ymax>204</ymax>
            <ymin>177</ymin>
        </bndbox>
        <type>3</type>
        <direction>8</direction>
        <previous>2</previous>
    </vehicle>
    <vehicle>
        <id>2</id>
        <bndbox>
            <xmax>66</xmax>
            <xmin>53</xmin>
            <ymax>144</ymax>
            <ymin>136</ymin>
        </bndbox>
        <type>3</type>
        <direction>8</direction>
        <previous>3</previous>
    </vehicle>
    <vehicle>
        <id>3</id>
        <bndbox>
            <xmax>47</xmax>
            <xmin>38</xmin>
            <ymax>132</ymax>
            <ymin>125</ymin>
        </bndbox>
        <type>2</type>
        <direction>8</direction>
        <previous>4</previous>
    </vehicle>
    <vehicle>
        <id>4</id>
        <bndbox>
            <xmax>292</xmax>
            <xmin>212</xmin>
            <ymax>238</ymax>
            <ymin>202</ymin>
        </bndbox>
        <type>1</type>
        <direction>8</direction>
        <previous>5</previous>
    </vehicle>
    <vehicle>
        <id>5</id>
        <bndbox>
            <xmax>63</xmax>
            <xmin>54</xmin>
            <ymax>130</ymax>
            <ymin>125</ymin>
        </bndbox>
        <type>3</type>
        <direction>8</direction>
        <previous>6</previous>
    </vehicle>
    <vehicle>
        <id>6</id>
        <bndbox>
            <xmax>149</xmax>
            <xmin>129</xmin>
            <ymax>148</ymax>
            <ymin>135</ymin>
        </bndbox>
        <type>2</type>
        <direction>5</direction>
        <previous>7</previous>
    </vehicle>
    <vehicle>
        <id>7</id>
        <bndbox>
            <xmax>113</xmax>
            <xmin>98</xmin>
            <ymax>138</ymax>
            <ymin>129</ymin>
        </bndbox>
        <type>2</type>
        <direction>5</direction>
        <previous>8</previous>
    </vehicle>
    <vehicle>
        <id>8</id>
        <bndbox>
            <xmax>73</xmax>
            <xmin>66</xmin>
            <ymax>125</ymax>
            <ymin>121</ymin>
        </bndbox>
        <type>3</type>
        <direction>5</direction>
        <previous>9</previous>
    </vehicle>
    <vehicle>
        <id>9</id>
        <bndbox>
            <xmax>63</xmax>
            <xmin>56</xmin>
            <ymax>123</ymax>
            <ymin>117</ymin>
        </bndbox>
        <type>3</type>
        <direction>5</direction>
        <previous>10</previous>
    </vehicle>
    <vehicle>
        <id>10</id>
        <bndbox>
            <xmax>242</xmax>
            <xmin>203</xmin>
            <ymax>168</ymax>
            <ymin>150</ymin>
        </bndbox>
        <type>3</type>
        <direction>5</direction>
        <previous>0</previous>
    </vehicle>
    <vehicle>
        <id>11</id>
        <bndbox>
            <xmax>108</xmax>
            <xmin>96</xmin>
            <ymax>129</ymax>
            <ymin>123</ymin>
        </bndbox>
        <type>2</type>
        <direction>5</direction>
        <previous>12</previous>
    </vehicle>
    <vehicle>
        <id>12</id>
        <bndbox>
            <xmax>80</xmax>
            <xmin>74</xmin>
            <ymax>124</ymax>
            <ymin>120</ymin>
        </bndbox>
        <type>2</type>
        <direction>5</direction>
        <previous>13</previous>
    </vehicle>
    <vehicle>
        <id>13</id>
        <bndbox>
            <xmax>67</xmax>
            <xmin>60</xmin>
            <ymax>120</ymax>
            <ymin>116</ymin>
        </bndbox>
        <type>2</type>
        <direction>5</direction>
        <previous>14</previous>
    </vehicle>
</annotation>
