<annotation>
    <video>[Cam253]-2016_5_8_18h_150f.avi</video>
    <frame>000009</frame>
    <time>2016/05/08 18:00:31</time>
    <width>352</width>
    <height>240</height>
    <weather>1</weather>
    <facing>1</facing>
    <flow>2</flow>
    <vehicle>
        <id>1</id>
        <bndbox>
            <xmax>47</xmax>
            <xmin>33</xmin>
            <ymax>147</ymax>
            <ymin>136</ymin>
        </bndbox>
        <type>3</type>
        <direction>8</direction>
        <previous>1</previous>
    </vehicle>
    <vehicle>
        <id>2</id>
        <bndbox>
            <xmax>37</xmax>
            <xmin>27</xmin>
            <ymax>136</ymax>
            <ymin>130</ymin>
        </bndbox>
        <type>3</type>
        <direction>8</direction>
        <previous>2</previous>
    </vehicle>
    <vehicle>
        <id>3</id>
        <bndbox>
            <xmax>96</xmax>
            <xmin>77</xmin>
            <ymax>166</ymax>
            <ymin>151</ymin>
        </bndbox>
        <type>1</type>
        <direction>8</direction>
        <previous>3</previous>
    </vehicle>
    <vehicle>
        <id>4</id>
        <bndbox>
            <xmax>47</xmax>
            <xmin>38</xmin>
            <ymax>132</ymax>
            <ymin>127</ymin>
        </bndbox>
        <type>3</type>
        <direction>8</direction>
        <previous>5</previous>
    </vehicle>
    <vehicle>
        <id>5</id>
        <bndbox>
            <xmax>40</xmax>
            <xmin>36</xmin>
            <ymax>128</ymax>
            <ymin>123</ymin>
        </bndbox>
        <type>2</type>
        <direction>8</direction>
        <previous>0</previous>
    </vehicle>
    <vehicle>
        <id>6</id>
        <bndbox>
            <xmax>68</xmax>
            <xmin>59</xmin>
            <ymax>136</ymax>
            <ymin>128</ymin>
        </bndbox>
        <type>2</type>
        <direction>8</direction>
        <previous>4</previous>
    </vehicle>
    <vehicle>
        <id>7</id>
        <bndbox>
            <xmax>55</xmax>
            <xmin>47</xmin>
            <ymax>126</ymax>
            <ymin>122</ymin>
        </bndbox>
        <type>3</type>
        <direction>8</direction>
        <previous>13</previous>
    </vehicle>
    <vehicle>
        <id>8</id>
        <bndbox>
            <xmax>114</xmax>
            <xmin>100</xmin>
            <ymax>142</ymax>
            <ymin>133</ymin>
        </bndbox>
        <type>3</type>
        <direction>5</direction>
        <previous>6</previous>
    </vehicle>
    <vehicle>
        <id>9</id>
        <bndbox>
            <xmax>77</xmax>
            <xmin>69</xmin>
            <ymax>129</ymax>
            <ymin>122</ymin>
        </bndbox>
        <type>3</type>
        <direction>5</direction>
        <previous>7</previous>
    </vehicle>
    <vehicle>
        <id>10</id>
        <bndbox>
            <xmax>215</xmax>
            <xmin>184</xmin>
            <ymax>162</ymax>
            <ymin>148</ymin>
        </bndbox>
        <type>3</type>
        <direction>5</direction>
        <previous>0</previous>
    </vehicle>
    <vehicle>
        <id>11</id>
        <bndbox>
            <xmax>155</xmax>
            <xmin>135</xmin>
            <ymax>144</ymax>
            <ymin>135</ymin>
        </bndbox>
        <type>2</type>
        <direction>5</direction>
        <previous>9</previous>
    </vehicle>
    <vehicle>
        <id>12</id>
        <bndbox>
            <xmax>81</xmax>
            <xmin>72</xmin>
            <ymax>124</ymax>
            <ymin>118</ymin>
        </bndbox>
        <type>3</type>
        <direction>5</direction>
        <previous>11</previous>
    </vehicle>
    <vehicle>
        <id>13</id>
        <bndbox>
            <xmax>125</xmax>
            <xmin>113</xmin>
            <ymax>133</ymax>
            <ymin>126</ymin>
        </bndbox>
        <type>2</type>
        <direction>5</direction>
        <previous>10</previous>
    </vehicle>
    <vehicle>
        <id>14</id>
        <bndbox>
            <xmax>67</xmax>
            <xmin>61</xmin>
            <ymax>121</ymax>
            <ymin>116</ymin>
        </bndbox>
        <type>2</type>
        <direction>5</direction>
        <previous>12</previous>
    </vehicle>
    <vehicle>
        <id>15</id>
        <bndbox>
            <xmax>341</xmax>
            <xmin>284</xmin>
            <ymax>184</ymax>
            <ymin>164</ymin>
        </bndbox>
        <type>3</type>
        <direction>5</direction>
        <previous>0</previous>
    </vehicle>
</annotation>
