<annotation>
    <video>[Cam253]-2016_5_8_18h_150f.avi</video>
    <frame>000029</frame>
    <time>2016/05/08 18:00:54</time>
    <width>352</width>
    <height>240</height>
    <weather>1</weather>
    <facing>1</facing>
    <flow>2</flow>
    <vehicle>
        <id>1</id>
        <bndbox>
            <xmax>68</xmax>
            <xmin>51</xmin>
            <ymax>177</ymax>
            <ymin>162</ymin>
        </bndbox>
        <type>3</type>
        <direction>8</direction>
        <previous>1</previous>
    </vehicle>
    <vehicle>
        <id>2</id>
        <bndbox>
            <xmax>33</xmax>
            <xmin>24</xmin>
            <ymax>130</ymax>
            <ymin>126</ymin>
        </bndbox>
        <type>2</type>
        <direction>8</direction>
        <previous>0</previous>
    </vehicle>
    <vehicle>
        <id>3</id>
        <bndbox>
            <xmax>159</xmax>
            <xmin>114</xmin>
            <ymax>208</ymax>
            <ymin>179</ymin>
        </bndbox>
        <type>2</type>
        <direction>8</direction>
        <previous>3</previous>
    </vehicle>
    <vehicle>
        <id>4</id>
        <bndbox>
            <xmax>65</xmax>
            <xmin>53</xmin>
            <ymax>144</ymax>
            <ymin>135</ymin>
        </bndbox>
        <type>3</type>
        <direction>8</direction>
        <previous>4</previous>
    </vehicle>
    <vehicle>
        <id>5</id>
        <bndbox>
            <xmax>42</xmax>
            <xmin>36</xmin>
            <ymax>129</ymax>
            <ymin>123</ymin>
        </bndbox>
        <type>3</type>
        <direction>8</direction>
        <previous>0</previous>
    </vehicle>
    <vehicle>
        <id>6</id>
        <bndbox>
            <xmax>84</xmax>
            <xmin>71</xmin>
            <ymax>142</ymax>
            <ymin>133</ymin>
        </bndbox>
        <type>2</type>
        <direction>8</direction>
        <previous>5</previous>
    </vehicle>
    <vehicle>
        <id>7</id>
        <bndbox>
            <xmax>48</xmax>
            <xmin>42</xmin>
            <ymax>125</ymax>
            <ymin>119</ymin>
        </bndbox>
        <type>3</type>
        <direction>8</direction>
        <previous>0</previous>
    </vehicle>
    <vehicle>
        <id>8</id>
        <bndbox>
            <xmax>66</xmax>
            <xmin>58</xmin>
            <ymax>123</ymax>
            <ymin>117</ymin>
        </bndbox>
        <type>3</type>
        <direction>5</direction>
        <previous>6</previous>
    </vehicle>
    <vehicle>
        <id>9</id>
        <bndbox>
            <xmax>321</xmax>
            <xmin>265</xmin>
            <ymax>188</ymax>
            <ymin>165</ymin>
        </bndbox>
        <type>3</type>
        <direction>5</direction>
        <previous>0</previous>
    </vehicle>
    <vehicle>
        <id>10</id>
        <bndbox>
            <xmax>173</xmax>
            <xmin>149</xmin>
            <ymax>151</ymax>
            <ymin>141</ymin>
        </bndbox>
        <type>1</type>
        <direction>5</direction>
        <previous>7</previous>
    </vehicle>
    <vehicle>
        <id>11</id>
        <bndbox>
            <xmax>92</xmax>
            <xmin>83</xmin>
            <ymax>127</ymax>
            <ymin>123</ymin>
        </bndbox>
        <type>3</type>
        <direction>5</direction>
        <previous>8</previous>
    </vehicle>
    <vehicle>
        <id>12</id>
        <bndbox>
            <xmax>222</xmax>
            <xmin>196</xmin>
            <ymax>155</ymax>
            <ymin>141</ymin>
        </bndbox>
        <type>3</type>
        <direction>5</direction>
        <previous>0</previous>
    </vehicle>
    <vehicle>
        <id>13</id>
        <bndbox>
            <xmax>74</xmax>
            <xmin>70</xmin>
            <ymax>120</ymax>
            <ymin>118</ymin>
        </bndbox>
        <type>3</type>
        <direction>5</direction>
        <previous>10</previous>
    </vehicle>
</annotation>
