<annotation>
    <video>[Cam253]-2016_5_8_18h_150f.avi</video>
    <frame>000045</frame>
    <time>2016/05/08 18:01:11</time>
    <width>352</width>
    <height>240</height>
    <weather>1</weather>
    <facing>1</facing>
    <flow>2</flow>
    <vehicle>
        <id>1</id>
        <bndbox>
            <xmax>336</xmax>
            <xmin>263</xmin>
            <ymax>239</ymax>
            <ymin>222</ymin>
        </bndbox>
        <type>2</type>
        <direction>8</direction>
        <previous>2</previous>
    </vehicle>
    <vehicle>
        <id>2</id>
        <bndbox>
            <xmax>179</xmax>
            <xmin>137</xmin>
            <ymax>189</ymax>
            <ymin>166</ymin>
        </bndbox>
        <type>3</type>
        <direction>8</direction>
        <previous>3</previous>
    </vehicle>
    <vehicle>
        <id>3</id>
        <bndbox>
            <xmax>31</xmax>
            <xmin>24</xmin>
            <ymax>127</ymax>
            <ymin>123</ymin>
        </bndbox>
        <type>2</type>
        <direction>8</direction>
        <previous>0</previous>
    </vehicle>
    <vehicle>
        <id>4</id>
        <bndbox>
            <xmax>134</xmax>
            <xmin>113</xmin>
            <ymax>147</ymax>
            <ymin>138</ymin>
        </bndbox>
        <type>2</type>
        <direction>5</direction>
        <previous>4</previous>
    </vehicle>
    <vehicle>
        <id>5</id>
        <bndbox>
            <xmax>96</xmax>
            <xmin>85</xmin>
            <ymax>135</ymax>
            <ymin>129</ymin>
        </bndbox>
        <type>2</type>
        <direction>5</direction>
        <previous>5</previous>
    </vehicle>
    <vehicle>
        <id>6</id>
        <bndbox>
            <xmax>78</xmax>
            <xmin>69</xmin>
            <ymax>127</ymax>
            <ymin>121</ymin>
        </bndbox>
        <type>2</type>
        <direction>5</direction>
        <previous>6</previous>
    </vehicle>
    <vehicle>
        <id>7</id>
        <bndbox>
            <xmax>186</xmax>
            <xmin>161</xmin>
            <ymax>152</ymax>
            <ymin>141</ymin>
        </bndbox>
        <type>3</type>
        <direction>5</direction>
        <previous>7</previous>
    </vehicle>
    <vehicle>
        <id>8</id>
        <bndbox>
            <xmax>114</xmax>
            <xmin>102</xmin>
            <ymax>133</ymax>
            <ymin>125</ymin>
        </bndbox>
        <type>3</type>
        <direction>5</direction>
        <previous>9</previous>
    </vehicle>
    <vehicle>
        <id>9</id>
        <bndbox>
            <xmax>151</xmax>
            <xmin>137</xmin>
            <ymax>139</ymax>
            <ymin>131</ymin>
        </bndbox>
        <type>2</type>
        <direction>5</direction>
        <previous>8</previous>
    </vehicle>
</annotation>
