<annotation>
    <video>[Cam253]-2016_5_8_18h_150f.avi</video>
    <frame>000035</frame>
    <time>2016/05/08 18:01:00</time>
    <width>352</width>
    <height>240</height>
    <weather>1</weather>
    <facing>1</facing>
    <flow>2</flow>
    <vehicle>
        <id>1</id>
        <bndbox>
            <xmax>124</xmax>
            <xmin>93</xmin>
            <ymax>187</ymax>
            <ymin>166</ymin>
        </bndbox>
        <type>3</type>
        <direction>8</direction>
        <previous>3</previous>
    </vehicle>
    <vehicle>
        <id>2</id>
        <bndbox>
            <xmax>55</xmax>
            <xmin>45</xmin>
            <ymax>137</ymax>
            <ymin>132</ymin>
        </bndbox>
        <type>3</type>
        <direction>8</direction>
        <previous>4</previous>
    </vehicle>
    <vehicle>
        <id>3</id>
        <bndbox>
            <xmax>351</xmax>
            <xmin>274</xmin>
            <ymax>216</ymax>
            <ymin>181</ymin>
        </bndbox>
        <type>2</type>
        <direction>5</direction>
        <previous>0</previous>
    </vehicle>
    <vehicle>
        <id>4</id>
        <bndbox>
            <xmax>118</xmax>
            <xmin>103</xmin>
            <ymax>141</ymax>
            <ymin>132</ymin>
        </bndbox>
        <type>1</type>
        <direction>5</direction>
        <previous>5</previous>
    </vehicle>
    <vehicle>
        <id>5</id>
        <bndbox>
            <xmax>89</xmax>
            <xmin>80</xmin>
            <ymax>132</ymax>
            <ymin>125</ymin>
        </bndbox>
        <type>3</type>
        <direction>5</direction>
        <previous>6</previous>
    </vehicle>
    <vehicle>
        <id>6</id>
        <bndbox>
            <xmax>234</xmax>
            <xmin>200</xmin>
            <ymax>166</ymax>
            <ymin>150</ymin>
        </bndbox>
        <type>2</type>
        <direction>5</direction>
        <previous>0</previous>
    </vehicle>
    <vehicle>
        <id>7</id>
        <bndbox>
            <xmax>129</xmax>
            <xmin>118</xmin>
            <ymax>137</ymax>
            <ymin>130</ymin>
        </bndbox>
        <type>3</type>
        <direction>5</direction>
        <previous>8</previous>
    </vehicle>
    <vehicle>
        <id>8</id>
        <bndbox>
            <xmax>106</xmax>
            <xmin>95</xmin>
            <ymax>130</ymax>
            <ymin>125</ymin>
        </bndbox>
        <type>2</type>
        <direction>5</direction>
        <previous>9</previous>
    </vehicle>
    <vehicle>
        <id>9</id>
        <bndbox>
            <xmax>79</xmax>
            <xmin>72</xmin>
            <ymax>123</ymax>
            <ymin>119</ymin>
        </bndbox>
        <type>3</type>
        <direction>5</direction>
        <previous>10</previous>
    </vehicle>
</annotation>
