<annotation>
    <video>[Cam253]-2016_5_8_18h_150f.avi</video>
    <frame>000148</frame>
    <time>2016/05/08 18:03:05</time>
    <width>352</width>
    <height>240</height>
    <weather>1</weather>
    <facing>1</facing>
    <flow>2</flow>
    <vehicle>
        <id>1</id>
        <bndbox>
            <xmax>70</xmax>
            <xmin>48</xmin>
            <ymax>173</ymax>
            <ymin>155</ymin>
        </bndbox>
        <type>1</type>
        <direction>8</direction>
        <previous>1</previous>
    </vehicle>
    <vehicle>
        <id>2</id>
        <bndbox>
            <xmax>45</xmax>
            <xmin>34</xmin>
            <ymax>146</ymax>
            <ymin>138</ymin>
        </bndbox>
        <type>3</type>
        <direction>8</direction>
        <previous>2</previous>
    </vehicle>
    <vehicle>
        <id>3</id>
        <bndbox>
            <xmax>39</xmax>
            <xmin>29</xmin>
            <ymax>138</ymax>
            <ymin>133</ymin>
        </bndbox>
        <type>2</type>
        <direction>8</direction>
        <previous>3</previous>
    </vehicle>
    <vehicle>
        <id>4</id>
        <bndbox>
            <xmax>29</xmax>
            <xmin>23</xmin>
            <ymax>126</ymax>
            <ymin>122</ymin>
        </bndbox>
        <type>3</type>
        <direction>8</direction>
        <previous>0</previous>
    </vehicle>
    <vehicle>
        <id>5</id>
        <bndbox>
            <xmax>225</xmax>
            <xmin>151</xmin>
            <ymax>239</ymax>
            <ymin>195</ymin>
        </bndbox>
        <type>2</type>
        <direction>8</direction>
        <previous>5</previous>
    </vehicle>
    <vehicle>
        <id>6</id>
        <bndbox>
            <xmax>70</xmax>
            <xmin>55</xmin>
            <ymax>147</ymax>
            <ymin>139</ymin>
        </bndbox>
        <type>2</type>
        <direction>8</direction>
        <previous>6</previous>
    </vehicle>
    <vehicle>
        <id>7</id>
        <bndbox>
            <xmax>53</xmax>
            <xmin>44</xmin>
            <ymax>136</ymax>
            <ymin>130</ymin>
        </bndbox>
        <type>2</type>
        <direction>8</direction>
        <previous>7</previous>
    </vehicle>
    <vehicle>
        <id>8</id>
        <bndbox>
            <xmax>120</xmax>
            <xmin>96</xmin>
            <ymax>157</ymax>
            <ymin>141</ymin>
        </bndbox>
        <type>3</type>
        <direction>8</direction>
        <previous>9</previous>
    </vehicle>
    <vehicle>
        <id>9</id>
        <bndbox>
            <xmax>64</xmax>
            <xmin>56</xmin>
            <ymax>133</ymax>
            <ymin>126</ymin>
        </bndbox>
        <type>1</type>
        <direction>8</direction>
        <previous>10</previous>
    </vehicle>
    <vehicle>
        <id>10</id>
        <bndbox>
            <xmax>51</xmax>
            <xmin>46</xmin>
            <ymax>125</ymax>
            <ymin>120</ymin>
        </bndbox>
        <type>3</type>
        <direction>5</direction>
        <previous>0</previous>
    </vehicle>
    <vehicle>
        <id>11</id>
        <bndbox>
            <xmax>192</xmax>
            <xmin>161</xmin>
            <ymax>167</ymax>
            <ymin>154</ymin>
        </bndbox>
        <type>1</type>
        <direction>5</direction>
        <previous>0</previous>
    </vehicle>
    <vehicle>
        <id>12</id>
        <bndbox>
            <xmax>79</xmax>
            <xmin>73</xmin>
            <ymax>129</ymax>
            <ymin>123</ymin>
        </bndbox>
        <type>2</type>
        <direction>5</direction>
        <previous>11</previous>
    </vehicle>
    <vehicle>
        <id>13</id>
        <bndbox>
            <xmax>126</xmax>
            <xmin>111</xmin>
            <ymax>137</ymax>
            <ymin>129</ymin>
        </bndbox>
        <type>3</type>
        <direction>5</direction>
        <previous>13</previous>
    </vehicle>
    <vehicle>
        <id>14</id>
        <bndbox>
            <xmax>64</xmax>
            <xmin>59</xmin>
            <ymax>120</ymax>
            <ymin>114</ymin>
        </bndbox>
        <type>3</type>
        <direction>5</direction>
        <previous>14</previous>
    </vehicle>
</annotation>
