<annotation>
    <video>[Cam253]-2016_5_8_18h_150f.avi</video>
    <frame>000107</frame>
    <time>2016/05/08 18:02:19</time>
    <width>352</width>
    <height>240</height>
    <weather>1</weather>
    <facing>1</facing>
    <flow>2</flow>
    <vehicle>
        <id>1</id>
        <bndbox>
            <xmax>40</xmax>
            <xmin>30</xmin>
            <ymax>137</ymax>
            <ymin>129</ymin>
        </bndbox>
        <type>3</type>
        <direction>8</direction>
        <previous>1</previous>
    </vehicle>
    <vehicle>
        <id>2</id>
        <bndbox>
            <xmax>257</xmax>
            <xmin>194</xmin>
            <ymax>239</ymax>
            <ymin>220</ymin>
        </bndbox>
        <type>3</type>
        <direction>8</direction>
        <previous>2</previous>
    </vehicle>
    <vehicle>
        <id>3</id>
        <bndbox>
            <xmax>74</xmax>
            <xmin>56</xmin>
            <ymax>150</ymax>
            <ymin>138</ymin>
        </bndbox>
        <type>2</type>
        <direction>8</direction>
        <previous>3</previous>
    </vehicle>
    <vehicle>
        <id>4</id>
        <bndbox>
            <xmax>115</xmax>
            <xmin>91</xmin>
            <ymax>160</ymax>
            <ymin>143</ymin>
        </bndbox>
        <type>3</type>
        <direction>8</direction>
        <previous>4</previous>
    </vehicle>
    <vehicle>
        <id>5</id>
        <bndbox>
            <xmax>68</xmax>
            <xmin>58</xmin>
            <ymax>133</ymax>
            <ymin>128</ymin>
        </bndbox>
        <type>3</type>
        <direction>8</direction>
        <previous>5</previous>
    </vehicle>
    <vehicle>
        <id>6</id>
        <bndbox>
            <xmax>127</xmax>
            <xmin>111</xmin>
            <ymax>142</ymax>
            <ymin>133</ymin>
        </bndbox>
        <type>1</type>
        <direction>5</direction>
        <previous>6</previous>
    </vehicle>
    <vehicle>
        <id>7</id>
        <bndbox>
            <xmax>78</xmax>
            <xmin>71</xmin>
            <ymax>127</ymax>
            <ymin>122</ymin>
        </bndbox>
        <type>3</type>
        <direction>5</direction>
        <previous>7</previous>
    </vehicle>
    <vehicle>
        <id>8</id>
        <bndbox>
            <xmax>251</xmax>
            <xmin>211</xmin>
            <ymax>172</ymax>
            <ymin>153</ymin>
        </bndbox>
        <type>3</type>
        <direction>5</direction>
        <previous>0</previous>
    </vehicle>
    <vehicle>
        <id>9</id>
        <bndbox>
            <xmax>64</xmax>
            <xmin>56</xmin>
            <ymax>121</ymax>
            <ymin>115</ymin>
        </bndbox>
        <type>2</type>
        <direction>5</direction>
        <previous>11</previous>
    </vehicle>
    <vehicle>
        <id>10</id>
        <bndbox>
            <xmax>196</xmax>
            <xmin>174</xmin>
            <ymax>147</ymax>
            <ymin>135</ymin>
        </bndbox>
        <type>2</type>
        <direction>5</direction>
        <previous>8</previous>
    </vehicle>
    <vehicle>
        <id>11</id>
        <bndbox>
            <xmax>141</xmax>
            <xmin>128</xmin>
            <ymax>135</ymax>
            <ymin>128</ymin>
        </bndbox>
        <type>3</type>
        <direction>5</direction>
        <previous>9</previous>
    </vehicle>
    <vehicle>
        <id>12</id>
        <bndbox>
            <xmax>95</xmax>
            <xmin>85</xmin>
            <ymax>123</ymax>
            <ymin>119</ymin>
        </bndbox>
        <type>2</type>
        <direction>5</direction>
        <previous>10</previous>
    </vehicle>
</annotation>
