<annotation>
    <video>[Cam253]-2016_5_8_18h_150f.avi</video>
    <frame>000149</frame>
    <time>2016/05/08 18:03:06</time>
    <width>352</width>
    <height>240</height>
    <weather>1</weather>
    <facing>1</facing>
    <flow>2</flow>
    <vehicle>
        <id>1</id>
        <bndbox>
            <xmax>154</xmax>
            <xmin>102</xmin>
            <ymax>239</ymax>
            <ymin>223</ymin>
        </bndbox>
        <type>1</type>
        <direction>8</direction>
        <previous>1</previous>
    </vehicle>
    <vehicle>
        <id>2</id>
        <bndbox>
            <xmax>72</xmax>
            <xmin>49</xmin>
            <ymax>173</ymax>
            <ymin>159</ymin>
        </bndbox>
        <type>3</type>
        <direction>8</direction>
        <previous>2</previous>
    </vehicle>
    <vehicle>
        <id>3</id>
        <bndbox>
            <xmax>56</xmax>
            <xmin>40</xmin>
            <ymax>158</ymax>
            <ymin>147</ymin>
        </bndbox>
        <type>2</type>
        <direction>8</direction>
        <previous>3</previous>
    </vehicle>
    <vehicle>
        <id>4</id>
        <bndbox>
            <xmax>37</xmax>
            <xmin>27</xmin>
            <ymax>133</ymax>
            <ymin>126</ymin>
        </bndbox>
        <type>3</type>
        <direction>8</direction>
        <previous>4</previous>
    </vehicle>
    <vehicle>
        <id>5</id>
        <bndbox>
            <xmax>113</xmax>
            <xmin>87</xmin>
            <ymax>177</ymax>
            <ymin>161</ymin>
        </bndbox>
        <type>2</type>
        <direction>8</direction>
        <previous>6</previous>
    </vehicle>
    <vehicle>
        <id>6</id>
        <bndbox>
            <xmax>72</xmax>
            <xmin>58</xmin>
            <ymax>150</ymax>
            <ymin>141</ymin>
        </bndbox>
        <type>2</type>
        <direction>8</direction>
        <previous>7</previous>
    </vehicle>
    <vehicle>
        <id>7</id>
        <bndbox>
            <xmax>294</xmax>
            <xmin>215</xmin>
            <ymax>239</ymax>
            <ymin>190</ymin>
        </bndbox>
        <type>3</type>
        <direction>8</direction>
        <previous>8</previous>
    </vehicle>
    <vehicle>
        <id>8</id>
        <bndbox>
            <xmax>92</xmax>
            <xmin>77</xmin>
            <ymax>146</ymax>
            <ymin>137</ymin>
        </bndbox>
        <type>1</type>
        <direction>8</direction>
        <previous>9</previous>
    </vehicle>
    <vehicle>
        <id>9</id>
        <bndbox>
            <xmax>63</xmax>
            <xmin>56</xmin>
            <ymax>131</ymax>
            <ymin>126</ymin>
        </bndbox>
        <type>3</type>
        <direction>5</direction>
        <previous>10</previous>
    </vehicle>
    <vehicle>
        <id>10</id>
        <bndbox>
            <xmax>114</xmax>
            <xmin>99</xmin>
            <ymax>141</ymax>
            <ymin>134</ymin>
        </bndbox>
        <type>1</type>
        <direction>5</direction>
        <previous>11</previous>
    </vehicle>
    <vehicle>
        <id>11</id>
        <bndbox>
            <xmax>64</xmax>
            <xmin>57</xmin>
            <ymax>122</ymax>
            <ymin>118</ymin>
        </bndbox>
        <type>2</type>
        <direction>5</direction>
        <previous>12</previous>
    </vehicle>
    <vehicle>
        <id>12</id>
        <bndbox>
            <xmax>318</xmax>
            <xmin>257</xmin>
            <ymax>189</ymax>
            <ymin>164</ymin>
        </bndbox>
        <type>3</type>
        <direction>5</direction>
        <previous>0</previous>
    </vehicle>
    <vehicle>
        <id>13</id>
        <bndbox>
            <xmax>96</xmax>
            <xmin>86</xmin>
            <ymax>128</ymax>
            <ymin>122</ymin>
        </bndbox>
        <type>3</type>
        <direction>5</direction>
        <previous>13</previous>
    </vehicle>
</annotation>
