<annotation>
    <video>[Cam253]-2016_5_8_18h_150f.avi</video>
    <frame>000138</frame>
    <time>2016/05/08 18:02:53</time>
    <width>352</width>
    <height>240</height>
    <weather>1</weather>
    <facing>1</facing>
    <flow>2</flow>
    <vehicle>
        <id>1</id>
        <bndbox>
            <xmax>103</xmax>
            <xmin>67</xmin>
            <ymax>210</ymax>
            <ymin>181</ymin>
        </bndbox>
        <type>3</type>
        <direction>8</direction>
        <previous>1</previous>
    </vehicle>
    <vehicle>
        <id>2</id>
        <bndbox>
            <xmax>167</xmax>
            <xmin>119</xmin>
            <ymax>216</ymax>
            <ymin>182</ymin>
        </bndbox>
        <type>2</type>
        <direction>8</direction>
        <previous>3</previous>
    </vehicle>
    <vehicle>
        <id>3</id>
        <bndbox>
            <xmax>162</xmax>
            <xmin>127</xmin>
            <ymax>183</ymax>
            <ymin>164</ymin>
        </bndbox>
        <type>2</type>
        <direction>8</direction>
        <previous>5</previous>
    </vehicle>
    <vehicle>
        <id>4</id>
        <bndbox>
            <xmax>262</xmax>
            <xmin>211</xmin>
            <ymax>184</ymax>
            <ymin>164</ymin>
        </bndbox>
        <type>3</type>
        <direction>5</direction>
        <previous>0</previous>
    </vehicle>
    <vehicle>
        <id>5</id>
        <bndbox>
            <xmax>145</xmax>
            <xmin>124</xmin>
            <ymax>149</ymax>
            <ymin>137</ymin>
        </bndbox>
        <type>2</type>
        <direction>5</direction>
        <previous>6</previous>
    </vehicle>
    <vehicle>
        <id>6</id>
        <bndbox>
            <xmax>221</xmax>
            <xmin>189</xmin>
            <ymax>161</ymax>
            <ymin>144</ymin>
        </bndbox>
        <type>3</type>
        <direction>5</direction>
        <previous>0</previous>
    </vehicle>
    <vehicle>
        <id>7</id>
        <bndbox>
            <xmax>94</xmax>
            <xmin>85</xmin>
            <ymax>128</ymax>
            <ymin>121</ymin>
        </bndbox>
        <type>2</type>
        <direction>5</direction>
        <previous>7</previous>
    </vehicle>
    <vehicle>
        <id>8</id>
        <bndbox>
            <xmax>73</xmax>
            <xmin>66</xmin>
            <ymax>120</ymax>
            <ymin>117</ymin>
        </bndbox>
        <type>3</type>
        <direction>5</direction>
        <previous>8</previous>
    </vehicle>
    <vehicle>
        <id>9</id>
        <bndbox>
            <xmax>139</xmax>
            <xmin>126</xmin>
            <ymax>134</ymax>
            <ymin>126</ymin>
        </bndbox>
        <type>2</type>
        <direction>5</direction>
        <previous>10</previous>
    </vehicle>
</annotation>
