<annotation>
    <video>[Cam253]-2016_5_8_18h_150f.avi</video>
    <frame>000142</frame>
    <time>2016/05/08 18:02:57</time>
    <width>352</width>
    <height>240</height>
    <weather>1</weather>
    <facing>1</facing>
    <flow>2</flow>
    <vehicle>
        <id>1</id>
        <bndbox>
            <xmax>34</xmax>
            <xmin>27</xmin>
            <ymax>130</ymax>
            <ymin>126</ymin>
        </bndbox>
        <type>1</type>
        <direction>8</direction>
        <previous>1</previous>
    </vehicle>
    <vehicle>
        <id>2</id>
        <bndbox>
            <xmax>62</xmax>
            <xmin>51</xmin>
            <ymax>141</ymax>
            <ymin>134</ymin>
        </bndbox>
        <type>3</type>
        <direction>8</direction>
        <previous>2</previous>
    </vehicle>
    <vehicle>
        <id>3</id>
        <bndbox>
            <xmax>176</xmax>
            <xmin>137</xmin>
            <ymax>188</ymax>
            <ymin>161</ymin>
        </bndbox>
        <type>2</type>
        <direction>8</direction>
        <previous>3</previous>
    </vehicle>
    <vehicle>
        <id>4</id>
        <bndbox>
            <xmax>51</xmax>
            <xmin>46</xmin>
            <ymax>125</ymax>
            <ymin>120</ymin>
        </bndbox>
        <type>2</type>
        <direction>8</direction>
        <previous>0</previous>
    </vehicle>
    <vehicle>
        <id>5</id>
        <bndbox>
            <xmax>79</xmax>
            <xmin>70</xmin>
            <ymax>129</ymax>
            <ymin>123</ymin>
        </bndbox>
        <type>2</type>
        <direction>5</direction>
        <previous>4</previous>
    </vehicle>
    <vehicle>
        <id>6</id>
        <bndbox>
            <xmax>65</xmax>
            <xmin>60</xmin>
            <ymax>123</ymax>
            <ymin>119</ymin>
        </bndbox>
        <type>3</type>
        <direction>5</direction>
        <previous>5</previous>
    </vehicle>
    <vehicle>
        <id>7</id>
        <bndbox>
            <xmax>170</xmax>
            <xmin>148</xmin>
            <ymax>149</ymax>
            <ymin>136</ymin>
        </bndbox>
        <type>3</type>
        <direction>5</direction>
        <previous>7</previous>
    </vehicle>
    <vehicle>
        <id>8</id>
        <bndbox>
            <xmax>98</xmax>
            <xmin>89</xmin>
            <ymax>129</ymax>
            <ymin>124</ymin>
        </bndbox>
        <type>3</type>
        <direction>5</direction>
        <previous>8</previous>
    </vehicle>
    <vehicle>
        <id>9</id>
        <bndbox>
            <xmax>72</xmax>
            <xmin>66</xmin>
            <ymax>122</ymax>
            <ymin>117</ymin>
        </bndbox>
        <type>3</type>
        <direction>5</direction>
        <previous>9</previous>
    </vehicle>
</annotation>
