<annotation>
    <video>[Cam253]-2016_4_29_15h_150f.avi</video>
    <frame>000023</frame>
    <time>2016/04/29 15:00:48</time>
    <width>352</width>
    <height>240</height>
    <weather>2</weather>
    <facing>1</facing>
    <flow>2</flow>
    <vehicle>
        <id>1</id>
        <bndbox>
            <xmax>92</xmax>
            <xmin>71</xmin>
            <ymax>158</ymax>
            <ymin>137</ymin>
        </bndbox>
        <type>1</type>
        <direction>8</direction>
        <previous>1</previous>
    </vehicle>
    <vehicle>
        <id>2</id>
        <bndbox>
            <xmax>287</xmax>
            <xmin>207</xmin>
            <ymax>240</ymax>
            <ymin>209</ymin>
        </bndbox>
        <type>2</type>
        <direction>8</direction>
        <previous>2</previous>
    </vehicle>
    <vehicle>
        <id>3</id>
        <bndbox>
            <xmax>82</xmax>
            <xmin>70</xmin>
            <ymax>126</ymax>
            <ymin>118</ymin>
        </bndbox>
        <type>3</type>
        <direction>8</direction>
        <previous>3</previous>
    </vehicle>
    <vehicle>
        <id>4</id>
        <bndbox>
            <xmax>85</xmax>
            <xmin>76</xmin>
            <ymax>117</ymax>
            <ymin>111</ymin>
        </bndbox>
        <type>3</type>
        <direction>8</direction>
        <previous>4</previous>
    </vehicle>
    <vehicle>
        <id>5</id>
        <bndbox>
            <xmax>66</xmax>
            <xmin>63</xmin>
            <ymax>107</ymax>
            <ymin>106</ymin>
        </bndbox>
        <type>2</type>
        <direction>8</direction>
        <previous>0</previous>
    </vehicle>
    <vehicle>
        <id>6</id>
        <bndbox>
            <xmax>137</xmax>
            <xmin>123</xmin>
            <ymax>120</ymax>
            <ymin>110</ymin>
        </bndbox>
        <type>3</type>
        <direction>5</direction>
        <previous>5</previous>
    </vehicle>
    <vehicle>
        <id>7</id>
        <bndbox>
            <xmax>90</xmax>
            <xmin>83</xmin>
            <ymax>106</ymax>
            <ymin>103</ymin>
        </bndbox>
        <type>7</type>
        <direction>5</direction>
        <previous>6</previous>
    </vehicle>
</annotation>
