<annotation>
    <video>[Cam253]-2016_4_29_15h_150f.avi</video>
    <frame>000054</frame>
    <time>2016/04/29 15:01:21</time>
    <width>352</width>
    <height>240</height>
    <weather>2</weather>
    <facing>1</facing>
    <flow>2</flow>
    <vehicle>
        <id>1</id>
        <bndbox>
            <xmax>55</xmax>
            <xmin>49</xmin>
            <ymax>117</ymax>
            <ymin>114</ymin>
        </bndbox>
        <type>1</type>
        <direction>8</direction>
        <previous>1</previous>
    </vehicle>
    <vehicle>
        <id>2</id>
        <bndbox>
            <xmax>49</xmax>
            <xmin>47</xmin>
            <ymax>111</ymax>
            <ymin>109</ymin>
        </bndbox>
        <type>2</type>
        <direction>8</direction>
        <previous>0</previous>
    </vehicle>
    <vehicle>
        <id>3</id>
        <bndbox>
            <xmax>121</xmax>
            <xmin>95</xmin>
            <ymax>159</ymax>
            <ymin>140</ymin>
        </bndbox>
        <type>3</type>
        <direction>8</direction>
        <previous>2</previous>
    </vehicle>
    <vehicle>
        <id>4</id>
        <bndbox>
            <xmax>68</xmax>
            <xmin>59</xmin>
            <ymax>116</ymax>
            <ymin>112</ymin>
        </bndbox>
        <type>3</type>
        <direction>8</direction>
        <previous>3</previous>
    </vehicle>
    <vehicle>
        <id>5</id>
        <bndbox>
            <xmax>60</xmax>
            <xmin>54</xmin>
            <ymax>110</ymax>
            <ymin>107</ymin>
        </bndbox>
        <type>2</type>
        <direction>8</direction>
        <previous>0</previous>
    </vehicle>
    <vehicle>
        <id>6</id>
        <bndbox>
            <xmax>80</xmax>
            <xmin>72</xmin>
            <ymax>113</ymax>
            <ymin>111</ymin>
        </bndbox>
        <type>3</type>
        <direction>8</direction>
        <previous>4</previous>
    </vehicle>
    <vehicle>
        <id>7</id>
        <bndbox>
            <xmax>352</xmax>
            <xmin>314</xmin>
            <ymax>212</ymax>
            <ymin>176</ymin>
        </bndbox>
        <type>2</type>
        <direction>5</direction>
        <previous>0</previous>
    </vehicle>
    <vehicle>
        <id>8</id>
        <bndbox>
            <xmax>93</xmax>
            <xmin>84</xmin>
            <ymax>109</ymax>
            <ymin>104</ymin>
        </bndbox>
        <type>2</type>
        <direction>5</direction>
        <previous>5</previous>
    </vehicle>
    <vehicle>
        <id>9</id>
        <bndbox>
            <xmax>219</xmax>
            <xmin>190</xmin>
            <ymax>143</ymax>
            <ymin>127</ymin>
        </bndbox>
        <type>2</type>
        <direction>5</direction>
        <previous>7</previous>
    </vehicle>
    <vehicle>
        <id>10</id>
        <bndbox>
            <xmax>106</xmax>
            <xmin>99</xmin>
            <ymax>111</ymax>
            <ymin>106</ymin>
        </bndbox>
        <type>3</type>
        <direction>5</direction>
        <previous>8</previous>
    </vehicle>
</annotation>
