<annotation>
    <video>[Cam253]-2016_4_29_15h_150f.avi</video>
    <frame>000021</frame>
    <time>2016/04/29 15:00:45</time>
    <width>352</width>
    <height>240</height>
    <weather>2</weather>
    <facing>1</facing>
    <flow>2</flow>
    <vehicle>
        <id>1</id>
        <bndbox>
            <xmax>57</xmax>
            <xmin>49</xmin>
            <ymax>117</ymax>
            <ymin>111</ymin>
        </bndbox>
        <type>1</type>
        <direction>8</direction>
        <previous>1</previous>
    </vehicle>
    <vehicle>
        <id>2</id>
        <bndbox>
            <xmax>299</xmax>
            <xmin>217</xmin>
            <ymax>240</ymax>
            <ymin>216</ymin>
        </bndbox>
        <type>3</type>
        <direction>8</direction>
        <previous>2</previous>
    </vehicle>
    <vehicle>
        <id>3</id>
        <bndbox>
            <xmax>84</xmax>
            <xmin>71</xmin>
            <ymax>128</ymax>
            <ymin>119</ymin>
        </bndbox>
        <type>2</type>
        <direction>8</direction>
        <previous>3</previous>
    </vehicle>
    <vehicle>
        <id>4</id>
        <bndbox>
            <xmax>61</xmax>
            <xmin>54</xmin>
            <ymax>110</ymax>
            <ymin>108</ymin>
        </bndbox>
        <type>3</type>
        <direction>8</direction>
        <previous>4</previous>
    </vehicle>
    <vehicle>
        <id>5</id>
        <bndbox>
            <xmax>82</xmax>
            <xmin>76</xmin>
            <ymax>107</ymax>
            <ymin>104</ymin>
        </bndbox>
        <type>2</type>
        <direction>5</direction>
        <previous>5</previous>
    </vehicle>
    <vehicle>
        <id>6</id>
        <bndbox>
            <xmax>306</xmax>
            <xmin>258</xmin>
            <ymax>167</ymax>
            <ymin>142</ymin>
        </bndbox>
        <type>3</type>
        <direction>5</direction>
        <previous>0</previous>
    </vehicle>
    <vehicle>
        <id>7</id>
        <bndbox>
            <xmax>129</xmax>
            <xmin>114</xmin>
            <ymax>118</ymax>
            <ymin>109</ymin>
        </bndbox>
        <type>7</type>
        <direction>5</direction>
        <previous>6</previous>
    </vehicle>
    <vehicle>
        <id>8</id>
        <bndbox>
            <xmax>109</xmax>
            <xmin>100</xmin>
            <ymax>109</ymax>
            <ymin>105</ymin>
        </bndbox>
        <type>4</type>
        <direction>5</direction>
        <previous>7</previous>
    </vehicle>
    <vehicle>
        <id>9</id>
        <bndbox>
            <xmax>87</xmax>
            <xmin>85</xmin>
            <ymax>106</ymax>
            <ymin>103</ymin>
        </bndbox>
        <type>2</type>
        <direction>5</direction>
        <previous>8</previous>
    </vehicle>
</annotation>
