<annotation>
    <video>[Cam253]-2016_4_29_15h_150f.avi</video>
    <frame>000020</frame>
    <time>2016/04/29 15:00:44</time>
    <width>352</width>
    <height>240</height>
    <weather>2</weather>
    <facing>1</facing>
    <flow>2</flow>
    <vehicle>
        <id>1</id>
        <bndbox>
            <xmax>51</xmax>
            <xmin>46</xmin>
            <ymax>111</ymax>
            <ymin>108</ymin>
        </bndbox>
        <type>1</type>
        <direction>8</direction>
        <previous>0</previous>
    </vehicle>
    <vehicle>
        <id>2</id>
        <bndbox>
            <xmax>127</xmax>
            <xmin>101</xmin>
            <ymax>157</ymax>
            <ymin>139</ymin>
        </bndbox>
        <type>3</type>
        <direction>8</direction>
        <previous>1</previous>
    </vehicle>
    <vehicle>
        <id>3</id>
        <bndbox>
            <xmax>70</xmax>
            <xmin>61</xmin>
            <ymax>118</ymax>
            <ymin>112</ymin>
        </bndbox>
        <type>2</type>
        <direction>8</direction>
        <previous>2</previous>
    </vehicle>
    <vehicle>
        <id>4</id>
        <bndbox>
            <xmax>55</xmax>
            <xmin>52</xmin>
            <ymax>108</ymax>
            <ymin>105</ymin>
        </bndbox>
        <type>3</type>
        <direction>8</direction>
        <previous>0</previous>
    </vehicle>
    <vehicle>
        <id>5</id>
        <bndbox>
            <xmax>96</xmax>
            <xmin>89</xmin>
            <ymax>112</ymax>
            <ymin>108</ymin>
        </bndbox>
        <type>2</type>
        <direction>5</direction>
        <previous>3</previous>
    </vehicle>
    <vehicle>
        <id>6</id>
        <bndbox>
            <xmax>177</xmax>
            <xmin>152</xmin>
            <ymax>132</ymax>
            <ymin>117</ymin>
        </bndbox>
        <type>7</type>
        <direction>5</direction>
        <previous>5</previous>
    </vehicle>
    <vehicle>
        <id>7</id>
        <bndbox>
            <xmax>129</xmax>
            <xmin>116</xmin>
            <ymax>115</ymax>
            <ymin>108</ymin>
        </bndbox>
        <type>4</type>
        <direction>5</direction>
        <previous>6</previous>
    </vehicle>
    <vehicle>
        <id>8</id>
        <bndbox>
            <xmax>100</xmax>
            <xmin>95</xmin>
            <ymax>107</ymax>
            <ymin>106</ymin>
        </bndbox>
        <type>2</type>
        <direction>5</direction>
        <previous>7</previous>
    </vehicle>
</annotation>
