<annotation>
    <video>[Cam253]-2016_4_29_15h_150f.avi</video>
    <frame>000075</frame>
    <time>2016/04/29 15:01:44</time>
    <width>352</width>
    <height>240</height>
    <weather>2</weather>
    <facing>1</facing>
    <flow>2</flow>
    <vehicle>
        <id>1</id>
        <bndbox>
            <xmax>49</xmax>
            <xmin>44</xmin>
            <ymax>108</ymax>
            <ymin>106</ymin>
        </bndbox>
        <type>2</type>
        <direction>8</direction>
        <previous>0</previous>
    </vehicle>
    <vehicle>
        <id>2</id>
        <bndbox>
            <xmax>80</xmax>
            <xmin>68</xmin>
            <ymax>124</ymax>
            <ymin>117</ymin>
        </bndbox>
        <type>2</type>
        <direction>8</direction>
        <previous>1</previous>
    </vehicle>
    <vehicle>
        <id>3</id>
        <bndbox>
            <xmax>60</xmax>
            <xmin>55</xmin>
            <ymax>109</ymax>
            <ymin>107</ymin>
        </bndbox>
        <type>3</type>
        <direction>8</direction>
        <previous>0</previous>
    </vehicle>
    <vehicle>
        <id>4</id>
        <bndbox>
            <xmax>88</xmax>
            <xmin>79</xmin>
            <ymax>119</ymax>
            <ymin>115</ymin>
        </bndbox>
        <type>3</type>
        <direction>8</direction>
        <previous>0</previous>
    </vehicle>
    <vehicle>
        <id>5</id>
        <bndbox>
            <xmax>72</xmax>
            <xmin>67</xmin>
            <ymax>110</ymax>
            <ymin>107</ymin>
        </bndbox>
        <type>2</type>
        <direction>8</direction>
        <previous>0</previous>
    </vehicle>
    <vehicle>
        <id>6</id>
        <bndbox>
            <xmax>65</xmax>
            <xmin>63</xmin>
            <ymax>106</ymax>
            <ymin>105</ymin>
        </bndbox>
        <type>2</type>
        <direction>8</direction>
        <previous>0</previous>
    </vehicle>
    <vehicle>
        <id>7</id>
        <bndbox>
            <xmax>352</xmax>
            <xmin>308</xmin>
            <ymax>210</ymax>
            <ymin>181</ymin>
        </bndbox>
        <type>3</type>
        <direction>5</direction>
        <previous>0</previous>
    </vehicle>
    <vehicle>
        <id>8</id>
        <bndbox>
            <xmax>246</xmax>
            <xmin>205</xmin>
            <ymax>163</ymax>
            <ymin>144</ymin>
        </bndbox>
        <type>2</type>
        <direction>5</direction>
        <previous>0</previous>
    </vehicle>
    <vehicle>
        <id>9</id>
        <bndbox>
            <xmax>117</xmax>
            <xmin>103</xmin>
            <ymax>118</ymax>
            <ymin>111</ymin>
        </bndbox>
        <type>3</type>
        <direction>5</direction>
        <previous>2</previous>
    </vehicle>
    <vehicle>
        <id>10</id>
        <bndbox>
            <xmax>97</xmax>
            <xmin>89</xmin>
            <ymax>112</ymax>
            <ymin>107</ymin>
        </bndbox>
        <type>7</type>
        <direction>5</direction>
        <previous>3</previous>
    </vehicle>
    <vehicle>
        <id>11</id>
        <bndbox>
            <xmax>82</xmax>
            <xmin>78</xmin>
            <ymax>107</ymax>
            <ymin>103</ymin>
        </bndbox>
        <type>3</type>
        <direction>5</direction>
        <previous>4</previous>
    </vehicle>
    <vehicle>
        <id>12</id>
        <bndbox>
            <xmax>352</xmax>
            <xmin>321</xmin>
            <ymax>182</ymax>
            <ymin>161</ymin>
        </bndbox>
        <type>3</type>
        <direction>5</direction>
        <previous>0</previous>
    </vehicle>
    <vehicle>
        <id>13</id>
        <bndbox>
            <xmax>284</xmax>
            <xmin>245</xmin>
            <ymax>150</ymax>
            <ymin>132</ymin>
        </bndbox>
        <type>3</type>
        <direction>5</direction>
        <previous>0</previous>
    </vehicle>
    <vehicle>
        <id>14</id>
        <bndbox>
            <xmax>220</xmax>
            <xmin>186</xmin>
            <ymax>143</ymax>
            <ymin>126</ymin>
        </bndbox>
        <type>2</type>
        <direction>5</direction>
        <previous>5</previous>
    </vehicle>
    <vehicle>
        <id>15</id>
        <bndbox>
            <xmax>196</xmax>
            <xmin>172</xmin>
            <ymax>128</ymax>
            <ymin>117</ymin>
        </bndbox>
        <type>2</type>
        <direction>5</direction>
        <previous>6</previous>
    </vehicle>
    <vehicle>
        <id>16</id>
        <bndbox>
            <xmax>146</xmax>
            <xmin>129</xmin>
            <ymax>122</ymax>
            <ymin>115</ymin>
        </bndbox>
        <type>3</type>
        <direction>5</direction>
        <previous>7</previous>
    </vehicle>
    <vehicle>
        <id>17</id>
        <bndbox>
            <xmax>115</xmax>
            <xmin>110</xmin>
            <ymax>109</ymax>
            <ymin>107</ymin>
        </bndbox>
        <type>1</type>
        <direction>5</direction>
        <previous>9</previous>
    </vehicle>
    <vehicle>
        <id>18</id>
        <bndbox>
            <xmax>101</xmax>
            <xmin>98</xmin>
            <ymax>107</ymax>
            <ymin>104</ymin>
        </bndbox>
        <type>2</type>
        <direction>5</direction>
        <previous>8</previous>
    </vehicle>
    <vehicle>
        <id>19</id>
        <bndbox>
            <xmax>87</xmax>
            <xmin>85</xmin>
            <ymax>104</ymax>
            <ymin>103</ymin>
        </bndbox>
        <type>3</type>
        <direction>5</direction>
        <previous>10</previous>
    </vehicle>
</annotation>
