<annotation>
    <video>[Cam253]-2016_4_29_15h_150f.avi</video>
    <frame>000038</frame>
    <time>2016/04/29 15:01:04</time>
    <width>352</width>
    <height>240</height>
    <weather>2</weather>
    <facing>1</facing>
    <flow>2</flow>
    <vehicle>
        <id>1</id>
        <bndbox>
            <xmax>102</xmax>
            <xmin>84</xmin>
            <ymax>142</ymax>
            <ymin>130</ymin>
        </bndbox>
        <type>2</type>
        <direction>8</direction>
        <previous>2</previous>
    </vehicle>
    <vehicle>
        <id>2</id>
        <bndbox>
            <xmax>203</xmax>
            <xmin>157</xmin>
            <ymax>179</ymax>
            <ymin>150</ymin>
        </bndbox>
        <type>4</type>
        <direction>8</direction>
        <previous>3</previous>
    </vehicle>
    <vehicle>
        <id>3</id>
        <bndbox>
            <xmax>66</xmax>
            <xmin>61</xmin>
            <ymax>107</ymax>
            <ymin>105</ymin>
        </bndbox>
        <type>2</type>
        <direction>8</direction>
        <previous>0</previous>
    </vehicle>
    <vehicle>
        <id>4</id>
        <bndbox>
            <xmax>153</xmax>
            <xmin>135</xmin>
            <ymax>133</ymax>
            <ymin>122</ymin>
        </bndbox>
        <type>3</type>
        <direction>5</direction>
        <previous>4</previous>
    </vehicle>
    <vehicle>
        <id>5</id>
        <bndbox>
            <xmax>114</xmax>
            <xmin>103</xmin>
            <ymax>118</ymax>
            <ymin>112</ymin>
        </bndbox>
        <type>2</type>
        <direction>5</direction>
        <previous>5</previous>
    </vehicle>
    <vehicle>
        <id>6</id>
        <bndbox>
            <xmax>97</xmax>
            <xmin>91</xmin>
            <ymax>113</ymax>
            <ymin>108</ymin>
        </bndbox>
        <type>2</type>
        <direction>5</direction>
        <previous>6</previous>
    </vehicle>
    <vehicle>
        <id>7</id>
        <bndbox>
            <xmax>89</xmax>
            <xmin>84</xmin>
            <ymax>109</ymax>
            <ymin>106</ymin>
        </bndbox>
        <type>2</type>
        <direction>5</direction>
        <previous>7</previous>
    </vehicle>
    <vehicle>
        <id>8</id>
        <bndbox>
            <xmax>78</xmax>
            <xmin>76</xmin>
            <ymax>106</ymax>
            <ymin>104</ymin>
        </bndbox>
        <type>2</type>
        <direction>5</direction>
        <previous>8</previous>
    </vehicle>
    <vehicle>
        <id>9</id>
        <bndbox>
            <xmax>201</xmax>
            <xmin>176</xmin>
            <ymax>138</ymax>
            <ymin>126</ymin>
        </bndbox>
        <type>2</type>
        <direction>5</direction>
        <previous>9</previous>
    </vehicle>
    <vehicle>
        <id>10</id>
        <bndbox>
            <xmax>137</xmax>
            <xmin>122</xmin>
            <ymax>119</ymax>
            <ymin>111</ymin>
        </bndbox>
        <type>2</type>
        <direction>5</direction>
        <previous>10</previous>
    </vehicle>
    <vehicle>
        <id>11</id>
        <bndbox>
            <xmax>193</xmax>
            <xmin>170</xmin>
            <ymax>126</ymax>
            <ymin>116</ymin>
        </bndbox>
        <type>5</type>
        <direction>5</direction>
        <previous>11</previous>
    </vehicle>
</annotation>
