<annotation>
    <video>[Cam253]-2016_4_29_15h_150f.avi</video>
    <frame>000086</frame>
    <time>2016/04/29 15:01:56</time>
    <width>352</width>
    <height>240</height>
    <weather>2</weather>
    <facing>1</facing>
    <flow>2</flow>
    <vehicle>
        <id>1</id>
        <bndbox>
            <xmax>49</xmax>
            <xmin>43</xmin>
            <ymax>108</ymax>
            <ymin>106</ymin>
        </bndbox>
        <type>3</type>
        <direction>8</direction>
        <previous>0</previous>
    </vehicle>
    <vehicle>
        <id>2</id>
        <bndbox>
            <xmax>71</xmax>
            <xmin>62</xmin>
            <ymax>118</ymax>
            <ymin>112</ymin>
        </bndbox>
        <type>2</type>
        <direction>8</direction>
        <previous>2</previous>
    </vehicle>
    <vehicle>
        <id>3</id>
        <bndbox>
            <xmax>352</xmax>
            <xmin>300</xmin>
            <ymax>207</ymax>
            <ymin>175</ymin>
        </bndbox>
        <type>2</type>
        <direction>5</direction>
        <previous>0</previous>
    </vehicle>
    <vehicle>
        <id>4</id>
        <bndbox>
            <xmax>222</xmax>
            <xmin>187</xmin>
            <ymax>156</ymax>
            <ymin>138</ymin>
        </bndbox>
        <type>3</type>
        <direction>5</direction>
        <previous>0</previous>
    </vehicle>
    <vehicle>
        <id>5</id>
        <bndbox>
            <xmax>134</xmax>
            <xmin>118</xmin>
            <ymax>126</ymax>
            <ymin>116</ymin>
        </bndbox>
        <type>2</type>
        <direction>5</direction>
        <previous>4</previous>
    </vehicle>
    <vehicle>
        <id>6</id>
        <bndbox>
            <xmax>85</xmax>
            <xmin>78</xmin>
            <ymax>108</ymax>
            <ymin>104</ymin>
        </bndbox>
        <type>2</type>
        <direction>5</direction>
        <previous>5</previous>
    </vehicle>
    <vehicle>
        <id>7</id>
        <bndbox>
            <xmax>224</xmax>
            <xmin>195</xmin>
            <ymax>142</ymax>
            <ymin>128</ymin>
        </bndbox>
        <type>3</type>
        <direction>5</direction>
        <previous>7</previous>
    </vehicle>
    <vehicle>
        <id>8</id>
        <bndbox>
            <xmax>144</xmax>
            <xmin>132</xmin>
            <ymax>121</ymax>
            <ymin>112</ymin>
        </bndbox>
        <type>3</type>
        <direction>5</direction>
        <previous>8</previous>
    </vehicle>
    <vehicle>
        <id>9</id>
        <bndbox>
            <xmax>131</xmax>
            <xmin>119</xmin>
            <ymax>114</ymax>
            <ymin>108</ymin>
        </bndbox>
        <type>2</type>
        <direction>5</direction>
        <previous>9</previous>
    </vehicle>
    <vehicle>
        <id>10</id>
        <bndbox>
            <xmax>88</xmax>
            <xmin>86</xmin>
            <ymax>105</ymax>
            <ymin>102</ymin>
        </bndbox>
        <type>2</type>
        <direction>5</direction>
        <previous>10</previous>
    </vehicle>
</annotation>
