<annotation>
    <video>[Cam253]-2016_4_29_15h_150f.avi</video>
    <frame>000019</frame>
    <time>2016/04/29 15:00:43</time>
    <width>352</width>
    <height>240</height>
    <weather>2</weather>
    <facing>1</facing>
    <flow>2</flow>
    <vehicle>
        <id>1</id>
        <bndbox>
            <xmax>87</xmax>
            <xmin>73</xmin>
            <ymax>129</ymax>
            <ymin>119</ymin>
        </bndbox>
        <type>3</type>
        <direction>8</direction>
        <previous>2</previous>
    </vehicle>
    <vehicle>
        <id>2</id>
        <bndbox>
            <xmax>61</xmax>
            <xmin>54</xmin>
            <ymax>111</ymax>
            <ymin>107</ymin>
        </bndbox>
        <type>2</type>
        <direction>8</direction>
        <previous>3</previous>
    </vehicle>
    <vehicle>
        <id>3</id>
        <bndbox>
            <xmax>123</xmax>
            <xmin>110</xmin>
            <ymax>121</ymax>
            <ymin>115</ymin>
        </bndbox>
        <type>2</type>
        <direction>5</direction>
        <previous>4</previous>
    </vehicle>
    <vehicle>
        <id>4</id>
        <bndbox>
            <xmax>78</xmax>
            <xmin>73</xmin>
            <ymax>105</ymax>
            <ymin>103</ymin>
        </bndbox>
        <type>7</type>
        <direction>5</direction>
        <previous>5</previous>
    </vehicle>
    <vehicle>
        <id>5</id>
        <bndbox>
            <xmax>307</xmax>
            <xmin>246</xmin>
            <ymax>168</ymax>
            <ymin>140</ymin>
        </bndbox>
        <type>7</type>
        <direction>5</direction>
        <previous>0</previous>
    </vehicle>
    <vehicle>
        <id>6</id>
        <bndbox>
            <xmax>167</xmax>
            <xmin>146</xmin>
            <ymax>127</ymax>
            <ymin>115</ymin>
        </bndbox>
        <type>4</type>
        <direction>5</direction>
        <previous>7</previous>
    </vehicle>
    <vehicle>
        <id>7</id>
        <bndbox>
            <xmax>118</xmax>
            <xmin>109</xmin>
            <ymax>113</ymax>
            <ymin>109</ymin>
        </bndbox>
        <type>2</type>
        <direction>5</direction>
        <previous>8</previous>
    </vehicle>
    <vehicle>
        <id>8</id>
        <bndbox>
            <xmax>87</xmax>
            <xmin>82</xmin>
            <ymax>105</ymax>
            <ymin>103</ymin>
        </bndbox>
        <type>2</type>
        <direction>5</direction>
        <previous>9</previous>
    </vehicle>
</annotation>
