<annotation>
    <video>[Cam253]-2016_4_29_15h_150f.avi</video>
    <frame>000033</frame>
    <time>2016/04/29 15:00:59</time>
    <width>352</width>
    <height>240</height>
    <weather>2</weather>
    <facing>1</facing>
    <flow>2</flow>
    <vehicle>
        <id>1</id>
        <bndbox>
            <xmax>163</xmax>
            <xmin>106</xmin>
            <ymax>240</ymax>
            <ymin>186</ymin>
        </bndbox>
        <type>3</type>
        <direction>8</direction>
        <previous>1</previous>
    </vehicle>
    <vehicle>
        <id>2</id>
        <bndbox>
            <xmax>90</xmax>
            <xmin>75</xmin>
            <ymax>134</ymax>
            <ymin>124</ymin>
        </bndbox>
        <type>2</type>
        <direction>8</direction>
        <previous>2</previous>
    </vehicle>
    <vehicle>
        <id>3</id>
        <bndbox>
            <xmax>316</xmax>
            <xmin>237</xmin>
            <ymax>235</ymax>
            <ymin>189</ymin>
        </bndbox>
        <type>2</type>
        <direction>8</direction>
        <previous>3</previous>
    </vehicle>
    <vehicle>
        <id>4</id>
        <bndbox>
            <xmax>98</xmax>
            <xmin>85</xmin>
            <ymax>123</ymax>
            <ymin>115</ymin>
        </bndbox>
        <type>2</type>
        <direction>8</direction>
        <previous>4</previous>
    </vehicle>
    <vehicle>
        <id>5</id>
        <bndbox>
            <xmax>265</xmax>
            <xmin>216</xmin>
            <ymax>171</ymax>
            <ymin>147</ymin>
        </bndbox>
        <type>2</type>
        <direction>5</direction>
        <previous>0</previous>
    </vehicle>
    <vehicle>
        <id>6</id>
        <bndbox>
            <xmax>118</xmax>
            <xmin>105</xmin>
            <ymax>120</ymax>
            <ymin>112</ymin>
        </bndbox>
        <type>3</type>
        <direction>5</direction>
        <previous>5</previous>
    </vehicle>
    <vehicle>
        <id>7</id>
        <bndbox>
            <xmax>89</xmax>
            <xmin>82</xmin>
            <ymax>108</ymax>
            <ymin>105</ymin>
        </bndbox>
        <type>3</type>
        <direction>5</direction>
        <previous>6</previous>
    </vehicle>
    <vehicle>
        <id>8</id>
        <bndbox>
            <xmax>78</xmax>
            <xmin>74</xmin>
            <ymax>105</ymax>
            <ymin>102</ymin>
        </bndbox>
        <type>3</type>
        <direction>5</direction>
        <previous>7</previous>
    </vehicle>
    <vehicle>
        <id>9</id>
        <bndbox>
            <xmax>171</xmax>
            <xmin>147</xmin>
            <ymax>130</ymax>
            <ymin>114</ymin>
        </bndbox>
        <type>8</type>
        <direction>5</direction>
        <previous>8</previous>
    </vehicle>
    <vehicle>
        <id>10</id>
        <bndbox>
            <xmax>240</xmax>
            <xmin>211</xmin>
            <ymax>141</ymax>
            <ymin>128</ymin>
        </bndbox>
        <type>2</type>
        <direction>5</direction>
        <previous>0</previous>
    </vehicle>
    <vehicle>
        <id>11</id>
        <bndbox>
            <xmax>174</xmax>
            <xmin>172</xmin>
            <ymax>123</ymax>
            <ymin>118</ymin>
        </bndbox>
        <type>2</type>
        <direction>5</direction>
        <previous>10</previous>
    </vehicle>
</annotation>
