<annotation>
    <video>[Cam253]-2016_4_29_15h_150f.avi</video>
    <frame>000092</frame>
    <time>2016/04/29 15:02:02</time>
    <width>352</width>
    <height>240</height>
    <weather>2</weather>
    <facing>1</facing>
    <flow>2</flow>
    <vehicle>
        <id>1</id>
        <bndbox>
            <xmax>54</xmax>
            <xmin>47</xmin>
            <ymax>115</ymax>
            <ymin>112</ymin>
        </bndbox>
        <type>2</type>
        <direction>8</direction>
        <previous>1</previous>
    </vehicle>
    <vehicle>
        <id>2</id>
        <bndbox>
            <xmax>70</xmax>
            <xmin>61</xmin>
            <ymax>118</ymax>
            <ymin>113</ymin>
        </bndbox>
        <type>2</type>
        <direction>8</direction>
        <previous>2</previous>
    </vehicle>
    <vehicle>
        <id>3</id>
        <bndbox>
            <xmax>57</xmax>
            <xmin>51</xmin>
            <ymax>109</ymax>
            <ymin>106</ymin>
        </bndbox>
        <type>3</type>
        <direction>8</direction>
        <previous>3</previous>
    </vehicle>
    <vehicle>
        <id>4</id>
        <bndbox>
            <xmax>76</xmax>
            <xmin>69</xmin>
            <ymax>113</ymax>
            <ymin>109</ymin>
        </bndbox>
        <type>2</type>
        <direction>8</direction>
        <previous>4</previous>
    </vehicle>
    <vehicle>
        <id>5</id>
        <bndbox>
            <xmax>336</xmax>
            <xmin>265</xmin>
            <ymax>200</ymax>
            <ymin>166</ymin>
        </bndbox>
        <type>3</type>
        <direction>5</direction>
        <previous>0</previous>
    </vehicle>
    <vehicle>
        <id>6</id>
        <bndbox>
            <xmax>99</xmax>
            <xmin>90</xmin>
            <ymax>115</ymax>
            <ymin>108</ymin>
        </bndbox>
        <type>7</type>
        <direction>5</direction>
        <previous>5</previous>
    </vehicle>
    <vehicle>
        <id>7</id>
        <bndbox>
            <xmax>81</xmax>
            <xmin>76</xmin>
            <ymax>107</ymax>
            <ymin>105</ymin>
        </bndbox>
        <type>3</type>
        <direction>5</direction>
        <previous>6</previous>
    </vehicle>
    <vehicle>
        <id>8</id>
        <bndbox>
            <xmax>301</xmax>
            <xmin>252</xmin>
            <ymax>168</ymax>
            <ymin>144</ymin>
        </bndbox>
        <type>3</type>
        <direction>5</direction>
        <previous>0</previous>
    </vehicle>
    <vehicle>
        <id>9</id>
        <bndbox>
            <xmax>146</xmax>
            <xmin>131</xmin>
            <ymax>124</ymax>
            <ymin>115</ymin>
        </bndbox>
        <type>2</type>
        <direction>5</direction>
        <previous>8</previous>
    </vehicle>
    <vehicle>
        <id>10</id>
        <bndbox>
            <xmax>103</xmax>
            <xmin>100</xmin>
            <ymax>109</ymax>
            <ymin>107</ymin>
        </bndbox>
        <type>2</type>
        <direction>5</direction>
        <previous>9</previous>
    </vehicle>
</annotation>
