<annotation>
    <video>[Cam253]-2016_4_29_15h_150f.avi</video>
    <frame>000081</frame>
    <time>2016/04/29 15:01:51</time>
    <width>352</width>
    <height>240</height>
    <weather>2</weather>
    <facing>1</facing>
    <flow>2</flow>
    <vehicle>
        <id>1</id>
        <bndbox>
            <xmax>85</xmax>
            <xmin>65</xmin>
            <ymax>152</ymax>
            <ymin>135</ymin>
        </bndbox>
        <type>3</type>
        <direction>8</direction>
        <previous>1</previous>
    </vehicle>
    <vehicle>
        <id>2</id>
        <bndbox>
            <xmax>57</xmax>
            <xmin>49</xmin>
            <ymax>116</ymax>
            <ymin>111</ymin>
        </bndbox>
        <type>2</type>
        <direction>8</direction>
        <previous>2</previous>
    </vehicle>
    <vehicle>
        <id>3</id>
        <bndbox>
            <xmax>86</xmax>
            <xmin>70</xmin>
            <ymax>136</ymax>
            <ymin>125</ymin>
        </bndbox>
        <type>3</type>
        <direction>8</direction>
        <previous>4</previous>
    </vehicle>
    <vehicle>
        <id>4</id>
        <bndbox>
            <xmax>67</xmax>
            <xmin>61</xmin>
            <ymax>114</ymax>
            <ymin>110</ymin>
        </bndbox>
        <type>2</type>
        <direction>7</direction>
        <previous>5</previous>
    </vehicle>
    <vehicle>
        <id>5</id>
        <bndbox>
            <xmax>352</xmax>
            <xmin>290</xmin>
            <ymax>240</ymax>
            <ymin>198</ymin>
        </bndbox>
        <type>2</type>
        <direction>8</direction>
        <previous>6</previous>
    </vehicle>
    <vehicle>
        <id>6</id>
        <bndbox>
            <xmax>98</xmax>
            <xmin>87</xmin>
            <ymax>122</ymax>
            <ymin>116</ymin>
        </bndbox>
        <type>3</type>
        <direction>8</direction>
        <previous>7</previous>
    </vehicle>
    <vehicle>
        <id>7</id>
        <bndbox>
            <xmax>71</xmax>
            <xmin>65</xmin>
            <ymax>109</ymax>
            <ymin>105</ymin>
        </bndbox>
        <type>2</type>
        <direction>8</direction>
        <previous>0</previous>
    </vehicle>
    <vehicle>
        <id>8</id>
        <bndbox>
            <xmax>165</xmax>
            <xmin>143</xmin>
            <ymax>136</ymax>
            <ymin>124</ymin>
        </bndbox>
        <type>2</type>
        <direction>5</direction>
        <previous>8</previous>
    </vehicle>
    <vehicle>
        <id>9</id>
        <bndbox>
            <xmax>120</xmax>
            <xmin>107</xmin>
            <ymax>120</ymax>
            <ymin>112</ymin>
        </bndbox>
        <type>2</type>
        <direction>5</direction>
        <previous>9</previous>
    </vehicle>
    <vehicle>
        <id>10</id>
        <bndbox>
            <xmax>90</xmax>
            <xmin>83</xmin>
            <ymax>110</ymax>
            <ymin>106</ymin>
        </bndbox>
        <type>3</type>
        <direction>5</direction>
        <previous>10</previous>
    </vehicle>
    <vehicle>
        <id>11</id>
        <bndbox>
            <xmax>352</xmax>
            <xmin>310</xmin>
            <ymax>191</ymax>
            <ymin>163</ymin>
        </bndbox>
        <type>2</type>
        <direction>5</direction>
        <previous>0</previous>
    </vehicle>
    <vehicle>
        <id>12</id>
        <bndbox>
            <xmax>270</xmax>
            <xmin>234</xmin>
            <ymax>148</ymax>
            <ymin>130</ymin>
        </bndbox>
        <type>2</type>
        <direction>5</direction>
        <previous>0</previous>
    </vehicle>
    <vehicle>
        <id>13</id>
        <bndbox>
            <xmax>195</xmax>
            <xmin>188</xmin>
            <ymax>137</ymax>
            <ymin>126</ymin>
        </bndbox>
        <type>10</type>
        <direction>5</direction>
        <previous>13</previous>
    </vehicle>
    <vehicle>
        <id>14</id>
        <bndbox>
            <xmax>153</xmax>
            <xmin>139</xmin>
            <ymax>118</ymax>
            <ymin>112</ymin>
        </bndbox>
        <type>3</type>
        <direction>5</direction>
        <previous>14</previous>
    </vehicle>
    <vehicle>
        <id>15</id>
        <bndbox>
            <xmax>137</xmax>
            <xmin>122</xmin>
            <ymax>120</ymax>
            <ymin>112</ymin>
        </bndbox>
        <type>2</type>
        <direction>5</direction>
        <previous>15</previous>
    </vehicle>
    <vehicle>
        <id>16</id>
        <bndbox>
            <xmax>127</xmax>
            <xmin>120</xmin>
            <ymax>111</ymax>
            <ymin>109</ymin>
        </bndbox>
        <type>3</type>
        <direction>5</direction>
        <previous>16</previous>
    </vehicle>
    <vehicle>
        <id>17</id>
        <bndbox>
            <xmax>108</xmax>
            <xmin>99</xmin>
            <ymax>111</ymax>
            <ymin>106</ymin>
        </bndbox>
        <type>2</type>
        <direction>5</direction>
        <previous>17</previous>
    </vehicle>
    <vehicle>
        <id>18</id>
        <bndbox>
            <xmax>89</xmax>
            <xmin>83</xmin>
            <ymax>105</ymax>
            <ymin>103</ymin>
        </bndbox>
        <type>3</type>
        <direction>5</direction>
        <previous>18</previous>
    </vehicle>
</annotation>
