<annotation>
    <video>[Cam253]-2016_4_29_15h_150f.avi</video>
    <frame>000025</frame>
    <time>2016/04/29 15:00:50</time>
    <width>352</width>
    <height>240</height>
    <weather>2</weather>
    <facing>1</facing>
    <flow>2</flow>
    <vehicle>
        <id>1</id>
        <bndbox>
            <xmax>239</xmax>
            <xmin>170</xmin>
            <ymax>240</ymax>
            <ymin>193</ymin>
        </bndbox>
        <type>3</type>
        <direction>8</direction>
        <previous>2</previous>
    </vehicle>
    <vehicle>
        <id>2</id>
        <bndbox>
            <xmax>184</xmax>
            <xmin>149</xmin>
            <ymax>167</ymax>
            <ymin>141</ymin>
        </bndbox>
        <type>3</type>
        <direction>8</direction>
        <previous>3</previous>
    </vehicle>
    <vehicle>
        <id>3</id>
        <bndbox>
            <xmax>98</xmax>
            <xmin>84</xmin>
            <ymax>125</ymax>
            <ymin>117</ymin>
        </bndbox>
        <type>2</type>
        <direction>8</direction>
        <previous>4</previous>
    </vehicle>
    <vehicle>
        <id>4</id>
        <bndbox>
            <xmax>344</xmax>
            <xmin>276</xmin>
            <ymax>200</ymax>
            <ymin>169</ymin>
        </bndbox>
        <type>2</type>
        <direction>5</direction>
        <previous>0</previous>
    </vehicle>
    <vehicle>
        <id>5</id>
        <bndbox>
            <xmax>185</xmax>
            <xmin>160</xmin>
            <ymax>142</ymax>
            <ymin>130</ymin>
        </bndbox>
        <type>3</type>
        <direction>5</direction>
        <previous>0</previous>
    </vehicle>
    <vehicle>
        <id>6</id>
        <bndbox>
            <xmax>172</xmax>
            <xmin>152</xmin>
            <ymax>131</ymax>
            <ymin>122</ymin>
        </bndbox>
        <type>3</type>
        <direction>5</direction>
        <previous>5</previous>
    </vehicle>
    <vehicle>
        <id>7</id>
        <bndbox>
            <xmax>95</xmax>
            <xmin>89</xmin>
            <ymax>108</ymax>
            <ymin>103</ymin>
        </bndbox>
        <type>3</type>
        <direction>5</direction>
        <previous>6</previous>
    </vehicle>
    <vehicle>
        <id>8</id>
        <bndbox>
            <xmax>183</xmax>
            <xmin>168</xmin>
            <ymax>126</ymax>
            <ymin>117</ymin>
        </bndbox>
        <type>3</type>
        <direction>5</direction>
        <previous>7</previous>
    </vehicle>
</annotation>
