<annotation>
    <video>[Cam253]-2016_4_29_15h_150f.avi</video>
    <frame>000041</frame>
    <time>2016/04/29 15:01:07</time>
    <width>352</width>
    <height>240</height>
    <weather>2</weather>
    <facing>1</facing>
    <flow>2</flow>
    <vehicle>
        <id>1</id>
        <bndbox>
            <xmax>67</xmax>
            <xmin>58</xmin>
            <ymax>114</ymax>
            <ymin>110</ymin>
        </bndbox>
        <type>3</type>
        <direction>8</direction>
        <previous>1</previous>
    </vehicle>
    <vehicle>
        <id>2</id>
        <bndbox>
            <xmax>56</xmax>
            <xmin>53</xmin>
            <ymax>106</ymax>
            <ymin>105</ymin>
        </bndbox>
        <type>3</type>
        <direction>8</direction>
        <previous>0</previous>
    </vehicle>
    <vehicle>
        <id>3</id>
        <bndbox>
            <xmax>116</xmax>
            <xmin>100</xmin>
            <ymax>132</ymax>
            <ymin>123</ymin>
        </bndbox>
        <type>2</type>
        <direction>8</direction>
        <previous>2</previous>
    </vehicle>
    <vehicle>
        <id>4</id>
        <bndbox>
            <xmax>76</xmax>
            <xmin>69</xmin>
            <ymax>111</ymax>
            <ymin>108</ymin>
        </bndbox>
        <type>1</type>
        <direction>8</direction>
        <previous>3</previous>
    </vehicle>
    <vehicle>
        <id>5</id>
        <bndbox>
            <xmax>65</xmax>
            <xmin>61</xmin>
            <ymax>106</ymax>
            <ymin>105</ymin>
        </bndbox>
        <type>3</type>
        <direction>8</direction>
        <previous>0</previous>
    </vehicle>
    <vehicle>
        <id>6</id>
        <bndbox>
            <xmax>236</xmax>
            <xmin>200</xmin>
            <ymax>161</ymax>
            <ymin>144</ymin>
        </bndbox>
        <type>2</type>
        <direction>5</direction>
        <previous>0</previous>
    </vehicle>
    <vehicle>
        <id>7</id>
        <bndbox>
            <xmax>88</xmax>
            <xmin>81</xmin>
            <ymax>109</ymax>
            <ymin>105</ymin>
        </bndbox>
        <type>3</type>
        <direction>5</direction>
        <previous>4</previous>
    </vehicle>
    <vehicle>
        <id>8</id>
        <bndbox>
            <xmax>76</xmax>
            <xmin>75</xmin>
            <ymax>104</ymax>
            <ymin>103</ymin>
        </bndbox>
        <type>2</type>
        <direction>5</direction>
        <previous>5</previous>
    </vehicle>
    <vehicle>
        <id>9</id>
        <bndbox>
            <xmax>352</xmax>
            <xmin>304</xmin>
            <ymax>188</ymax>
            <ymin>159</ymin>
        </bndbox>
        <type>3</type>
        <direction>5</direction>
        <previous>0</previous>
    </vehicle>
    <vehicle>
        <id>10</id>
        <bndbox>
            <xmax>103</xmax>
            <xmin>96</xmin>
            <ymax>109</ymax>
            <ymin>106</ymin>
        </bndbox>
        <type>2</type>
        <direction>5</direction>
        <previous>7</previous>
    </vehicle>
    <vehicle>
        <id>11</id>
        <bndbox>
            <xmax>88</xmax>
            <xmin>83</xmin>
            <ymax>105</ymax>
            <ymin>102</ymin>
        </bndbox>
        <type>2</type>
        <direction>5</direction>
        <previous>8</previous>
    </vehicle>
    <vehicle>
        <id>12</id>
        <bndbox>
            <xmax>253</xmax>
            <xmin>222</xmin>
            <ymax>143</ymax>
            <ymin>129</ymin>
        </bndbox>
        <type>3</type>
        <direction>5</direction>
        <previous>0</previous>
    </vehicle>
    <vehicle>
        <id>13</id>
        <bndbox>
            <xmax>104</xmax>
            <xmin>98</xmin>
            <ymax>105</ymax>
            <ymin>103</ymin>
        </bndbox>
        <type>5</type>
        <direction>5</direction>
        <previous>9</previous>
    </vehicle>
</annotation>
