<annotation>
    <video>[Cam253]-2016_4_29_15h_150f.avi</video>
    <frame>000074</frame>
    <time>2016/04/29 15:01:43</time>
    <width>352</width>
    <height>240</height>
    <weather>2</weather>
    <facing>1</facing>
    <flow>2</flow>
    <vehicle>
        <id>1</id>
        <bndbox>
            <xmax>69</xmax>
            <xmin>60</xmin>
            <ymax>115</ymax>
            <ymin>110</ymin>
        </bndbox>
        <type>2</type>
        <direction>8</direction>
        <previous>1</previous>
    </vehicle>
    <vehicle>
        <id>2</id>
        <bndbox>
            <xmax>147</xmax>
            <xmin>129</xmin>
            <ymax>130</ymax>
            <ymin>118</ymin>
        </bndbox>
        <type>3</type>
        <direction>5</direction>
        <previous>2</previous>
    </vehicle>
    <vehicle>
        <id>3</id>
        <bndbox>
            <xmax>118</xmax>
            <xmin>106</xmin>
            <ymax>119</ymax>
            <ymin>112</ymin>
        </bndbox>
        <type>7</type>
        <direction>5</direction>
        <previous>3</previous>
    </vehicle>
    <vehicle>
        <id>4</id>
        <bndbox>
            <xmax>97</xmax>
            <xmin>88</xmin>
            <ymax>112</ymax>
            <ymin>107</ymin>
        </bndbox>
        <type>3</type>
        <direction>5</direction>
        <previous>4</previous>
    </vehicle>
    <vehicle>
        <id>5</id>
        <bndbox>
            <xmax>352</xmax>
            <xmin>285</xmin>
            <ymax>180</ymax>
            <ymin>149</ymin>
        </bndbox>
        <type>2</type>
        <direction>5</direction>
        <previous>0</previous>
    </vehicle>
    <vehicle>
        <id>6</id>
        <bndbox>
            <xmax>299</xmax>
            <xmin>252</xmin>
            <ymax>152</ymax>
            <ymin>132</ymin>
        </bndbox>
        <type>2</type>
        <direction>5</direction>
        <previous>0</previous>
    </vehicle>
    <vehicle>
        <id>7</id>
        <bndbox>
            <xmax>194</xmax>
            <xmin>169</xmin>
            <ymax>135</ymax>
            <ymin>124</ymin>
        </bndbox>
        <type>3</type>
        <direction>5</direction>
        <previous>6</previous>
    </vehicle>
    <vehicle>
        <id>8</id>
        <bndbox>
            <xmax>119</xmax>
            <xmin>113</xmin>
            <ymax>112</ymax>
            <ymin>107</ymin>
        </bndbox>
        <type>2</type>
        <direction>5</direction>
        <previous>7</previous>
    </vehicle>
    <vehicle>
        <id>9</id>
        <bndbox>
            <xmax>139</xmax>
            <xmin>128</xmin>
            <ymax>115</ymax>
            <ymin>110</ymin>
        </bndbox>
        <type>1</type>
        <direction>5</direction>
        <previous>8</previous>
    </vehicle>
    <vehicle>
        <id>10</id>
        <bndbox>
            <xmax>101</xmax>
            <xmin>98</xmin>
            <ymax>109</ymax>
            <ymin>106</ymin>
        </bndbox>
        <type>3</type>
        <direction>5</direction>
        <previous>9</previous>
    </vehicle>
    <vehicle>
        <id>11</id>
        <bndbox>
            <xmax>111</xmax>
            <xmin>103</xmin>
            <ymax>108</ymax>
            <ymin>105</ymin>
        </bndbox>
        <type>3</type>
        <direction>5</direction>
        <previous>10</previous>
    </vehicle>
</annotation>
