<annotation>
    <video>[Cam253]-2016_4_29_15h_150f.avi</video>
    <frame>000014</frame>
    <time>2016/04/29 15:00:37</time>
    <width>352</width>
    <height>240</height>
    <weather>2</weather>
    <facing>1</facing>
    <flow>2</flow>
    <vehicle>
        <id>1</id>
        <bndbox>
            <xmax>134</xmax>
            <xmin>104</xmin>
            <ymax>167</ymax>
            <ymin>144</ymin>
        </bndbox>
        <type>2</type>
        <direction>8</direction>
        <previous>1</previous>
    </vehicle>
    <vehicle>
        <id>2</id>
        <bndbox>
            <xmax>78</xmax>
            <xmin>66</xmin>
            <ymax>124</ymax>
            <ymin>114</ymin>
        </bndbox>
        <type>3</type>
        <direction>8</direction>
        <previous>2</previous>
    </vehicle>
    <vehicle>
        <id>3</id>
        <bndbox>
            <xmax>57</xmax>
            <xmin>52</xmin>
            <ymax>110</ymax>
            <ymin>107</ymin>
        </bndbox>
        <type>2</type>
        <direction>8</direction>
        <previous>0</previous>
    </vehicle>
    <vehicle>
        <id>4</id>
        <bndbox>
            <xmax>156</xmax>
            <xmin>129</xmin>
            <ymax>151</ymax>
            <ymin>133</ymin>
        </bndbox>
        <type>2</type>
        <direction>8</direction>
        <previous>4</previous>
    </vehicle>
    <vehicle>
        <id>5</id>
        <bndbox>
            <xmax>70</xmax>
            <xmin>66</xmin>
            <ymax>109</ymax>
            <ymin>106</ymin>
        </bndbox>
        <type>3</type>
        <direction>8</direction>
        <previous>0</previous>
    </vehicle>
    <vehicle>
        <id>6</id>
        <bndbox>
            <xmax>303</xmax>
            <xmin>248</xmin>
            <ymax>184</ymax>
            <ymin>158</ymin>
        </bndbox>
        <type>2</type>
        <direction>5</direction>
        <previous>0</previous>
    </vehicle>
    <vehicle>
        <id>7</id>
        <bndbox>
            <xmax>144</xmax>
            <xmin>127</xmin>
            <ymax>128</ymax>
            <ymin>119</ymin>
        </bndbox>
        <type>2</type>
        <direction>5</direction>
        <previous>5</previous>
    </vehicle>
    <vehicle>
        <id>8</id>
        <bndbox>
            <xmax>100</xmax>
            <xmin>91</xmin>
            <ymax>113</ymax>
            <ymin>108</ymin>
        </bndbox>
        <type>2</type>
        <direction>5</direction>
        <previous>6</previous>
    </vehicle>
    <vehicle>
        <id>9</id>
        <bndbox>
            <xmax>79</xmax>
            <xmin>76</xmin>
            <ymax>105</ymax>
            <ymin>103</ymin>
        </bndbox>
        <type>4</type>
        <direction>5</direction>
        <previous>7</previous>
    </vehicle>
    <vehicle>
        <id>10</id>
        <bndbox>
            <xmax>136</xmax>
            <xmin>121</xmin>
            <ymax>118</ymax>
            <ymin>110</ymin>
        </bndbox>
        <type>3</type>
        <direction>5</direction>
        <previous>8</previous>
    </vehicle>
    <vehicle>
        <id>11</id>
        <bndbox>
            <xmax>92</xmax>
            <xmin>87</xmin>
            <ymax>106</ymax>
            <ymin>103</ymin>
        </bndbox>
        <type>2</type>
        <direction>5</direction>
        <previous>9</previous>
    </vehicle>
</annotation>
