<annotation>
    <video>[Cam253]-2016_4_29_15h_150f.avi</video>
    <frame>000036</frame>
    <time>2016/04/29 15:01:02</time>
    <width>352</width>
    <height>240</height>
    <weather>2</weather>
    <facing>1</facing>
    <flow>2</flow>
    <vehicle>
        <id>1</id>
        <bndbox>
            <xmax>83</xmax>
            <xmin>69</xmin>
            <ymax>126</ymax>
            <ymin>118</ymin>
        </bndbox>
        <type>2</type>
        <direction>8</direction>
        <previous>1</previous>
    </vehicle>
    <vehicle>
        <id>2</id>
        <bndbox>
            <xmax>61</xmax>
            <xmin>56</xmin>
            <ymax>110</ymax>
            <ymin>108</ymin>
        </bndbox>
        <type>2</type>
        <direction>8</direction>
        <previous>0</previous>
    </vehicle>
    <vehicle>
        <id>3</id>
        <bndbox>
            <xmax>84</xmax>
            <xmin>76</xmin>
            <ymax>117</ymax>
            <ymin>113</ymin>
        </bndbox>
        <type>4</type>
        <direction>8</direction>
        <previous>3</previous>
    </vehicle>
    <vehicle>
        <id>4</id>
        <bndbox>
            <xmax>206</xmax>
            <xmin>176</xmin>
            <ymax>150</ymax>
            <ymin>134</ymin>
        </bndbox>
        <type>2</type>
        <direction>5</direction>
        <previous>4</previous>
    </vehicle>
    <vehicle>
        <id>5</id>
        <bndbox>
            <xmax>149</xmax>
            <xmin>130</xmin>
            <ymax>131</ymax>
            <ymin>121</ymin>
        </bndbox>
        <type>2</type>
        <direction>5</direction>
        <previous>5</previous>
    </vehicle>
    <vehicle>
        <id>6</id>
        <bndbox>
            <xmax>128</xmax>
            <xmin>114</xmin>
            <ymax>123</ymax>
            <ymin>114</ymin>
        </bndbox>
        <type>2</type>
        <direction>5</direction>
        <previous>6</previous>
    </vehicle>
    <vehicle>
        <id>7</id>
        <bndbox>
            <xmax>105</xmax>
            <xmin>95</xmin>
            <ymax>115</ymax>
            <ymin>109</ymin>
        </bndbox>
        <type>2</type>
        <direction>5</direction>
        <previous>7</previous>
    </vehicle>
    <vehicle>
        <id>8</id>
        <bndbox>
            <xmax>78</xmax>
            <xmin>73</xmin>
            <ymax>106</ymax>
            <ymin>104</ymin>
        </bndbox>
        <type>3</type>
        <direction>5</direction>
        <previous>8</previous>
    </vehicle>
    <vehicle>
        <id>9</id>
        <bndbox>
            <xmax>265</xmax>
            <xmin>220</xmin>
            <ymax>155</ymax>
            <ymin>133</ymin>
        </bndbox>
        <type>2</type>
        <direction>5</direction>
        <previous>0</previous>
    </vehicle>
    <vehicle>
        <id>10</id>
        <bndbox>
            <xmax>97</xmax>
            <xmin>90</xmin>
            <ymax>108</ymax>
            <ymin>103</ymin>
        </bndbox>
        <type>8</type>
        <direction>5</direction>
        <previous>9</previous>
    </vehicle>
    <vehicle>
        <id>11</id>
        <bndbox>
            <xmax>102</xmax>
            <xmin>100</xmin>
            <ymax>106</ymax>
            <ymin>105</ymin>
        </bndbox>
        <type>2</type>
        <direction>5</direction>
        <previous>10</previous>
    </vehicle>
</annotation>
