<annotation>
    <video>[Cam253]-2016_4_29_15h_150f.avi</video>
    <frame>000090</frame>
    <time>2016/04/29 15:02:00</time>
    <width>352</width>
    <height>240</height>
    <weather>2</weather>
    <facing>1</facing>
    <flow>2</flow>
    <vehicle>
        <id>1</id>
        <bndbox>
            <xmax>126</xmax>
            <xmin>84</xmin>
            <ymax>199</ymax>
            <ymin>159</ymin>
        </bndbox>
        <type>3</type>
        <direction>8</direction>
        <previous>1</previous>
    </vehicle>
    <vehicle>
        <id>2</id>
        <bndbox>
            <xmax>57</xmax>
            <xmin>52</xmin>
            <ymax>108</ymax>
            <ymin>106</ymin>
        </bndbox>
        <type>2</type>
        <direction>8</direction>
        <previous>0</previous>
    </vehicle>
    <vehicle>
        <id>3</id>
        <bndbox>
            <xmax>198</xmax>
            <xmin>160</xmin>
            <ymax>175</ymax>
            <ymin>152</ymin>
        </bndbox>
        <type>2</type>
        <direction>8</direction>
        <previous>2</previous>
    </vehicle>
    <vehicle>
        <id>4</id>
        <bndbox>
            <xmax>154</xmax>
            <xmin>135</xmin>
            <ymax>133</ymax>
            <ymin>120</ymin>
        </bndbox>
        <type>7</type>
        <direction>5</direction>
        <previous>3</previous>
    </vehicle>
    <vehicle>
        <id>5</id>
        <bndbox>
            <xmax>107</xmax>
            <xmin>99</xmin>
            <ymax>117</ymax>
            <ymin>112</ymin>
        </bndbox>
        <type>3</type>
        <direction>5</direction>
        <previous>4</previous>
    </vehicle>
    <vehicle>
        <id>6</id>
        <bndbox>
            <xmax>92</xmax>
            <xmin>87</xmin>
            <ymax>111</ymax>
            <ymin>107</ymin>
        </bndbox>
        <type>2</type>
        <direction>5</direction>
        <previous>5</previous>
    </vehicle>
    <vehicle>
        <id>7</id>
        <bndbox>
            <xmax>82</xmax>
            <xmin>78</xmin>
            <ymax>107</ymax>
            <ymin>105</ymin>
        </bndbox>
        <type>3</type>
        <direction>5</direction>
        <previous>6</previous>
    </vehicle>
    <vehicle>
        <id>8</id>
        <bndbox>
            <xmax>352</xmax>
            <xmin>305</xmin>
            <ymax>188</ymax>
            <ymin>162</ymin>
        </bndbox>
        <type>2</type>
        <direction>5</direction>
        <previous>0</previous>
    </vehicle>
    <vehicle>
        <id>9</id>
        <bndbox>
            <xmax>160</xmax>
            <xmin>153</xmin>
            <ymax>127</ymax>
            <ymin>120</ymin>
        </bndbox>
        <type>2</type>
        <direction>5</direction>
        <previous>8</previous>
    </vehicle>
    <vehicle>
        <id>10</id>
        <bndbox>
            <xmax>108</xmax>
            <xmin>103</xmin>
            <ymax>110</ymax>
            <ymin>108</ymin>
        </bndbox>
        <type>3</type>
        <direction>5</direction>
        <previous>9</previous>
    </vehicle>
    <vehicle>
        <id>11</id>
        <bndbox>
            <xmax>92</xmax>
            <xmin>89</xmin>
            <ymax>107</ymax>
            <ymin>104</ymin>
        </bndbox>
        <type>2</type>
        <direction>5</direction>
        <previous>10</previous>
    </vehicle>
</annotation>
