<annotation>
    <video>[Cam253]-2016_4_29_15h_150f.avi</video>
    <frame>000099</frame>
    <time>2016/04/29 15:02:10</time>
    <width>352</width>
    <height>240</height>
    <weather>2</weather>
    <facing>1</facing>
    <flow>2</flow>
    <vehicle>
        <id>1</id>
        <bndbox>
            <xmax>84</xmax>
            <xmin>64</xmin>
            <ymax>157</ymax>
            <ymin>140</ymin>
        </bndbox>
        <type>3</type>
        <direction>8</direction>
        <previous>2</previous>
    </vehicle>
    <vehicle>
        <id>2</id>
        <bndbox>
            <xmax>52</xmax>
            <xmin>48</xmin>
            <ymax>112</ymax>
            <ymin>110</ymin>
        </bndbox>
        <type>2</type>
        <direction>8</direction>
        <previous>3</previous>
    </vehicle>
    <vehicle>
        <id>3</id>
        <bndbox>
            <xmax>162</xmax>
            <xmin>122</xmin>
            <ymax>189</ymax>
            <ymin>161</ymin>
        </bndbox>
        <type>2</type>
        <direction>8</direction>
        <previous>5</previous>
    </vehicle>
    <vehicle>
        <id>4</id>
        <bndbox>
            <xmax>72</xmax>
            <xmin>63</xmin>
            <ymax>117</ymax>
            <ymin>113</ymin>
        </bndbox>
        <type>3</type>
        <direction>8</direction>
        <previous>7</previous>
    </vehicle>
    <vehicle>
        <id>5</id>
        <bndbox>
            <xmax>62</xmax>
            <xmin>58</xmin>
            <ymax>110</ymax>
            <ymin>108</ymin>
        </bndbox>
        <type>2</type>
        <direction>8</direction>
        <previous>8</previous>
    </vehicle>
    <vehicle>
        <id>6</id>
        <bndbox>
            <xmax>57</xmax>
            <xmin>51</xmin>
            <ymax>108</ymax>
            <ymin>106</ymin>
        </bndbox>
        <type>4</type>
        <direction>8</direction>
        <previous>0</previous>
    </vehicle>
    <vehicle>
        <id>7</id>
        <bndbox>
            <xmax>147</xmax>
            <xmin>115</xmin>
            <ymax>155</ymax>
            <ymin>132</ymin>
        </bndbox>
        <type>2</type>
        <direction>8</direction>
        <previous>6</previous>
    </vehicle>
    <vehicle>
        <id>8</id>
        <bndbox>
            <xmax>102</xmax>
            <xmin>87</xmin>
            <ymax>126</ymax>
            <ymin>116</ymin>
        </bndbox>
        <type>3</type>
        <direction>8</direction>
        <previous>10</previous>
    </vehicle>
    <vehicle>
        <id>9</id>
        <bndbox>
            <xmax>73</xmax>
            <xmin>64</xmin>
            <ymax>111</ymax>
            <ymin>106</ymin>
        </bndbox>
        <type>2</type>
        <direction>8</direction>
        <previous>11</previous>
    </vehicle>
    <vehicle>
        <id>10</id>
        <bndbox>
            <xmax>133</xmax>
            <xmin>117</xmin>
            <ymax>125</ymax>
            <ymin>116</ymin>
        </bndbox>
        <type>3</type>
        <direction>5</direction>
        <previous>12</previous>
    </vehicle>
    <vehicle>
        <id>11</id>
        <bndbox>
            <xmax>78</xmax>
            <xmin>74</xmin>
            <ymax>105</ymax>
            <ymin>102</ymin>
        </bndbox>
        <type>2</type>
        <direction>5</direction>
        <previous>13</previous>
    </vehicle>
    <vehicle>
        <id>12</id>
        <bndbox>
            <xmax>163</xmax>
            <xmin>146</xmin>
            <ymax>128</ymax>
            <ymin>119</ymin>
        </bndbox>
        <type>3</type>
        <direction>5</direction>
        <previous>15</previous>
    </vehicle>
    <vehicle>
        <id>13</id>
        <bndbox>
            <xmax>139</xmax>
            <xmin>128</xmin>
            <ymax>114</ymax>
            <ymin>110</ymin>
        </bndbox>
        <type>3</type>
        <direction>5</direction>
        <previous>16</previous>
    </vehicle>
    <vehicle>
        <id>14</id>
        <bndbox>
            <xmax>94</xmax>
            <xmin>87</xmin>
            <ymax>108</ymax>
            <ymin>103</ymin>
        </bndbox>
        <type>2</type>
        <direction>5</direction>
        <previous>17</previous>
    </vehicle>
    <vehicle>
        <id>15</id>
        <bndbox>
            <xmax>352</xmax>
            <xmin>325</xmin>
            <ymax>240</ymax>
            <ymin>226</ymin>
        </bndbox>
        <type>2</type>
        <direction>8</direction>
        <previous>9</previous>
    </vehicle>
</annotation>
