<annotation>
    <video>[Cam253]-2016_4_29_15h_150f.avi</video>
    <frame>000013</frame>
    <time>2016/04/29 15:00:36</time>
    <width>352</width>
    <height>240</height>
    <weather>2</weather>
    <facing>1</facing>
    <flow>2</flow>
    <vehicle>
        <id>1</id>
        <bndbox>
            <xmax>91</xmax>
            <xmin>76</xmin>
            <ymax>135</ymax>
            <ymin>123</ymin>
        </bndbox>
        <type>2</type>
        <direction>8</direction>
        <previous>4</previous>
    </vehicle>
    <vehicle>
        <id>2</id>
        <bndbox>
            <xmax>68</xmax>
            <xmin>58</xmin>
            <ymax>116</ymax>
            <ymin>109</ymin>
        </bndbox>
        <type>3</type>
        <direction>8</direction>
        <previous>5</previous>
    </vehicle>
    <vehicle>
        <id>3</id>
        <bndbox>
            <xmax>216</xmax>
            <xmin>170</xmin>
            <ymax>186</ymax>
            <ymin>158</ymin>
        </bndbox>
        <type>2</type>
        <direction>8</direction>
        <previous>6</previous>
    </vehicle>
    <vehicle>
        <id>4</id>
        <bndbox>
            <xmax>106</xmax>
            <xmin>91</xmin>
            <ymax>127</ymax>
            <ymin>117</ymin>
        </bndbox>
        <type>2</type>
        <direction>8</direction>
        <previous>7</previous>
    </vehicle>
    <vehicle>
        <id>5</id>
        <bndbox>
            <xmax>233</xmax>
            <xmin>195</xmin>
            <ymax>159</ymax>
            <ymin>140</ymin>
        </bndbox>
        <type>2</type>
        <direction>5</direction>
        <previous>0</previous>
    </vehicle>
    <vehicle>
        <id>6</id>
        <bndbox>
            <xmax>129</xmax>
            <xmin>114</xmin>
            <ymax>124</ymax>
            <ymin>117</ymin>
        </bndbox>
        <type>2</type>
        <direction>5</direction>
        <previous>8</previous>
    </vehicle>
    <vehicle>
        <id>7</id>
        <bndbox>
            <xmax>92</xmax>
            <xmin>84</xmin>
            <ymax>110</ymax>
            <ymin>105</ymin>
        </bndbox>
        <type>4</type>
        <direction>5</direction>
        <previous>9</previous>
    </vehicle>
    <vehicle>
        <id>8</id>
        <bndbox>
            <xmax>182</xmax>
            <xmin>159</xmin>
            <ymax>132</ymax>
            <ymin>118</ymin>
        </bndbox>
        <type>3</type>
        <direction>5</direction>
        <previous>10</previous>
    </vehicle>
    <vehicle>
        <id>9</id>
        <bndbox>
            <xmax>106</xmax>
            <xmin>98</xmin>
            <ymax>111</ymax>
            <ymin>106</ymin>
        </bndbox>
        <type>2</type>
        <direction>5</direction>
        <previous>11</previous>
    </vehicle>
</annotation>
