<annotation>
    <video>[Cam253]-2016_4_29_15h_150f.avi</video>
    <frame>000123</frame>
    <time>2016/04/29 15:02:36</time>
    <width>352</width>
    <height>240</height>
    <weather>2</weather>
    <facing>1</facing>
    <flow>2</flow>
    <vehicle>
        <id>1</id>
        <bndbox>
            <xmax>101</xmax>
            <xmin>83</xmin>
            <ymax>140</ymax>
            <ymin>129</ymin>
        </bndbox>
        <type>2</type>
        <direction>8</direction>
        <previous>3</previous>
    </vehicle>
    <vehicle>
        <id>2</id>
        <bndbox>
            <xmax>69</xmax>
            <xmin>60</xmin>
            <ymax>116</ymax>
            <ymin>109</ymin>
        </bndbox>
        <type>4</type>
        <direction>8</direction>
        <previous>4</previous>
    </vehicle>
    <vehicle>
        <id>3</id>
        <bndbox>
            <xmax>55</xmax>
            <xmin>49</xmin>
            <ymax>111</ymax>
            <ymin>108</ymin>
        </bndbox>
        <type>2</type>
        <direction>8</direction>
        <previous>0</previous>
    </vehicle>
    <vehicle>
        <id>4</id>
        <bndbox>
            <xmax>70</xmax>
            <xmin>67</xmin>
            <ymax>108</ymax>
            <ymin>106</ymin>
        </bndbox>
        <type>2</type>
        <direction>8</direction>
        <previous>0</previous>
    </vehicle>
    <vehicle>
        <id>5</id>
        <bndbox>
            <xmax>158</xmax>
            <xmin>139</xmin>
            <ymax>134</ymax>
            <ymin>123</ymin>
        </bndbox>
        <type>2</type>
        <direction>5</direction>
        <previous>6</previous>
    </vehicle>
    <vehicle>
        <id>6</id>
        <bndbox>
            <xmax>89</xmax>
            <xmin>83</xmin>
            <ymax>109</ymax>
            <ymin>106</ymin>
        </bndbox>
        <type>2</type>
        <direction>5</direction>
        <previous>7</previous>
    </vehicle>
    <vehicle>
        <id>7</id>
        <bndbox>
            <xmax>79</xmax>
            <xmin>77</xmin>
            <ymax>105</ymax>
            <ymin>104</ymin>
        </bndbox>
        <type>3</type>
        <direction>5</direction>
        <previous>8</previous>
    </vehicle>
    <vehicle>
        <id>8</id>
        <bndbox>
            <xmax>345</xmax>
            <xmin>294</xmin>
            <ymax>166</ymax>
            <ymin>145</ymin>
        </bndbox>
        <type>2</type>
        <direction>5</direction>
        <previous>0</previous>
    </vehicle>
    <vehicle>
        <id>9</id>
        <bndbox>
            <xmax>143</xmax>
            <xmin>129</xmin>
            <ymax>122</ymax>
            <ymin>114</ymin>
        </bndbox>
        <type>3</type>
        <direction>5</direction>
        <previous>10</previous>
    </vehicle>
    <vehicle>
        <id>10</id>
        <bndbox>
            <xmax>138</xmax>
            <xmin>127</xmin>
            <ymax>113</ymax>
            <ymin>110</ymin>
        </bndbox>
        <type>2</type>
        <direction>5</direction>
        <previous>11</previous>
    </vehicle>
    <vehicle>
        <id>11</id>
        <bndbox>
            <xmax>94</xmax>
            <xmin>90</xmin>
            <ymax>107</ymax>
            <ymin>105</ymin>
        </bndbox>
        <type>3</type>
        <direction>5</direction>
        <previous>12</previous>
    </vehicle>
</annotation>
