<annotation>
    <video>[Cam253]-2016_4_29_15h_150f.avi</video>
    <frame>000141</frame>
    <time>2016/04/29 15:02:56</time>
    <width>352</width>
    <height>240</height>
    <weather>2</weather>
    <facing>1</facing>
    <flow>2</flow>
    <vehicle>
        <id>1</id>
        <bndbox>
            <xmax>54</xmax>
            <xmin>46</xmin>
            <ymax>112</ymax>
            <ymin>106</ymin>
        </bndbox>
        <type>7</type>
        <direction>8</direction>
        <previous>0</previous>
    </vehicle>
    <vehicle>
        <id>2</id>
        <bndbox>
            <xmax>68</xmax>
            <xmin>59</xmin>
            <ymax>115</ymax>
            <ymin>110</ymin>
        </bndbox>
        <type>3</type>
        <direction>8</direction>
        <previous>1</previous>
    </vehicle>
    <vehicle>
        <id>3</id>
        <bndbox>
            <xmax>57</xmax>
            <xmin>54</xmin>
            <ymax>108</ymax>
            <ymin>105</ymin>
        </bndbox>
        <type>2</type>
        <direction>8</direction>
        <previous>0</previous>
    </vehicle>
    <vehicle>
        <id>4</id>
        <bndbox>
            <xmax>197</xmax>
            <xmin>158</xmin>
            <ymax>176</ymax>
            <ymin>148</ymin>
        </bndbox>
        <type>2</type>
        <direction>8</direction>
        <previous>2</previous>
    </vehicle>
    <vehicle>
        <id>5</id>
        <bndbox>
            <xmax>163</xmax>
            <xmin>140</xmin>
            <ymax>135</ymax>
            <ymin>123</ymin>
        </bndbox>
        <type>2</type>
        <direction>5</direction>
        <previous>3</previous>
    </vehicle>
    <vehicle>
        <id>6</id>
        <bndbox>
            <xmax>110</xmax>
            <xmin>99</xmin>
            <ymax>117</ymax>
            <ymin>111</ymin>
        </bndbox>
        <type>3</type>
        <direction>5</direction>
        <previous>4</previous>
    </vehicle>
    <vehicle>
        <id>7</id>
        <bndbox>
            <xmax>85</xmax>
            <xmin>78</xmin>
            <ymax>109</ymax>
            <ymin>104</ymin>
        </bndbox>
        <type>7</type>
        <direction>5</direction>
        <previous>5</previous>
    </vehicle>
    <vehicle>
        <id>8</id>
        <bndbox>
            <xmax>77</xmax>
            <xmin>72</xmin>
            <ymax>105</ymax>
            <ymin>103</ymin>
        </bndbox>
        <type>3</type>
        <direction>5</direction>
        <previous>6</previous>
    </vehicle>
    <vehicle>
        <id>9</id>
        <bndbox>
            <xmax>335</xmax>
            <xmin>288</xmin>
            <ymax>163</ymax>
            <ymin>143</ymin>
        </bndbox>
        <type>2</type>
        <direction>5</direction>
        <previous>0</previous>
    </vehicle>
    <vehicle>
        <id>10</id>
        <bndbox>
            <xmax>242</xmax>
            <xmin>208</xmin>
            <ymax>150</ymax>
            <ymin>135</ymin>
        </bndbox>
        <type>2</type>
        <direction>5</direction>
        <previous>0</previous>
    </vehicle>
    <vehicle>
        <id>11</id>
        <bndbox>
            <xmax>169</xmax>
            <xmin>152</xmin>
            <ymax>128</ymax>
            <ymin>118</ymin>
        </bndbox>
        <type>2</type>
        <direction>5</direction>
        <previous>7</previous>
    </vehicle>
    <vehicle>
        <id>12</id>
        <bndbox>
            <xmax>125</xmax>
            <xmin>113</xmin>
            <ymax>116</ymax>
            <ymin>109</ymin>
        </bndbox>
        <type>2</type>
        <direction>5</direction>
        <previous>8</previous>
    </vehicle>
    <vehicle>
        <id>13</id>
        <bndbox>
            <xmax>99</xmax>
            <xmin>92</xmin>
            <ymax>109</ymax>
            <ymin>105</ymin>
        </bndbox>
        <type>2</type>
        <direction>5</direction>
        <previous>9</previous>
    </vehicle>
    <vehicle>
        <id>14</id>
        <bndbox>
            <xmax>105</xmax>
            <xmin>99</xmin>
            <ymax>107</ymax>
            <ymin>104</ymin>
        </bndbox>
        <type>2</type>
        <direction>5</direction>
        <previous>10</previous>
    </vehicle>
</annotation>
