<annotation>
    <video>[Cam253]-2016_4_29_15h_150f.avi</video>
    <frame>000126</frame>
    <time>2016/04/29 15:02:39</time>
    <width>352</width>
    <height>240</height>
    <weather>2</weather>
    <facing>1</facing>
    <flow>2</flow>
    <vehicle>
        <id>1</id>
        <bndbox>
            <xmax>61</xmax>
            <xmin>51</xmin>
            <ymax>124</ymax>
            <ymin>118</ymin>
        </bndbox>
        <type>3</type>
        <direction>8</direction>
        <previous>1</previous>
    </vehicle>
    <vehicle>
        <id>2</id>
        <bndbox>
            <xmax>50</xmax>
            <xmin>44</xmin>
            <ymax>110</ymax>
            <ymin>108</ymin>
        </bndbox>
        <type>2</type>
        <direction>8</direction>
        <previous>0</previous>
    </vehicle>
    <vehicle>
        <id>3</id>
        <bndbox>
            <xmax>193</xmax>
            <xmin>136</xmin>
            <ymax>206</ymax>
            <ymin>163</ymin>
        </bndbox>
        <type>4</type>
        <direction>8</direction>
        <previous>2</previous>
    </vehicle>
    <vehicle>
        <id>4</id>
        <bndbox>
            <xmax>149</xmax>
            <xmin>118</xmin>
            <ymax>159</ymax>
            <ymin>138</ymin>
        </bndbox>
        <type>2</type>
        <direction>8</direction>
        <previous>3</previous>
    </vehicle>
    <vehicle>
        <id>5</id>
        <bndbox>
            <xmax>82</xmax>
            <xmin>70</xmin>
            <ymax>126</ymax>
            <ymin>119</ymin>
        </bndbox>
        <type>2</type>
        <direction>8</direction>
        <previous>4</previous>
    </vehicle>
    <vehicle>
        <id>6</id>
        <bndbox>
            <xmax>128</xmax>
            <xmin>109</xmin>
            <ymax>137</ymax>
            <ymin>126</ymin>
        </bndbox>
        <type>2</type>
        <direction>8</direction>
        <previous>5</previous>
    </vehicle>
    <vehicle>
        <id>7</id>
        <bndbox>
            <xmax>95</xmax>
            <xmin>82</xmin>
            <ymax>121</ymax>
            <ymin>113</ymin>
        </bndbox>
        <type>3</type>
        <direction>8</direction>
        <previous>6</previous>
    </vehicle>
    <vehicle>
        <id>8</id>
        <bndbox>
            <xmax>68</xmax>
            <xmin>63</xmin>
            <ymax>108</ymax>
            <ymin>106</ymin>
        </bndbox>
        <type>3</type>
        <direction>8</direction>
        <previous>0</previous>
    </vehicle>
    <vehicle>
        <id>9</id>
        <bndbox>
            <xmax>163</xmax>
            <xmin>142</xmin>
            <ymax>136</ymax>
            <ymin>125</ymin>
        </bndbox>
        <type>2</type>
        <direction>5</direction>
        <previous>7</previous>
    </vehicle>
    <vehicle>
        <id>10</id>
        <bndbox>
            <xmax>84</xmax>
            <xmin>79</xmin>
            <ymax>108</ymax>
            <ymin>105</ymin>
        </bndbox>
        <type>2</type>
        <direction>5</direction>
        <previous>8</previous>
    </vehicle>
    <vehicle>
        <id>11</id>
        <bndbox>
            <xmax>188</xmax>
            <xmin>168</xmin>
            <ymax>128</ymax>
            <ymin>118</ymin>
        </bndbox>
        <type>2</type>
        <direction>5</direction>
        <previous>9</previous>
    </vehicle>
    <vehicle>
        <id>12</id>
        <bndbox>
            <xmax>149</xmax>
            <xmin>132</xmin>
            <ymax>123</ymax>
            <ymin>113</ymin>
        </bndbox>
        <type>7</type>
        <direction>5</direction>
        <previous>10</previous>
    </vehicle>
    <vehicle>
        <id>13</id>
        <bndbox>
            <xmax>118</xmax>
            <xmin>109</xmin>
            <ymax>111</ymax>
            <ymin>107</ymin>
        </bndbox>
        <type>2</type>
        <direction>5</direction>
        <previous>11</previous>
    </vehicle>
    <vehicle>
        <id>14</id>
        <bndbox>
            <xmax>87</xmax>
            <xmin>85</xmin>
            <ymax>104</ymax>
            <ymin>102</ymin>
        </bndbox>
        <type>3</type>
        <direction>5</direction>
        <previous>12</previous>
    </vehicle>
</annotation>
