<annotation>
    <video>[Cam253]-2016_4_29_15h_150f.avi</video>
    <frame>000130</frame>
    <time>2016/04/29 15:02:44</time>
    <width>352</width>
    <height>240</height>
    <weather>2</weather>
    <facing>1</facing>
    <flow>2</flow>
    <vehicle>
        <id>1</id>
        <bndbox>
            <xmax>164</xmax>
            <xmin>107</xmin>
            <ymax>240</ymax>
            <ymin>192</ymin>
        </bndbox>
        <type>2</type>
        <direction>8</direction>
        <previous>1</previous>
    </vehicle>
    <vehicle>
        <id>2</id>
        <bndbox>
            <xmax>63</xmax>
            <xmin>52</xmin>
            <ymax>123</ymax>
            <ymin>116</ymin>
        </bndbox>
        <type>2</type>
        <direction>8</direction>
        <previous>2</previous>
    </vehicle>
    <vehicle>
        <id>3</id>
        <bndbox>
            <xmax>87</xmax>
            <xmin>73</xmin>
            <ymax>129</ymax>
            <ymin>119</ymin>
        </bndbox>
        <type>2</type>
        <direction>8</direction>
        <previous>3</previous>
    </vehicle>
    <vehicle>
        <id>4</id>
        <bndbox>
            <xmax>192</xmax>
            <xmin>152</xmin>
            <ymax>173</ymax>
            <ymin>145</ymin>
        </bndbox>
        <type>3</type>
        <direction>8</direction>
        <previous>4</previous>
    </vehicle>
    <vehicle>
        <id>5</id>
        <bndbox>
            <xmax>69</xmax>
            <xmin>64</xmin>
            <ymax>109</ymax>
            <ymin>105</ymin>
        </bndbox>
        <type>2</type>
        <direction>8</direction>
        <previous>0</previous>
    </vehicle>
    <vehicle>
        <id>6</id>
        <bndbox>
            <xmax>115</xmax>
            <xmin>102</xmin>
            <ymax>119</ymax>
            <ymin>109</ymin>
        </bndbox>
        <type>2</type>
        <direction>5</direction>
        <previous>5</previous>
    </vehicle>
    <vehicle>
        <id>7</id>
        <bndbox>
            <xmax>92</xmax>
            <xmin>85</xmin>
            <ymax>106</ymax>
            <ymin>102</ymin>
        </bndbox>
        <type>4</type>
        <direction>5</direction>
        <previous>7</previous>
    </vehicle>
</annotation>
