<annotation>
    <video>[Cam253]-2016_4_29_15h_150f.avi</video>
    <frame>000122</frame>
    <time>2016/04/29 15:02:35</time>
    <width>352</width>
    <height>240</height>
    <weather>2</weather>
    <facing>1</facing>
    <flow>2</flow>
    <vehicle>
        <id>1</id>
        <bndbox>
            <xmax>104</xmax>
            <xmin>75</xmin>
            <ymax>175</ymax>
            <ymin>147</ymin>
        </bndbox>
        <type>2</type>
        <direction>8</direction>
        <previous>1</previous>
    </vehicle>
    <vehicle>
        <id>2</id>
        <bndbox>
            <xmax>138</xmax>
            <xmin>108</xmin>
            <ymax>169</ymax>
            <ymin>147</ymin>
        </bndbox>
        <type>3</type>
        <direction>8</direction>
        <previous>2</previous>
    </vehicle>
    <vehicle>
        <id>3</id>
        <bndbox>
            <xmax>76</xmax>
            <xmin>66</xmin>
            <ymax>123</ymax>
            <ymin>116</ymin>
        </bndbox>
        <type>2</type>
        <direction>8</direction>
        <previous>3</previous>
    </vehicle>
    <vehicle>
        <id>4</id>
        <bndbox>
            <xmax>61</xmax>
            <xmin>54</xmin>
            <ymax>110</ymax>
            <ymin>106</ymin>
        </bndbox>
        <type>4</type>
        <direction>8</direction>
        <previous>4</previous>
    </vehicle>
    <vehicle>
        <id>5</id>
        <bndbox>
            <xmax>188</xmax>
            <xmin>151</xmin>
            <ymax>168</ymax>
            <ymin>143</ymin>
        </bndbox>
        <type>2</type>
        <direction>8</direction>
        <previous>5</previous>
    </vehicle>
    <vehicle>
        <id>6</id>
        <bndbox>
            <xmax>259</xmax>
            <xmin>218</xmin>
            <ymax>169</ymax>
            <ymin>147</ymin>
        </bndbox>
        <type>2</type>
        <direction>5</direction>
        <previous>0</previous>
    </vehicle>
    <vehicle>
        <id>7</id>
        <bndbox>
            <xmax>105</xmax>
            <xmin>95</xmin>
            <ymax>115</ymax>
            <ymin>110</ymin>
        </bndbox>
        <type>2</type>
        <direction>5</direction>
        <previous>6</previous>
    </vehicle>
    <vehicle>
        <id>8</id>
        <bndbox>
            <xmax>90</xmax>
            <xmin>85</xmin>
            <ymax>109</ymax>
            <ymin>106</ymin>
        </bndbox>
        <type>3</type>
        <direction>5</direction>
        <previous>7</previous>
    </vehicle>
    <vehicle>
        <id>9</id>
        <bndbox>
            <xmax>82</xmax>
            <xmin>76</xmin>
            <ymax>106</ymax>
            <ymin>104</ymin>
        </bndbox>
        <type>2</type>
        <direction>5</direction>
        <previous>8</previous>
    </vehicle>
    <vehicle>
        <id>10</id>
        <bndbox>
            <xmax>199</xmax>
            <xmin>173</xmin>
            <ymax>137</ymax>
            <ymin>124</ymin>
        </bndbox>
        <type>3</type>
        <direction>5</direction>
        <previous>10</previous>
    </vehicle>
    <vehicle>
        <id>11</id>
        <bndbox>
            <xmax>182</xmax>
            <xmin>166</xmin>
            <ymax>126</ymax>
            <ymin>117</ymin>
        </bndbox>
        <type>2</type>
        <direction>5</direction>
        <previous>11</previous>
    </vehicle>
    <vehicle>
        <id>12</id>
        <bndbox>
            <xmax>110</xmax>
            <xmin>105</xmin>
            <ymax>112</ymax>
            <ymin>109</ymin>
        </bndbox>
        <type>3</type>
        <direction>5</direction>
        <previous>12</previous>
    </vehicle>
    <vehicle>
        <id>13</id>
        <bndbox>
            <xmax>103</xmax>
            <xmin>98</xmin>
            <ymax>106</ymax>
            <ymin>105</ymin>
        </bndbox>
        <type>2</type>
        <direction>5</direction>
        <previous>13</previous>
    </vehicle>
    <vehicle>
        <id>14</id>
        <bndbox>
            <xmax>95</xmax>
            <xmin>94</xmin>
            <ymax>104</ymax>
            <ymin>103</ymin>
        </bndbox>
        <type>2</type>
        <direction>5</direction>
        <previous>14</previous>
    </vehicle>
</annotation>
