<annotation>
    <video>[Cam253]-2016_4_29_15h_150f.avi</video>
    <frame>000107</frame>
    <time>2016/04/29 15:02:19</time>
    <width>352</width>
    <height>240</height>
    <weather>2</weather>
    <facing>1</facing>
    <flow>2</flow>
    <vehicle>
        <id>1</id>
        <bndbox>
            <xmax>131</xmax>
            <xmin>79</xmin>
            <ymax>202</ymax>
            <ymin>145</ymin>
        </bndbox>
        <type>8</type>
        <direction>8</direction>
        <previous>1</previous>
    </vehicle>
    <vehicle>
        <id>2</id>
        <bndbox>
            <xmax>54</xmax>
            <xmin>47</xmin>
            <ymax>114</ymax>
            <ymin>110</ymin>
        </bndbox>
        <type>2</type>
        <direction>8</direction>
        <previous>2</previous>
    </vehicle>
    <vehicle>
        <id>3</id>
        <bndbox>
            <xmax>49</xmax>
            <xmin>43</xmin>
            <ymax>108</ymax>
            <ymin>106</ymin>
        </bndbox>
        <type>2</type>
        <direction>8</direction>
        <previous>0</previous>
    </vehicle>
    <vehicle>
        <id>4</id>
        <bndbox>
            <xmax>285</xmax>
            <xmin>220</xmin>
            <ymax>240</ymax>
            <ymin>224</ymin>
        </bndbox>
        <type>2</type>
        <direction>8</direction>
        <previous>4</previous>
    </vehicle>
    <vehicle>
        <id>5</id>
        <bndbox>
            <xmax>121</xmax>
            <xmin>95</xmin>
            <ymax>153</ymax>
            <ymin>135</ymin>
        </bndbox>
        <type>2</type>
        <direction>8</direction>
        <previous>5</previous>
    </vehicle>
    <vehicle>
        <id>6</id>
        <bndbox>
            <xmax>67</xmax>
            <xmin>59</xmin>
            <ymax>115</ymax>
            <ymin>111</ymin>
        </bndbox>
        <type>3</type>
        <direction>8</direction>
        <previous>6</previous>
    </vehicle>
    <vehicle>
        <id>7</id>
        <bndbox>
            <xmax>116</xmax>
            <xmin>100</xmin>
            <ymax>134</ymax>
            <ymin>122</ymin>
        </bndbox>
        <type>1</type>
        <direction>8</direction>
        <previous>7</previous>
    </vehicle>
    <vehicle>
        <id>8</id>
        <bndbox>
            <xmax>94</xmax>
            <xmin>84</xmin>
            <ymax>121</ymax>
            <ymin>114</ymin>
        </bndbox>
        <type>3</type>
        <direction>8</direction>
        <previous>8</previous>
    </vehicle>
    <vehicle>
        <id>9</id>
        <bndbox>
            <xmax>79</xmax>
            <xmin>71</xmin>
            <ymax>113</ymax>
            <ymin>109</ymin>
        </bndbox>
        <type>4</type>
        <direction>8</direction>
        <previous>9</previous>
    </vehicle>
    <vehicle>
        <id>10</id>
        <bndbox>
            <xmax>64</xmax>
            <xmin>62</xmin>
            <ymax>106</ymax>
            <ymin>105</ymin>
        </bndbox>
        <type>3</type>
        <direction>8</direction>
        <previous>0</previous>
    </vehicle>
    <vehicle>
        <id>11</id>
        <bndbox>
            <xmax>110</xmax>
            <xmin>99</xmin>
            <ymax>117</ymax>
            <ymin>111</ymin>
        </bndbox>
        <type>3</type>
        <direction>5</direction>
        <previous>10</previous>
    </vehicle>
    <vehicle>
        <id>12</id>
        <bndbox>
            <xmax>133</xmax>
            <xmin>111</xmin>
            <ymax>117</ymax>
            <ymin>104</ymin>
        </bndbox>
        <type>9</type>
        <direction>5</direction>
        <previous>11</previous>
    </vehicle>
    <vehicle>
        <id>13</id>
        <bndbox>
            <xmax>93</xmax>
            <xmin>86</xmin>
            <ymax>107</ymax>
            <ymin>101</ymin>
        </bndbox>
        <type>2</type>
        <direction>5</direction>
        <previous>12</previous>
    </vehicle>
</annotation>
