<annotation>
    <video>[Cam253]-2016_4_29_15h_150f.avi</video>
    <frame>000147</frame>
    <time>2016/04/29 15:03:02</time>
    <width>352</width>
    <height>240</height>
    <weather>2</weather>
    <facing>1</facing>
    <flow>2</flow>
    <vehicle>
        <id>1</id>
        <bndbox>
            <xmax>63</xmax>
            <xmin>53</xmin>
            <ymax>126</ymax>
            <ymin>118</ymin>
        </bndbox>
        <type>2</type>
        <direction>8</direction>
        <previous>2</previous>
    </vehicle>
    <vehicle>
        <id>2</id>
        <bndbox>
            <xmax>106</xmax>
            <xmin>87</xmin>
            <ymax>143</ymax>
            <ymin>130</ymin>
        </bndbox>
        <type>3</type>
        <direction>8</direction>
        <previous>4</previous>
    </vehicle>
    <vehicle>
        <id>3</id>
        <bndbox>
            <xmax>74</xmax>
            <xmin>64</xmin>
            <ymax>119</ymax>
            <ymin>111</ymin>
        </bndbox>
        <type>2</type>
        <direction>8</direction>
        <previous>5</previous>
    </vehicle>
    <vehicle>
        <id>4</id>
        <bndbox>
            <xmax>87</xmax>
            <xmin>78</xmin>
            <ymax>118</ymax>
            <ymin>111</ymin>
        </bndbox>
        <type>2</type>
        <direction>8</direction>
        <previous>6</previous>
    </vehicle>
    <vehicle>
        <id>5</id>
        <bndbox>
            <xmax>168</xmax>
            <xmin>146</xmin>
            <ymax>138</ymax>
            <ymin>126</ymin>
        </bndbox>
        <type>2</type>
        <direction>5</direction>
        <previous>7</previous>
    </vehicle>
    <vehicle>
        <id>6</id>
        <bndbox>
            <xmax>117</xmax>
            <xmin>105</xmin>
            <ymax>120</ymax>
            <ymin>112</ymin>
        </bndbox>
        <type>2</type>
        <direction>5</direction>
        <previous>8</previous>
    </vehicle>
    <vehicle>
        <id>7</id>
        <bndbox>
            <xmax>91</xmax>
            <xmin>84</xmin>
            <ymax>110</ymax>
            <ymin>107</ymin>
        </bndbox>
        <type>2</type>
        <direction>5</direction>
        <previous>9</previous>
    </vehicle>
    <vehicle>
        <id>8</id>
        <bndbox>
            <xmax>83</xmax>
            <xmin>78</xmin>
            <ymax>107</ymax>
            <ymin>104</ymin>
        </bndbox>
        <type>2</type>
        <direction>5</direction>
        <previous>10</previous>
    </vehicle>
    <vehicle>
        <id>9</id>
        <bndbox>
            <xmax>74</xmax>
            <xmin>73</xmin>
            <ymax>105</ymax>
            <ymin>102</ymin>
        </bndbox>
        <type>2</type>
        <direction>5</direction>
        <previous>11</previous>
    </vehicle>
    <vehicle>
        <id>10</id>
        <bndbox>
            <xmax>326</xmax>
            <xmin>281</xmin>
            <ymax>161</ymax>
            <ymin>142</ymin>
        </bndbox>
        <type>3</type>
        <direction>5</direction>
        <previous>0</previous>
    </vehicle>
    <vehicle>
        <id>11</id>
        <bndbox>
            <xmax>276</xmax>
            <xmin>220</xmin>
            <ymax>158</ymax>
            <ymin>126</ymin>
        </bndbox>
        <type>8</type>
        <direction>5</direction>
        <previous>0</previous>
    </vehicle>
    <vehicle>
        <id>12</id>
        <bndbox>
            <xmax>211</xmax>
            <xmin>187</xmin>
            <ymax>133</ymax>
            <ymin>122</ymin>
        </bndbox>
        <type>1</type>
        <direction>5</direction>
        <previous>12</previous>
    </vehicle>
    <vehicle>
        <id>13</id>
        <bndbox>
            <xmax>153</xmax>
            <xmin>137</xmin>
            <ymax>125</ymax>
            <ymin>115</ymin>
        </bndbox>
        <type>3</type>
        <direction>5</direction>
        <previous>13</previous>
    </vehicle>
    <vehicle>
        <id>14</id>
        <bndbox>
            <xmax>119</xmax>
            <xmin>111</xmin>
            <ymax>114</ymax>
            <ymin>109</ymin>
        </bndbox>
        <type>3</type>
        <direction>5</direction>
        <previous>14</previous>
    </vehicle>
    <vehicle>
        <id>15</id>
        <bndbox>
            <xmax>98</xmax>
            <xmin>90</xmin>
            <ymax>108</ymax>
            <ymin>104</ymin>
        </bndbox>
        <type>4</type>
        <direction>5</direction>
        <previous>15</previous>
    </vehicle>
</annotation>
