<annotation>
    <video>[Cam253]-2016_4_29_15h_150f.avi</video>
    <frame>000133</frame>
    <time>2016/04/29 15:02:47</time>
    <width>352</width>
    <height>240</height>
    <weather>2</weather>
    <facing>1</facing>
    <flow>2</flow>
    <vehicle>
        <id>1</id>
        <bndbox>
            <xmax>124</xmax>
            <xmin>107</xmin>
            <ymax>137</ymax>
            <ymin>124</ymin>
        </bndbox>
        <type>2</type>
        <direction>8</direction>
        <previous>2</previous>
    </vehicle>
    <vehicle>
        <id>2</id>
        <bndbox>
            <xmax>208</xmax>
            <xmin>177</xmin>
            <ymax>152</ymax>
            <ymin>135</ymin>
        </bndbox>
        <type>2</type>
        <direction>5</direction>
        <previous>0</previous>
    </vehicle>
    <vehicle>
        <id>3</id>
        <bndbox>
            <xmax>120</xmax>
            <xmin>108</xmin>
            <ymax>120</ymax>
            <ymin>114</ymin>
        </bndbox>
        <type>3</type>
        <direction>5</direction>
        <previous>3</previous>
    </vehicle>
    <vehicle>
        <id>4</id>
        <bndbox>
            <xmax>352</xmax>
            <xmin>323</xmin>
            <ymax>177</ymax>
            <ymin>151</ymin>
        </bndbox>
        <type>3</type>
        <direction>5</direction>
        <previous>0</previous>
    </vehicle>
    <vehicle>
        <id>5</id>
        <bndbox>
            <xmax>199</xmax>
            <xmin>175</xmin>
            <ymax>137</ymax>
            <ymin>124</ymin>
        </bndbox>
        <type>1</type>
        <direction>5</direction>
        <previous>5</previous>
    </vehicle>
    <vehicle>
        <id>6</id>
        <bndbox>
            <xmax>116</xmax>
            <xmin>105</xmin>
            <ymax>112</ymax>
            <ymin>105</ymin>
        </bndbox>
        <type>7</type>
        <direction>5</direction>
        <previous>6</previous>
    </vehicle>
</annotation>
