<annotation>
    <video>[Cam253]-2016_4_29_15h_150f.avi</video>
    <frame>000142</frame>
    <time>2016/04/29 15:02:57</time>
    <width>352</width>
    <height>240</height>
    <weather>2</weather>
    <facing>1</facing>
    <flow>2</flow>
    <vehicle>
        <id>1</id>
        <bndbox>
            <xmax>57</xmax>
            <xmin>48</xmin>
            <ymax>117</ymax>
            <ymin>107</ymin>
        </bndbox>
        <type>7</type>
        <direction>8</direction>
        <previous>1</previous>
    </vehicle>
    <vehicle>
        <id>2</id>
        <bndbox>
            <xmax>77</xmax>
            <xmin>66</xmin>
            <ymax>122</ymax>
            <ymin>113</ymin>
        </bndbox>
        <type>3</type>
        <direction>8</direction>
        <previous>2</previous>
    </vehicle>
    <vehicle>
        <id>3</id>
        <bndbox>
            <xmax>62</xmax>
            <xmin>57</xmin>
            <ymax>111</ymax>
            <ymin>108</ymin>
        </bndbox>
        <type>2</type>
        <direction>8</direction>
        <previous>3</previous>
    </vehicle>
    <vehicle>
        <id>4</id>
        <bndbox>
            <xmax>286</xmax>
            <xmin>234</xmin>
            <ymax>179</ymax>
            <ymin>156</ymin>
        </bndbox>
        <type>2</type>
        <direction>5</direction>
        <previous>0</previous>
    </vehicle>
    <vehicle>
        <id>5</id>
        <bndbox>
            <xmax>118</xmax>
            <xmin>105</xmin>
            <ymax>120</ymax>
            <ymin>112</ymin>
        </bndbox>
        <type>2</type>
        <direction>5</direction>
        <previous>5</previous>
    </vehicle>
    <vehicle>
        <id>6</id>
        <bndbox>
            <xmax>91</xmax>
            <xmin>83</xmin>
            <ymax>110</ymax>
            <ymin>105</ymin>
        </bndbox>
        <type>3</type>
        <direction>5</direction>
        <previous>6</previous>
    </vehicle>
    <vehicle>
        <id>7</id>
        <bndbox>
            <xmax>232</xmax>
            <xmin>200</xmin>
            <ymax>145</ymax>
            <ymin>129</ymin>
        </bndbox>
        <type>3</type>
        <direction>5</direction>
        <previous>0</previous>
    </vehicle>
    <vehicle>
        <id>8</id>
        <bndbox>
            <xmax>198</xmax>
            <xmin>176</xmin>
            <ymax>129</ymax>
            <ymin>120</ymin>
        </bndbox>
        <type>2</type>
        <direction>5</direction>
        <previous>9</previous>
    </vehicle>
    <vehicle>
        <id>9</id>
        <bndbox>
            <xmax>161</xmax>
            <xmin>143</xmin>
            <ymax>127</ymax>
            <ymin>118</ymin>
        </bndbox>
        <type>2</type>
        <direction>5</direction>
        <previous>10</previous>
    </vehicle>
    <vehicle>
        <id>10</id>
        <bndbox>
            <xmax>130</xmax>
            <xmin>119</xmin>
            <ymax>118</ymax>
            <ymin>111</ymin>
        </bndbox>
        <type>2</type>
        <direction>5</direction>
        <previous>11</previous>
    </vehicle>
    <vehicle>
        <id>11</id>
        <bndbox>
            <xmax>105</xmax>
            <xmin>96</xmin>
            <ymax>110</ymax>
            <ymin>104</ymin>
        </bndbox>
        <type>2</type>
        <direction>5</direction>
        <previous>12</previous>
    </vehicle>
</annotation>
