<annotation>
    <video>[Cam253]-2016_4_29_15h_150f.avi</video>
    <frame>000135</frame>
    <time>2016/04/29 15:02:49</time>
    <width>352</width>
    <height>240</height>
    <weather>2</weather>
    <facing>1</facing>
    <flow>2</flow>
    <vehicle>
        <id>1</id>
        <bndbox>
            <xmax>282</xmax>
            <xmin>235</xmin>
            <ymax>177</ymax>
            <ymin>152</ymin>
        </bndbox>
        <type>2</type>
        <direction>5</direction>
        <previous>0</previous>
    </vehicle>
    <vehicle>
        <id>2</id>
        <bndbox>
            <xmax>131</xmax>
            <xmin>117</xmin>
            <ymax>124</ymax>
            <ymin>116</ymin>
        </bndbox>
        <type>3</type>
        <direction>5</direction>
        <previous>2</previous>
    </vehicle>
    <vehicle>
        <id>3</id>
        <bndbox>
            <xmax>104</xmax>
            <xmin>95</xmin>
            <ymax>115</ymax>
            <ymin>109</ymin>
        </bndbox>
        <type>2</type>
        <direction>5</direction>
        <previous>3</previous>
    </vehicle>
    <vehicle>
        <id>4</id>
        <bndbox>
            <xmax>81</xmax>
            <xmin>75</xmin>
            <ymax>107</ymax>
            <ymin>104</ymin>
        </bndbox>
        <type>3</type>
        <direction>5</direction>
        <previous>4</previous>
    </vehicle>
    <vehicle>
        <id>5</id>
        <bndbox>
            <xmax>287</xmax>
            <xmin>249</xmin>
            <ymax>152</ymax>
            <ymin>135</ymin>
        </bndbox>
        <type>3</type>
        <direction>5</direction>
        <previous>0</previous>
    </vehicle>
    <vehicle>
        <id>6</id>
        <bndbox>
            <xmax>153</xmax>
            <xmin>136</xmin>
            <ymax>120</ymax>
            <ymin>109</ymin>
        </bndbox>
        <type>3</type>
        <direction>5</direction>
        <previous>5</previous>
    </vehicle>
    <vehicle>
        <id>7</id>
        <bndbox>
            <xmax>114</xmax>
            <xmin>104</xmin>
            <ymax>113</ymax>
            <ymin>107</ymin>
        </bndbox>
        <type>1</type>
        <direction>5</direction>
        <previous>6</previous>
    </vehicle>
    <vehicle>
        <id>8</id>
        <bndbox>
            <xmax>85</xmax>
            <xmin>81</xmin>
            <ymax>103</ymax>
            <ymin>102</ymin>
        </bndbox>
        <type>7</type>
        <direction>5</direction>
        <previous>7</previous>
    </vehicle>
</annotation>
