<annotation>
    <video>[Cam253]-2016_4_29_15h_150f.avi</video>
    <frame>000102</frame>
    <time>2016/04/29 15:02:13</time>
    <width>352</width>
    <height>240</height>
    <weather>2</weather>
    <facing>1</facing>
    <flow>2</flow>
    <vehicle>
        <id>1</id>
        <bndbox>
            <xmax>87</xmax>
            <xmin>67</xmin>
            <ymax>153</ymax>
            <ymin>137</ymin>
        </bndbox>
        <type>2</type>
        <direction>8</direction>
        <previous>1</previous>
    </vehicle>
    <vehicle>
        <id>2</id>
        <bndbox>
            <xmax>230</xmax>
            <xmin>168</xmin>
            <ymax>231</ymax>
            <ymin>186</ymin>
        </bndbox>
        <type>3</type>
        <direction>8</direction>
        <previous>2</previous>
    </vehicle>
    <vehicle>
        <id>3</id>
        <bndbox>
            <xmax>122</xmax>
            <xmin>98</xmin>
            <ymax>155</ymax>
            <ymin>139</ymin>
        </bndbox>
        <type>2</type>
        <direction>8</direction>
        <previous>3</previous>
    </vehicle>
    <vehicle>
        <id>4</id>
        <bndbox>
            <xmax>92</xmax>
            <xmin>76</xmin>
            <ymax>134</ymax>
            <ymin>121</ymin>
        </bndbox>
        <type>4</type>
        <direction>8</direction>
        <previous>4</previous>
    </vehicle>
    <vehicle>
        <id>5</id>
        <bndbox>
            <xmax>65</xmax>
            <xmin>56</xmin>
            <ymax>113</ymax>
            <ymin>107</ymin>
        </bndbox>
        <type>4</type>
        <direction>8</direction>
        <previous>5</previous>
    </vehicle>
    <vehicle>
        <id>6</id>
        <bndbox>
            <xmax>168</xmax>
            <xmin>136</xmin>
            <ymax>161</ymax>
            <ymin>142</ymin>
        </bndbox>
        <type>2</type>
        <direction>8</direction>
        <previous>7</previous>
    </vehicle>
    <vehicle>
        <id>7</id>
        <bndbox>
            <xmax>104</xmax>
            <xmin>90</xmin>
            <ymax>127</ymax>
            <ymin>118</ymin>
        </bndbox>
        <type>3</type>
        <direction>8</direction>
        <previous>8</previous>
    </vehicle>
    <vehicle>
        <id>8</id>
        <bndbox>
            <xmax>73</xmax>
            <xmin>66</xmin>
            <ymax>110</ymax>
            <ymin>106</ymin>
        </bndbox>
        <type>3</type>
        <direction>8</direction>
        <previous>0</previous>
    </vehicle>
    <vehicle>
        <id>9</id>
        <bndbox>
            <xmax>176</xmax>
            <xmin>152</xmin>
            <ymax>140</ymax>
            <ymin>125</ymin>
        </bndbox>
        <type>7</type>
        <direction>5</direction>
        <previous>9</previous>
    </vehicle>
    <vehicle>
        <id>10</id>
        <bndbox>
            <xmax>81</xmax>
            <xmin>78</xmin>
            <ymax>107</ymax>
            <ymin>105</ymin>
        </bndbox>
        <type>3</type>
        <direction>5</direction>
        <previous>10</previous>
    </vehicle>
    <vehicle>
        <id>11</id>
        <bndbox>
            <xmax>324</xmax>
            <xmin>271</xmin>
            <ymax>160</ymax>
            <ymin>139</ymin>
        </bndbox>
        <type>3</type>
        <direction>5</direction>
        <previous>0</previous>
    </vehicle>
    <vehicle>
        <id>12</id>
        <bndbox>
            <xmax>207</xmax>
            <xmin>179</xmin>
            <ymax>138</ymax>
            <ymin>123</ymin>
        </bndbox>
        <type>3</type>
        <direction>5</direction>
        <previous>11</previous>
    </vehicle>
    <vehicle>
        <id>13</id>
        <bndbox>
            <xmax>92</xmax>
            <xmin>87</xmin>
            <ymax>107</ymax>
            <ymin>104</ymin>
        </bndbox>
        <type>3</type>
        <direction>5</direction>
        <previous>12</previous>
    </vehicle>
    <vehicle>
        <id>14</id>
        <bndbox>
            <xmax>88</xmax>
            <xmin>86</xmin>
            <ymax>102</ymax>
            <ymin>101</ymin>
        </bndbox>
        <type>3</type>
        <direction>5</direction>
        <previous>13</previous>
    </vehicle>
</annotation>
