<annotation>
    <video>[Cam253]-2016_4_29_15h_150f.avi</video>
    <frame>000114</frame>
    <time>2016/04/29 15:02:26</time>
    <width>352</width>
    <height>240</height>
    <weather>2</weather>
    <facing>1</facing>
    <flow>2</flow>
    <vehicle>
        <id>1</id>
        <bndbox>
            <xmax>102</xmax>
            <xmin>76</xmin>
            <ymax>174</ymax>
            <ymin>154</ymin>
        </bndbox>
        <type>2</type>
        <direction>8</direction>
        <previous>1</previous>
    </vehicle>
    <vehicle>
        <id>2</id>
        <bndbox>
            <xmax>51</xmax>
            <xmin>46</xmin>
            <ymax>111</ymax>
            <ymin>107</ymin>
        </bndbox>
        <type>2</type>
        <direction>8</direction>
        <previous>0</previous>
    </vehicle>
    <vehicle>
        <id>3</id>
        <bndbox>
            <xmax>145</xmax>
            <xmin>112</xmin>
            <ymax>172</ymax>
            <ymin>145</ymin>
        </bndbox>
        <type>2</type>
        <direction>8</direction>
        <previous>2</previous>
    </vehicle>
    <vehicle>
        <id>4</id>
        <bndbox>
            <xmax>93</xmax>
            <xmin>79</xmin>
            <ymax>135</ymax>
            <ymin>125</ymin>
        </bndbox>
        <type>3</type>
        <direction>8</direction>
        <previous>3</previous>
    </vehicle>
    <vehicle>
        <id>5</id>
        <bndbox>
            <xmax>67</xmax>
            <xmin>58</xmin>
            <ymax>115</ymax>
            <ymin>109</ymin>
        </bndbox>
        <type>3</type>
        <direction>8</direction>
        <previous>4</previous>
    </vehicle>
    <vehicle>
        <id>6</id>
        <bndbox>
            <xmax>232</xmax>
            <xmin>180</xmin>
            <ymax>190</ymax>
            <ymin>155</ymin>
        </bndbox>
        <type>2</type>
        <direction>8</direction>
        <previous>5</previous>
    </vehicle>
    <vehicle>
        <id>7</id>
        <bndbox>
            <xmax>149</xmax>
            <xmin>124</xmin>
            <ymax>148</ymax>
            <ymin>133</ymin>
        </bndbox>
        <type>2</type>
        <direction>8</direction>
        <previous>6</previous>
    </vehicle>
    <vehicle>
        <id>8</id>
        <bndbox>
            <xmax>99</xmax>
            <xmin>87</xmin>
            <ymax>124</ymax>
            <ymin>116</ymin>
        </bndbox>
        <type>3</type>
        <direction>8</direction>
        <previous>7</previous>
    </vehicle>
    <vehicle>
        <id>9</id>
        <bndbox>
            <xmax>119</xmax>
            <xmin>108</xmin>
            <ymax>119</ymax>
            <ymin>114</ymin>
        </bndbox>
        <type>3</type>
        <direction>5</direction>
        <previous>8</previous>
    </vehicle>
    <vehicle>
        <id>10</id>
        <bndbox>
            <xmax>74</xmax>
            <xmin>71</xmin>
            <ymax>104</ymax>
            <ymin>103</ymin>
        </bndbox>
        <type>2</type>
        <direction>5</direction>
        <previous>9</previous>
    </vehicle>
    <vehicle>
        <id>11</id>
        <bndbox>
            <xmax>246</xmax>
            <xmin>215</xmin>
            <ymax>142</ymax>
            <ymin>128</ymin>
        </bndbox>
        <type>2</type>
        <direction>5</direction>
        <previous>0</previous>
    </vehicle>
    <vehicle>
        <id>12</id>
        <bndbox>
            <xmax>181</xmax>
            <xmin>162</xmin>
            <ymax>132</ymax>
            <ymin>121</ymin>
        </bndbox>
        <type>2</type>
        <direction>5</direction>
        <previous>10</previous>
    </vehicle>
    <vehicle>
        <id>13</id>
        <bndbox>
            <xmax>135</xmax>
            <xmin>123</xmin>
            <ymax>119</ymax>
            <ymin>112</ymin>
        </bndbox>
        <type>1</type>
        <direction>5</direction>
        <previous>11</previous>
    </vehicle>
    <vehicle>
        <id>14</id>
        <bndbox>
            <xmax>93</xmax>
            <xmin>89</xmin>
            <ymax>107</ymax>
            <ymin>104</ymin>
        </bndbox>
        <type>2</type>
        <direction>5</direction>
        <previous>12</previous>
    </vehicle>
    <vehicle>
        <id>15</id>
        <bndbox>
            <xmax>88</xmax>
            <xmin>86</xmin>
            <ymax>103</ymax>
            <ymin>102</ymin>
        </bndbox>
        <type>2</type>
        <direction>5</direction>
        <previous>13</previous>
    </vehicle>
</annotation>
