<annotation>
    <video>[Cam253]-2016_4_30_18h_150f.avi</video>
    <frame>000067</frame>
    <time>2016/04/30 18:01:32</time>
    <width>352</width>
    <height>240</height>
    <weather>1</weather>
    <facing>1</facing>
    <flow>2</flow>
    <vehicle>
        <id>1</id>
        <bndbox>
            <xmax>316</xmax>
            <xmin>224</xmin>
            <ymax>240</ymax>
            <ymin>196</ymin>
        </bndbox>
        <type>2</type>
        <direction>8</direction>
        <previous>1</previous>
    </vehicle>
    <vehicle>
        <id>2</id>
        <bndbox>
            <xmax>126</xmax>
            <xmin>102</xmin>
            <ymax>139</ymax>
            <ymin>116</ymin>
        </bndbox>
        <type>1</type>
        <direction>8</direction>
        <previous>2</previous>
    </vehicle>
    <vehicle>
        <id>3</id>
        <bndbox>
            <xmax>91</xmax>
            <xmin>78</xmin>
            <ymax>110</ymax>
            <ymin>99</ymin>
        </bndbox>
        <type>2</type>
        <direction>8</direction>
        <previous>3</previous>
    </vehicle>
    <vehicle>
        <id>4</id>
        <bndbox>
            <xmax>77</xmax>
            <xmin>67</xmin>
            <ymax>101</ymax>
            <ymin>92</ymin>
        </bndbox>
        <type>3</type>
        <direction>8</direction>
        <previous>4</previous>
    </vehicle>
    <vehicle>
        <id>5</id>
        <bndbox>
            <xmax>71</xmax>
            <xmin>63</xmin>
            <ymax>95</ymax>
            <ymin>87</ymin>
        </bndbox>
        <type>2</type>
        <direction>8</direction>
        <previous>0</previous>
    </vehicle>
    <vehicle>
        <id>6</id>
        <bndbox>
            <xmax>191</xmax>
            <xmin>153</xmin>
            <ymax>150</ymax>
            <ymin>122</ymin>
        </bndbox>
        <type>2</type>
        <direction>8</direction>
        <previous>6</previous>
    </vehicle>
    <vehicle>
        <id>7</id>
        <bndbox>
            <xmax>121</xmax>
            <xmin>102</xmin>
            <ymax>113</ymax>
            <ymin>100</ymin>
        </bndbox>
        <type>2</type>
        <direction>8</direction>
        <previous>7</previous>
    </vehicle>
    <vehicle>
        <id>8</id>
        <bndbox>
            <xmax>81</xmax>
            <xmin>74</xmin>
            <ymax>93</ymax>
            <ymin>87</ymin>
        </bndbox>
        <type>2</type>
        <direction>8</direction>
        <previous>0</previous>
    </vehicle>
    <vehicle>
        <id>9</id>
        <bndbox>
            <xmax>194</xmax>
            <xmin>166</xmin>
            <ymax>126</ymax>
            <ymin>111</ymin>
        </bndbox>
        <type>2</type>
        <direction>5</direction>
        <previous>8</previous>
    </vehicle>
    <vehicle>
        <id>10</id>
        <bndbox>
            <xmax>112</xmax>
            <xmin>102</xmin>
            <ymax>98</ymax>
            <ymin>91</ymin>
        </bndbox>
        <type>3</type>
        <direction>5</direction>
        <previous>9</previous>
    </vehicle>
    <vehicle>
        <id>11</id>
        <bndbox>
            <xmax>225</xmax>
            <xmin>193</xmin>
            <ymax>125</ymax>
            <ymin>108</ymin>
        </bndbox>
        <type>3</type>
        <direction>5</direction>
        <previous>11</previous>
    </vehicle>
    <vehicle>
        <id>12</id>
        <bndbox>
            <xmax>125</xmax>
            <xmin>115</xmin>
            <ymax>95</ymax>
            <ymin>89</ymin>
        </bndbox>
        <type>1</type>
        <direction>5</direction>
        <previous>12</previous>
    </vehicle>
    <vehicle>
        <id>13</id>
        <bndbox>
            <xmax>103</xmax>
            <xmin>96</xmin>
            <ymax>90</ymax>
            <ymin>84</ymin>
        </bndbox>
        <type>2</type>
        <direction>5</direction>
        <previous>13</previous>
    </vehicle>
    <vehicle>
        <id>14</id>
        <bndbox>
            <xmax>142</xmax>
            <xmin>129</xmin>
            <ymax>96</ymax>
            <ymin>89</ymin>
        </bndbox>
        <type>2</type>
        <direction>5</direction>
        <previous>15</previous>
    </vehicle>
    <vehicle>
        <id>15</id>
        <bndbox>
            <xmax>121</xmax>
            <xmin>111</xmin>
            <ymax>91</ymax>
            <ymin>86</ymin>
        </bndbox>
        <type>3</type>
        <direction>5</direction>
        <previous>16</previous>
    </vehicle>
    <vehicle>
        <id>16</id>
        <bndbox>
            <xmax>97</xmax>
            <xmin>88</xmin>
            <ymax>87</ymax>
            <ymin>82</ymin>
        </bndbox>
        <type>1</type>
        <direction>5</direction>
        <previous>14</previous>
    </vehicle>
</annotation>
