<annotation>
    <video>[Cam253]-2016_4_30_18h_150f.avi</video>
    <frame>000092</frame>
    <time>2016/04/30 18:01:59</time>
    <width>352</width>
    <height>240</height>
    <weather>1</weather>
    <facing>1</facing>
    <flow>2</flow>
    <vehicle>
        <id>1</id>
        <bndbox>
            <xmax>147</xmax>
            <xmin>105</xmin>
            <ymax>186</ymax>
            <ymin>148</ymin>
        </bndbox>
        <type>2</type>
        <direction>8</direction>
        <previous>1</previous>
    </vehicle>
    <vehicle>
        <id>2</id>
        <bndbox>
            <xmax>64</xmax>
            <xmin>53</xmin>
            <ymax>96</ymax>
            <ymin>89</ymin>
        </bndbox>
        <type>2</type>
        <direction>8</direction>
        <previous>0</previous>
    </vehicle>
    <vehicle>
        <id>3</id>
        <bndbox>
            <xmax>107</xmax>
            <xmin>90</xmin>
            <ymax>121</ymax>
            <ymin>106</ymin>
        </bndbox>
        <type>3</type>
        <direction>8</direction>
        <previous>3</previous>
    </vehicle>
    <vehicle>
        <id>4</id>
        <bndbox>
            <xmax>76</xmax>
            <xmin>65</xmin>
            <ymax>97</ymax>
            <ymin>90</ymin>
        </bndbox>
        <type>2</type>
        <direction>8</direction>
        <previous>6</previous>
    </vehicle>
    <vehicle>
        <id>5</id>
        <bndbox>
            <xmax>146</xmax>
            <xmin>123</xmin>
            <ymax>127</ymax>
            <ymin>111</ymin>
        </bndbox>
        <type>1</type>
        <direction>8</direction>
        <previous>4</previous>
    </vehicle>
    <vehicle>
        <id>6</id>
        <bndbox>
            <xmax>91</xmax>
            <xmin>81</xmin>
            <ymax>98</ymax>
            <ymin>89</ymin>
        </bndbox>
        <type>2</type>
        <direction>8</direction>
        <previous>5</previous>
    </vehicle>
    <vehicle>
        <id>7</id>
        <bndbox>
            <xmax>346</xmax>
            <xmin>280</xmin>
            <ymax>179</ymax>
            <ymin>146</ymin>
        </bndbox>
        <type>3</type>
        <direction>5</direction>
        <previous>0</previous>
    </vehicle>
    <vehicle>
        <id>8</id>
        <bndbox>
            <xmax>337</xmax>
            <xmin>281</xmin>
            <ymax>158</ymax>
            <ymin>135</ymin>
        </bndbox>
        <type>2</type>
        <direction>5</direction>
        <previous>0</previous>
    </vehicle>
    <vehicle>
        <id>9</id>
        <bndbox>
            <xmax>173</xmax>
            <xmin>154</xmin>
            <ymax>105</ymax>
            <ymin>94</ymin>
        </bndbox>
        <type>2</type>
        <direction>5</direction>
        <previous>11</previous>
    </vehicle>
    <vehicle>
        <id>10</id>
        <bndbox>
            <xmax>137</xmax>
            <xmin>123</xmin>
            <ymax>99</ymax>
            <ymin>92</ymin>
        </bndbox>
        <type>3</type>
        <direction>5</direction>
        <previous>10</previous>
    </vehicle>
    <vehicle>
        <id>11</id>
        <bndbox>
            <xmax>106</xmax>
            <xmin>96</xmin>
            <ymax>95</ymax>
            <ymin>87</ymin>
        </bndbox>
        <type>3</type>
        <direction>5</direction>
        <previous>7</previous>
    </vehicle>
    <vehicle>
        <id>12</id>
        <bndbox>
            <xmax>123</xmax>
            <xmin>112</xmin>
            <ymax>92</ymax>
            <ymin>85</ymin>
        </bndbox>
        <type>3</type>
        <direction>5</direction>
        <previous>12</previous>
    </vehicle>
    <vehicle>
        <id>13</id>
        <bndbox>
            <xmax>94</xmax>
            <xmin>86</xmin>
            <ymax>92</ymax>
            <ymin>85</ymin>
        </bndbox>
        <type>3</type>
        <direction>5</direction>
        <previous>8</previous>
    </vehicle>
    <vehicle>
        <id>14</id>
        <bndbox>
            <xmax>111</xmax>
            <xmin>103</xmin>
            <ymax>90</ymax>
            <ymin>83</ymin>
        </bndbox>
        <type>3</type>
        <direction>5</direction>
        <previous>13</previous>
    </vehicle>
    <vehicle>
        <id>15</id>
        <bndbox>
            <xmax>103</xmax>
            <xmin>94</xmin>
            <ymax>88</ymax>
            <ymin>82</ymin>
        </bndbox>
        <type>2</type>
        <direction>5</direction>
        <previous>14</previous>
    </vehicle>
</annotation>
