<annotation>
    <video>[Cam253]-2016_4_30_18h_150f.avi</video>
    <frame>000031</frame>
    <time>2016/04/30 18:00:53</time>
    <width>352</width>
    <height>240</height>
    <weather>1</weather>
    <facing>1</facing>
    <flow>2</flow>
    <vehicle>
        <id>1</id>
        <bndbox>
            <xmax>101</xmax>
            <xmin>82</xmin>
            <ymax>115</ymax>
            <ymin>103</ymin>
        </bndbox>
        <type>3</type>
        <direction>8</direction>
        <previous>1</previous>
    </vehicle>
    <vehicle>
        <id>2</id>
        <bndbox>
            <xmax>77</xmax>
            <xmin>68</xmin>
            <ymax>99</ymax>
            <ymin>91</ymin>
        </bndbox>
        <type>1</type>
        <direction>8</direction>
        <previous>2</previous>
    </vehicle>
    <vehicle>
        <id>3</id>
        <bndbox>
            <xmax>112</xmax>
            <xmin>99</xmin>
            <ymax>109</ymax>
            <ymin>99</ymin>
        </bndbox>
        <type>2</type>
        <direction>8</direction>
        <previous>4</previous>
    </vehicle>
    <vehicle>
        <id>4</id>
        <bndbox>
            <xmax>79</xmax>
            <xmin>71</xmin>
            <ymax>91</ymax>
            <ymin>85</ymin>
        </bndbox>
        <type>2</type>
        <direction>8</direction>
        <previous>0</previous>
    </vehicle>
    <vehicle>
        <id>5</id>
        <bndbox>
            <xmax>319</xmax>
            <xmin>261</xmin>
            <ymax>173</ymax>
            <ymin>145</ymin>
        </bndbox>
        <type>2</type>
        <direction>5</direction>
        <previous>0</previous>
    </vehicle>
    <vehicle>
        <id>6</id>
        <bndbox>
            <xmax>184</xmax>
            <xmin>158</xmin>
            <ymax>123</ymax>
            <ymin>108</ymin>
        </bndbox>
        <type>2</type>
        <direction>5</direction>
        <previous>5</previous>
    </vehicle>
    <vehicle>
        <id>7</id>
        <bndbox>
            <xmax>98</xmax>
            <xmin>89</xmin>
            <ymax>93</ymax>
            <ymin>86</ymin>
        </bndbox>
        <type>2</type>
        <direction>5</direction>
        <previous>6</previous>
    </vehicle>
    <vehicle>
        <id>8</id>
        <bndbox>
            <xmax>204</xmax>
            <xmin>181</xmin>
            <ymax>118</ymax>
            <ymin>104</ymin>
        </bndbox>
        <type>7</type>
        <direction>5</direction>
        <previous>7</previous>
    </vehicle>
    <vehicle>
        <id>9</id>
        <bndbox>
            <xmax>135</xmax>
            <xmin>125</xmin>
            <ymax>96</ymax>
            <ymin>90</ymin>
        </bndbox>
        <type>3</type>
        <direction>5</direction>
        <previous>8</previous>
    </vehicle>
    <vehicle>
        <id>10</id>
        <bndbox>
            <xmax>93</xmax>
            <xmin>86</xmin>
            <ymax>87</ymax>
            <ymin>83</ymin>
        </bndbox>
        <type>3</type>
        <direction>5</direction>
        <previous>9</previous>
    </vehicle>
</annotation>
