<annotation>
    <video>[Cam253]-2016_4_30_18h_150f.avi</video>
    <frame>000004</frame>
    <time>2016/04/30 18:00:23</time>
    <width>352</width>
    <height>240</height>
    <weather>1</weather>
    <facing>1</facing>
    <flow>2</flow>
    <vehicle>
        <id>1</id>
        <bndbox>
            <xmax>77</xmax>
            <xmin>64</xmin>
            <ymax>113</ymax>
            <ymin>102</ymin>
        </bndbox>
        <type>3</type>
        <direction>8</direction>
        <previous>1</previous>
    </vehicle>
    <vehicle>
        <id>2</id>
        <bndbox>
            <xmax>67</xmax>
            <xmin>57</xmin>
            <ymax>104</ymax>
            <ymin>97</ymin>
        </bndbox>
        <type>2</type>
        <direction>8</direction>
        <previous>2</previous>
    </vehicle>
    <vehicle>
        <id>3</id>
        <bndbox>
            <xmax>60</xmax>
            <xmin>53</xmin>
            <ymax>97</ymax>
            <ymin>91</ymin>
        </bndbox>
        <type>3</type>
        <direction>8</direction>
        <previous>0</previous>
    </vehicle>
    <vehicle>
        <id>4</id>
        <bndbox>
            <xmax>95</xmax>
            <xmin>82</xmin>
            <ymax>112</ymax>
            <ymin>101</ymin>
        </bndbox>
        <type>3</type>
        <direction>8</direction>
        <previous>4</previous>
    </vehicle>
    <vehicle>
        <id>5</id>
        <bndbox>
            <xmax>77</xmax>
            <xmin>66</xmin>
            <ymax>99</ymax>
            <ymin>91</ymin>
        </bndbox>
        <type>3</type>
        <direction>8</direction>
        <previous>5</previous>
    </vehicle>
    <vehicle>
        <id>6</id>
        <bndbox>
            <xmax>133</xmax>
            <xmin>114</xmin>
            <ymax>121</ymax>
            <ymin>104</ymin>
        </bndbox>
        <type>1</type>
        <direction>8</direction>
        <previous>6</previous>
    </vehicle>
    <vehicle>
        <id>7</id>
        <bndbox>
            <xmax>87</xmax>
            <xmin>78</xmin>
            <ymax>95</ymax>
            <ymin>89</ymin>
        </bndbox>
        <type>2</type>
        <direction>8</direction>
        <previous>7</previous>
    </vehicle>
    <vehicle>
        <id>8</id>
        <bndbox>
            <xmax>272</xmax>
            <xmin>226</xmin>
            <ymax>154</ymax>
            <ymin>129</ymin>
        </bndbox>
        <type>3</type>
        <direction>5</direction>
        <previous>0</previous>
    </vehicle>
    <vehicle>
        <id>9</id>
        <bndbox>
            <xmax>109</xmax>
            <xmin>100</xmin>
            <ymax>96</ymax>
            <ymin>88</ymin>
        </bndbox>
        <type>3</type>
        <direction>5</direction>
        <previous>10</previous>
    </vehicle>
    <vehicle>
        <id>10</id>
        <bndbox>
            <xmax>95</xmax>
            <xmin>89</xmin>
            <ymax>91</ymax>
            <ymin>86</ymin>
        </bndbox>
        <type>1</type>
        <direction>5</direction>
        <previous>8</previous>
    </vehicle>
    <vehicle>
        <id>11</id>
        <bndbox>
            <xmax>85</xmax>
            <xmin>78</xmin>
            <ymax>89</ymax>
            <ymin>83</ymin>
        </bndbox>
        <type>2</type>
        <direction>5</direction>
        <previous>11</previous>
    </vehicle>
    <vehicle>
        <id>12</id>
        <bndbox>
            <xmax>147</xmax>
            <xmin>135</xmin>
            <ymax>101</ymax>
            <ymin>92</ymin>
        </bndbox>
        <type>2</type>
        <direction>5</direction>
        <previous>12</previous>
    </vehicle>
    <vehicle>
        <id>13</id>
        <bndbox>
            <xmax>129</xmax>
            <xmin>118</xmin>
            <ymax>98</ymax>
            <ymin>90</ymin>
        </bndbox>
        <type>1</type>
        <direction>5</direction>
        <previous>13</previous>
    </vehicle>
    <vehicle>
        <id>14</id>
        <bndbox>
            <xmax>100</xmax>
            <xmin>93</xmin>
            <ymax>90</ymax>
            <ymin>84</ymin>
        </bndbox>
        <type>2</type>
        <direction>5</direction>
        <previous>14</previous>
    </vehicle>
    <vehicle>
        <id>15</id>
        <bndbox>
            <xmax>189</xmax>
            <xmin>170</xmin>
            <ymax>108</ymax>
            <ymin>98</ymin>
        </bndbox>
        <type>3</type>
        <direction>5</direction>
        <previous>16</previous>
    </vehicle>
    <vehicle>
        <id>16</id>
        <bndbox>
            <xmax>143</xmax>
            <xmin>130</xmin>
            <ymax>97</ymax>
            <ymin>90</ymin>
        </bndbox>
        <type>3</type>
        <direction>5</direction>
        <previous>17</previous>
    </vehicle>
    <vehicle>
        <id>17</id>
        <bndbox>
            <xmax>122</xmax>
            <xmin>112</xmin>
            <ymax>91</ymax>
            <ymin>86</ymin>
        </bndbox>
        <type>2</type>
        <direction>5</direction>
        <previous>18</previous>
    </vehicle>
</annotation>
