<annotation>
    <video>[Cam253]-2016_4_30_18h_150f.avi</video>
    <frame>000036</frame>
    <time>2016/04/30 18:00:58</time>
    <width>352</width>
    <height>240</height>
    <weather>1</weather>
    <facing>1</facing>
    <flow>2</flow>
    <vehicle>
        <id>1</id>
        <bndbox>
            <xmax>177</xmax>
            <xmin>120</xmin>
            <ymax>225</ymax>
            <ymin>170</ymin>
        </bndbox>
        <type>2</type>
        <direction>8</direction>
        <previous>1</previous>
    </vehicle>
    <vehicle>
        <id>2</id>
        <bndbox>
            <xmax>169</xmax>
            <xmin>129</xmin>
            <ymax>168</ymax>
            <ymin>133</ymin>
        </bndbox>
        <type>3</type>
        <direction>8</direction>
        <previous>3</previous>
    </vehicle>
    <vehicle>
        <id>3</id>
        <bndbox>
            <xmax>79</xmax>
            <xmin>71</xmin>
            <ymax>100</ymax>
            <ymin>93</ymin>
        </bndbox>
        <type>2</type>
        <direction>8</direction>
        <previous>4</previous>
    </vehicle>
    <vehicle>
        <id>4</id>
        <bndbox>
            <xmax>351</xmax>
            <xmin>259</xmin>
            <ymax>231</ymax>
            <ymin>167</ymin>
        </bndbox>
        <type>2</type>
        <direction>8</direction>
        <previous>5</previous>
    </vehicle>
    <vehicle>
        <id>5</id>
        <bndbox>
            <xmax>187</xmax>
            <xmin>155</xmin>
            <ymax>146</ymax>
            <ymin>124</ymin>
        </bndbox>
        <type>3</type>
        <direction>8</direction>
        <previous>6</previous>
    </vehicle>
    <vehicle>
        <id>6</id>
        <bndbox>
            <xmax>91</xmax>
            <xmin>81</xmin>
            <ymax>99</ymax>
            <ymin>91</ymin>
        </bndbox>
        <type>2</type>
        <direction>8</direction>
        <previous>7</previous>
    </vehicle>
    <vehicle>
        <id>7</id>
        <bndbox>
            <xmax>83</xmax>
            <xmin>75</xmin>
            <ymax>94</ymax>
            <ymin>87</ymin>
        </bndbox>
        <type>2</type>
        <direction>8</direction>
        <previous>0</previous>
    </vehicle>
    <vehicle>
        <id>8</id>
        <bndbox>
            <xmax>119</xmax>
            <xmin>108</xmin>
            <ymax>100</ymax>
            <ymin>93</ymin>
        </bndbox>
        <type>2</type>
        <direction>5</direction>
        <previous>8</previous>
    </vehicle>
    <vehicle>
        <id>9</id>
        <bndbox>
            <xmax>89</xmax>
            <xmin>82</xmin>
            <ymax>90</ymax>
            <ymin>83</ymin>
        </bndbox>
        <type>2</type>
        <direction>5</direction>
        <previous>9</previous>
    </vehicle>
    <vehicle>
        <id>10</id>
        <bndbox>
            <xmax>200</xmax>
            <xmin>172</xmin>
            <ymax>119</ymax>
            <ymin>102</ymin>
        </bndbox>
        <type>2</type>
        <direction>5</direction>
        <previous>11</previous>
    </vehicle>
    <vehicle>
        <id>11</id>
        <bndbox>
            <xmax>134</xmax>
            <xmin>122</xmin>
            <ymax>100</ymax>
            <ymin>90</ymin>
        </bndbox>
        <type>2</type>
        <direction>5</direction>
        <previous>12</previous>
    </vehicle>
    <vehicle>
        <id>12</id>
        <bndbox>
            <xmax>124</xmax>
            <xmin>113</xmin>
            <ymax>92</ymax>
            <ymin>86</ymin>
        </bndbox>
        <type>2</type>
        <direction>5</direction>
        <previous>14</previous>
    </vehicle>
    <vehicle>
        <id>13</id>
        <bndbox>
            <xmax>110</xmax>
            <xmin>101</xmin>
            <ymax>92</ymax>
            <ymin>85</ymin>
        </bndbox>
        <type>3</type>
        <direction>5</direction>
        <previous>13</previous>
    </vehicle>
</annotation>
