<annotation>
    <video>[Cam253]-2016_4_30_18h_150f.avi</video>
    <frame>000050</frame>
    <time>2016/04/30 18:01:13</time>
    <width>352</width>
    <height>240</height>
    <weather>1</weather>
    <facing>1</facing>
    <flow>2</flow>
    <vehicle>
        <id>1</id>
        <bndbox>
            <xmax>100</xmax>
            <xmin>77</xmin>
            <ymax>142</ymax>
            <ymin>124</ymin>
        </bndbox>
        <type>2</type>
        <direction>8</direction>
        <previous>1</previous>
    </vehicle>
    <vehicle>
        <id>2</id>
        <bndbox>
            <xmax>71</xmax>
            <xmin>60</xmin>
            <ymax>109</ymax>
            <ymin>98</ymin>
        </bndbox>
        <type>2</type>
        <direction>8</direction>
        <previous>2</previous>
    </vehicle>
    <vehicle>
        <id>3</id>
        <bndbox>
            <xmax>63</xmax>
            <xmin>57</xmin>
            <ymax>96</ymax>
            <ymin>89</ymin>
        </bndbox>
        <type>3</type>
        <direction>8</direction>
        <previous>3</previous>
    </vehicle>
    <vehicle>
        <id>4</id>
        <bndbox>
            <xmax>103</xmax>
            <xmin>87</xmin>
            <ymax>118</ymax>
            <ymin>103</ymin>
        </bndbox>
        <type>2</type>
        <direction>8</direction>
        <previous>4</previous>
    </vehicle>
    <vehicle>
        <id>5</id>
        <bndbox>
            <xmax>84</xmax>
            <xmin>73</xmin>
            <ymax>106</ymax>
            <ymin>97</ymin>
        </bndbox>
        <type>3</type>
        <direction>8</direction>
        <previous>5</previous>
    </vehicle>
    <vehicle>
        <id>6</id>
        <bndbox>
            <xmax>117</xmax>
            <xmin>103</xmin>
            <ymax>111</ymax>
            <ymin>99</ymin>
        </bndbox>
        <type>1</type>
        <direction>8</direction>
        <previous>6</previous>
    </vehicle>
    <vehicle>
        <id>7</id>
        <bndbox>
            <xmax>76</xmax>
            <xmin>68</xmin>
            <ymax>91</ymax>
            <ymin>86</ymin>
        </bndbox>
        <type>2</type>
        <direction>8</direction>
        <previous>0</previous>
    </vehicle>
    <vehicle>
        <id>8</id>
        <bndbox>
            <xmax>252</xmax>
            <xmin>211</xmin>
            <ymax>148</ymax>
            <ymin>126</ymin>
        </bndbox>
        <type>3</type>
        <direction>5</direction>
        <previous>0</previous>
    </vehicle>
    <vehicle>
        <id>9</id>
        <bndbox>
            <xmax>185</xmax>
            <xmin>162</xmin>
            <ymax>122</ymax>
            <ymin>109</ymin>
        </bndbox>
        <type>3</type>
        <direction>5</direction>
        <previous>7</previous>
    </vehicle>
    <vehicle>
        <id>10</id>
        <bndbox>
            <xmax>126</xmax>
            <xmin>112</xmin>
            <ymax>101</ymax>
            <ymin>92</ymin>
        </bndbox>
        <type>3</type>
        <direction>5</direction>
        <previous>8</previous>
    </vehicle>
    <vehicle>
        <id>11</id>
        <bndbox>
            <xmax>119</xmax>
            <xmin>109</xmin>
            <ymax>95</ymax>
            <ymin>88</ymin>
        </bndbox>
        <type>3</type>
        <direction>5</direction>
        <previous>10</previous>
    </vehicle>
    <vehicle>
        <id>12</id>
        <bndbox>
            <xmax>106</xmax>
            <xmin>97</xmin>
            <ymax>91</ymax>
            <ymin>84</ymin>
        </bndbox>
        <type>1</type>
        <direction>5</direction>
        <previous>11</previous>
    </vehicle>
    <vehicle>
        <id>13</id>
        <bndbox>
            <xmax>92</xmax>
            <xmin>84</xmin>
            <ymax>90</ymax>
            <ymin>84</ymin>
        </bndbox>
        <type>2</type>
        <direction>5</direction>
        <previous>9</previous>
    </vehicle>
</annotation>
