<annotation>
    <video>[Cam253]-2016_4_30_18h_150f.avi</video>
    <frame>000051</frame>
    <time>2016/04/30 18:01:14</time>
    <width>352</width>
    <height>240</height>
    <weather>1</weather>
    <facing>1</facing>
    <flow>2</flow>
    <vehicle>
        <id>1</id>
        <bndbox>
            <xmax>158</xmax>
            <xmin>109</xmin>
            <ymax>208</ymax>
            <ymin>166</ymin>
        </bndbox>
        <type>2</type>
        <direction>8</direction>
        <previous>1</previous>
    </vehicle>
    <vehicle>
        <id>2</id>
        <bndbox>
            <xmax>83</xmax>
            <xmin>66</xmin>
            <ymax>123</ymax>
            <ymin>109</ymin>
        </bndbox>
        <type>2</type>
        <direction>8</direction>
        <previous>2</previous>
    </vehicle>
    <vehicle>
        <id>3</id>
        <bndbox>
            <xmax>66</xmax>
            <xmin>58</xmin>
            <ymax>100</ymax>
            <ymin>93</ymin>
        </bndbox>
        <type>3</type>
        <direction>8</direction>
        <previous>3</previous>
    </vehicle>
    <vehicle>
        <id>4</id>
        <bndbox>
            <xmax>138</xmax>
            <xmin>110</xmin>
            <ymax>141</ymax>
            <ymin>117</ymin>
        </bndbox>
        <type>2</type>
        <direction>8</direction>
        <previous>4</previous>
    </vehicle>
    <vehicle>
        <id>5</id>
        <bndbox>
            <xmax>110</xmax>
            <xmin>94</xmin>
            <ymax>121</ymax>
            <ymin>108</ymin>
        </bndbox>
        <type>3</type>
        <direction>8</direction>
        <previous>5</previous>
    </vehicle>
    <vehicle>
        <id>6</id>
        <bndbox>
            <xmax>167</xmax>
            <xmin>140</xmin>
            <ymax>135</ymax>
            <ymin>117</ymin>
        </bndbox>
        <type>1</type>
        <direction>8</direction>
        <previous>6</previous>
    </vehicle>
    <vehicle>
        <id>7</id>
        <bndbox>
            <xmax>84</xmax>
            <xmin>74</xmin>
            <ymax>95</ymax>
            <ymin>87</ymin>
        </bndbox>
        <type>2</type>
        <direction>8</direction>
        <previous>7</previous>
    </vehicle>
    <vehicle>
        <id>8</id>
        <bndbox>
            <xmax>162</xmax>
            <xmin>142</xmin>
            <ymax>115</ymax>
            <ymin>104</ymin>
        </bndbox>
        <type>3</type>
        <direction>5</direction>
        <previous>8</previous>
    </vehicle>
    <vehicle>
        <id>9</id>
        <bndbox>
            <xmax>135</xmax>
            <xmin>121</xmin>
            <ymax>105</ymax>
            <ymin>96</ymin>
        </bndbox>
        <type>3</type>
        <direction>5</direction>
        <previous>9</previous>
    </vehicle>
    <vehicle>
        <id>10</id>
        <bndbox>
            <xmax>106</xmax>
            <xmin>97</xmin>
            <ymax>95</ymax>
            <ymin>88</ymin>
        </bndbox>
        <type>3</type>
        <direction>5</direction>
        <previous>10</previous>
    </vehicle>
    <vehicle>
        <id>11</id>
        <bndbox>
            <xmax>303</xmax>
            <xmin>256</xmin>
            <ymax>150</ymax>
            <ymin>129</ymin>
        </bndbox>
        <type>3</type>
        <direction>5</direction>
        <previous>0</previous>
    </vehicle>
    <vehicle>
        <id>12</id>
        <bndbox>
            <xmax>270</xmax>
            <xmin>233</xmin>
            <ymax>128</ymax>
            <ymin>111</ymin>
        </bndbox>
        <type>2</type>
        <direction>5</direction>
        <previous>0</previous>
    </vehicle>
    <vehicle>
        <id>13</id>
        <bndbox>
            <xmax>99</xmax>
            <xmin>91</xmin>
            <ymax>88</ymax>
            <ymin>83</ymin>
        </bndbox>
        <type>3</type>
        <direction>5</direction>
        <previous>11</previous>
    </vehicle>
    <vehicle>
        <id>14</id>
        <bndbox>
            <xmax>93</xmax>
            <xmin>85</xmin>
            <ymax>87</ymax>
            <ymin>81</ymin>
        </bndbox>
        <type>1</type>
        <direction>5</direction>
        <previous>12</previous>
    </vehicle>
</annotation>
