<annotation>
    <video>[Cam253]-2016_4_30_18h_150f.avi</video>
    <frame>000006</frame>
    <time>2016/04/30 18:00:25</time>
    <width>352</width>
    <height>240</height>
    <weather>1</weather>
    <facing>1</facing>
    <flow>2</flow>
    <vehicle>
        <id>1</id>
        <bndbox>
            <xmax>164</xmax>
            <xmin>115</xmin>
            <ymax>212</ymax>
            <ymin>164</ymin>
        </bndbox>
        <type>3</type>
        <direction>8</direction>
        <previous>1</previous>
    </vehicle>
    <vehicle>
        <id>2</id>
        <bndbox>
            <xmax>110</xmax>
            <xmin>82</xmin>
            <ymax>155</ymax>
            <ymin>134</ymin>
        </bndbox>
        <type>2</type>
        <direction>8</direction>
        <previous>2</previous>
    </vehicle>
    <vehicle>
        <id>3</id>
        <bndbox>
            <xmax>74</xmax>
            <xmin>62</xmin>
            <ymax>114</ymax>
            <ymin>104</ymin>
        </bndbox>
        <type>3</type>
        <direction>8</direction>
        <previous>3</previous>
    </vehicle>
    <vehicle>
        <id>4</id>
        <bndbox>
            <xmax>182</xmax>
            <xmin>139</xmin>
            <ymax>176</ymax>
            <ymin>143</ymin>
        </bndbox>
        <type>3</type>
        <direction>8</direction>
        <previous>4</previous>
    </vehicle>
    <vehicle>
        <id>5</id>
        <bndbox>
            <xmax>100</xmax>
            <xmin>85</xmin>
            <ymax>119</ymax>
            <ymin>107</ymin>
        </bndbox>
        <type>3</type>
        <direction>8</direction>
        <previous>5</previous>
    </vehicle>
    <vehicle>
        <id>6</id>
        <bndbox>
            <xmax>90</xmax>
            <xmin>76</xmin>
            <ymax>111</ymax>
            <ymin>101</ymin>
        </bndbox>
        <type>2</type>
        <direction>8</direction>
        <previous>6</previous>
    </vehicle>
    <vehicle>
        <id>7</id>
        <bndbox>
            <xmax>71</xmax>
            <xmin>63</xmin>
            <ymax>95</ymax>
            <ymin>89</ymin>
        </bndbox>
        <type>1</type>
        <direction>8</direction>
        <previous>0</previous>
    </vehicle>
    <vehicle>
        <id>8</id>
        <bndbox>
            <xmax>125</xmax>
            <xmin>106</xmin>
            <ymax>115</ymax>
            <ymin>103</ymin>
        </bndbox>
        <type>2</type>
        <direction>8</direction>
        <previous>8</previous>
    </vehicle>
    <vehicle>
        <id>9</id>
        <bndbox>
            <xmax>227</xmax>
            <xmin>193</xmin>
            <ymax>138</ymax>
            <ymin>120</ymin>
        </bndbox>
        <type>3</type>
        <direction>5</direction>
        <previous>0</previous>
    </vehicle>
    <vehicle>
        <id>10</id>
        <bndbox>
            <xmax>128</xmax>
            <xmin>115</xmin>
            <ymax>103</ymax>
            <ymin>94</ymin>
        </bndbox>
        <type>3</type>
        <direction>5</direction>
        <previous>9</previous>
    </vehicle>
    <vehicle>
        <id>11</id>
        <bndbox>
            <xmax>91</xmax>
            <xmin>84</xmin>
            <ymax>90</ymax>
            <ymin>84</ymin>
        </bndbox>
        <type>2</type>
        <direction>5</direction>
        <previous>11</previous>
    </vehicle>
    <vehicle>
        <id>12</id>
        <bndbox>
            <xmax>208</xmax>
            <xmin>183</xmin>
            <ymax>121</ymax>
            <ymin>106</ymin>
        </bndbox>
        <type>2</type>
        <direction>5</direction>
        <previous>12</previous>
    </vehicle>
    <vehicle>
        <id>13</id>
        <bndbox>
            <xmax>103</xmax>
            <xmin>96</xmin>
            <ymax>91</ymax>
            <ymin>84</ymin>
        </bndbox>
        <type>1</type>
        <direction>5</direction>
        <previous>13</previous>
    </vehicle>
    <vehicle>
        <id>14</id>
        <bndbox>
            <xmax>194</xmax>
            <xmin>174</xmin>
            <ymax>110</ymax>
            <ymin>99</ymin>
        </bndbox>
        <type>2</type>
        <direction>5</direction>
        <previous>14</previous>
    </vehicle>
    <vehicle>
        <id>15</id>
        <bndbox>
            <xmax>136</xmax>
            <xmin>125</xmin>
            <ymax>94</ymax>
            <ymin>88</ymin>
        </bndbox>
        <type>3</type>
        <direction>5</direction>
        <previous>15</previous>
    </vehicle>
    <vehicle>
        <id>16</id>
        <bndbox>
            <xmax>117</xmax>
            <xmin>106</xmin>
            <ymax>92</ymax>
            <ymin>85</ymin>
        </bndbox>
        <type>3</type>
        <direction>5</direction>
        <previous>16</previous>
    </vehicle>
</annotation>
