<annotation>
    <video>[Cam253]-2016_4_30_18h_150f.avi</video>
    <frame>000084</frame>
    <time>2016/04/30 18:01:50</time>
    <width>352</width>
    <height>240</height>
    <weather>1</weather>
    <facing>1</facing>
    <flow>2</flow>
    <vehicle>
        <id>1</id>
        <bndbox>
            <xmax>63</xmax>
            <xmin>54</xmin>
            <ymax>97</ymax>
            <ymin>89</ymin>
        </bndbox>
        <type>2</type>
        <direction>8</direction>
        <previous>0</previous>
    </vehicle>
    <vehicle>
        <id>2</id>
        <bndbox>
            <xmax>112</xmax>
            <xmin>94</xmin>
            <ymax>123</ymax>
            <ymin>108</ymin>
        </bndbox>
        <type>3</type>
        <direction>8</direction>
        <previous>1</previous>
    </vehicle>
    <vehicle>
        <id>3</id>
        <bndbox>
            <xmax>77</xmax>
            <xmin>67</xmin>
            <ymax>100</ymax>
            <ymin>92</ymin>
        </bndbox>
        <type>2</type>
        <direction>8</direction>
        <previous>2</previous>
    </vehicle>
    <vehicle>
        <id>4</id>
        <bndbox>
            <xmax>194</xmax>
            <xmin>158</xmin>
            <ymax>153</ymax>
            <ymin>129</ymin>
        </bndbox>
        <type>3</type>
        <direction>8</direction>
        <previous>3</previous>
    </vehicle>
    <vehicle>
        <id>5</id>
        <bndbox>
            <xmax>118</xmax>
            <xmin>103</xmin>
            <ymax>112</ymax>
            <ymin>101</ymin>
        </bndbox>
        <type>2</type>
        <direction>8</direction>
        <previous>4</previous>
    </vehicle>
    <vehicle>
        <id>6</id>
        <bndbox>
            <xmax>351</xmax>
            <xmin>320</xmin>
            <ymax>192</ymax>
            <ymin>165</ymin>
        </bndbox>
        <type>2</type>
        <direction>5</direction>
        <previous>0</previous>
    </vehicle>
    <vehicle>
        <id>7</id>
        <bndbox>
            <xmax>138</xmax>
            <xmin>121</xmin>
            <ymax>106</ymax>
            <ymin>90</ymin>
        </bndbox>
        <type>2</type>
        <direction>5</direction>
        <previous>5</previous>
    </vehicle>
    <vehicle>
        <id>8</id>
        <bndbox>
            <xmax>108</xmax>
            <xmin>97</xmin>
            <ymax>96</ymax>
            <ymin>87</ymin>
        </bndbox>
        <type>7</type>
        <direction>5</direction>
        <previous>6</previous>
    </vehicle>
    <vehicle>
        <id>9</id>
        <bndbox>
            <xmax>277</xmax>
            <xmin>231</xmin>
            <ymax>141</ymax>
            <ymin>119</ymin>
        </bndbox>
        <type>2</type>
        <direction>5</direction>
        <previous>7</previous>
    </vehicle>
    <vehicle>
        <id>10</id>
        <bndbox>
            <xmax>176</xmax>
            <xmin>158</xmin>
            <ymax>112</ymax>
            <ymin>99</ymin>
        </bndbox>
        <type>2</type>
        <direction>5</direction>
        <previous>8</previous>
    </vehicle>
    <vehicle>
        <id>11</id>
        <bndbox>
            <xmax>153</xmax>
            <xmin>139</xmin>
            <ymax>99</ymax>
            <ymin>91</ymin>
        </bndbox>
        <type>3</type>
        <direction>5</direction>
        <previous>9</previous>
    </vehicle>
    <vehicle>
        <id>12</id>
        <bndbox>
            <xmax>117</xmax>
            <xmin>109</xmin>
            <ymax>91</ymax>
            <ymin>84</ymin>
        </bndbox>
        <type>3</type>
        <direction>5</direction>
        <previous>10</previous>
    </vehicle>
    <vehicle>
        <id>13</id>
        <bndbox>
            <xmax>100</xmax>
            <xmin>91</xmin>
            <ymax>89</ymax>
            <ymin>82</ymin>
        </bndbox>
        <type>2</type>
        <direction>5</direction>
        <previous>12</previous>
    </vehicle>
</annotation>
