<annotation>
    <video>[Cam253]-2016_4_30_18h_150f.avi</video>
    <frame>000007</frame>
    <time>2016/04/30 18:00:27</time>
    <width>352</width>
    <height>240</height>
    <weather>1</weather>
    <facing>1</facing>
    <flow>2</flow>
    <vehicle>
        <id>1</id>
        <bndbox>
            <xmax>95</xmax>
            <xmin>75</xmin>
            <ymax>139</ymax>
            <ymin>122</ymin>
        </bndbox>
        <type>3</type>
        <direction>8</direction>
        <previous>3</previous>
    </vehicle>
    <vehicle>
        <id>2</id>
        <bndbox>
            <xmax>129</xmax>
            <xmin>108</xmin>
            <ymax>142</ymax>
            <ymin>124</ymin>
        </bndbox>
        <type>3</type>
        <direction>8</direction>
        <previous>5</previous>
    </vehicle>
    <vehicle>
        <id>3</id>
        <bndbox>
            <xmax>123</xmax>
            <xmin>100</xmin>
            <ymax>126</ymax>
            <ymin>112</ymin>
        </bndbox>
        <type>2</type>
        <direction>8</direction>
        <previous>6</previous>
    </vehicle>
    <vehicle>
        <id>4</id>
        <bndbox>
            <xmax>79</xmax>
            <xmin>68</xmin>
            <ymax>101</ymax>
            <ymin>91</ymin>
        </bndbox>
        <type>1</type>
        <direction>8</direction>
        <previous>7</previous>
    </vehicle>
    <vehicle>
        <id>5</id>
        <bndbox>
            <xmax>190</xmax>
            <xmin>155</xmin>
            <ymax>148</ymax>
            <ymin>126</ymin>
        </bndbox>
        <type>2</type>
        <direction>8</direction>
        <previous>8</previous>
    </vehicle>
    <vehicle>
        <id>6</id>
        <bndbox>
            <xmax>254</xmax>
            <xmin>212</xmin>
            <ymax>147</ymax>
            <ymin>128</ymin>
        </bndbox>
        <type>3</type>
        <direction>5</direction>
        <previous>0</previous>
    </vehicle>
    <vehicle>
        <id>7</id>
        <bndbox>
            <xmax>155</xmax>
            <xmin>136</xmin>
            <ymax>112</ymax>
            <ymin>99</ymin>
        </bndbox>
        <type>3</type>
        <direction>5</direction>
        <previous>9</previous>
    </vehicle>
    <vehicle>
        <id>8</id>
        <bndbox>
            <xmax>108</xmax>
            <xmin>98</xmin>
            <ymax>95</ymax>
            <ymin>88</ymin>
        </bndbox>
        <type>3</type>
        <direction>5</direction>
        <previous>10</previous>
    </vehicle>
    <vehicle>
        <id>9</id>
        <bndbox>
            <xmax>256</xmax>
            <xmin>225</xmin>
            <ymax>133</ymax>
            <ymin>117</ymin>
        </bndbox>
        <type>2</type>
        <direction>5</direction>
        <previous>0</previous>
    </vehicle>
    <vehicle>
        <id>10</id>
        <bndbox>
            <xmax>158</xmax>
            <xmin>145</xmin>
            <ymax>101</ymax>
            <ymin>93</ymin>
        </bndbox>
        <type>2</type>
        <direction>5</direction>
        <previous>14</previous>
    </vehicle>
    <vehicle>
        <id>11</id>
        <bndbox>
            <xmax>121</xmax>
            <xmin>110</xmin>
            <ymax>92</ymax>
            <ymin>86</ymin>
        </bndbox>
        <type>3</type>
        <direction>5</direction>
        <previous>15</previous>
    </vehicle>
    <vehicle>
        <id>12</id>
        <bndbox>
            <xmax>106</xmax>
            <xmin>97</xmin>
            <ymax>90</ymax>
            <ymin>84</ymin>
        </bndbox>
        <type>3</type>
        <direction>5</direction>
        <previous>16</previous>
    </vehicle>
</annotation>
