<annotation>
    <video>[Cam253]-2016_4_30_18h_150f.avi</video>
    <frame>000015</frame>
    <time>2016/04/30 18:00:35</time>
    <width>352</width>
    <height>240</height>
    <weather>1</weather>
    <facing>1</facing>
    <flow>2</flow>
    <vehicle>
        <id>1</id>
        <bndbox>
            <xmax>77</xmax>
            <xmin>65</xmin>
            <ymax>112</ymax>
            <ymin>101</ymin>
        </bndbox>
        <type>3</type>
        <direction>8</direction>
        <previous>1</previous>
    </vehicle>
    <vehicle>
        <id>2</id>
        <bndbox>
            <xmax>68</xmax>
            <xmin>59</xmin>
            <ymax>102</ymax>
            <ymin>94</ymin>
        </bndbox>
        <type>3</type>
        <direction>8</direction>
        <previous>2</previous>
    </vehicle>
    <vehicle>
        <id>3</id>
        <bndbox>
            <xmax>63</xmax>
            <xmin>56</xmin>
            <ymax>96</ymax>
            <ymin>90</ymin>
        </bndbox>
        <type>2</type>
        <direction>8</direction>
        <previous>0</previous>
    </vehicle>
    <vehicle>
        <id>4</id>
        <bndbox>
            <xmax>143</xmax>
            <xmin>114</xmin>
            <ymax>149</ymax>
            <ymin>126</ymin>
        </bndbox>
        <type>2</type>
        <direction>8</direction>
        <previous>3</previous>
    </vehicle>
    <vehicle>
        <id>5</id>
        <bndbox>
            <xmax>87</xmax>
            <xmin>77</xmin>
            <ymax>104</ymax>
            <ymin>97</ymin>
        </bndbox>
        <type>2</type>
        <direction>8</direction>
        <previous>4</previous>
    </vehicle>
    <vehicle>
        <id>6</id>
        <bndbox>
            <xmax>114</xmax>
            <xmin>100</xmin>
            <ymax>111</ymax>
            <ymin>102</ymin>
        </bndbox>
        <type>2</type>
        <direction>8</direction>
        <previous>5</previous>
    </vehicle>
    <vehicle>
        <id>7</id>
        <bndbox>
            <xmax>80</xmax>
            <xmin>72</xmin>
            <ymax>93</ymax>
            <ymin>88</ymin>
        </bndbox>
        <type>2</type>
        <direction>8</direction>
        <previous>0</previous>
    </vehicle>
    <vehicle>
        <id>8</id>
        <bndbox>
            <xmax>116</xmax>
            <xmin>105</xmin>
            <ymax>99</ymax>
            <ymin>92</ymin>
        </bndbox>
        <type>3</type>
        <direction>5</direction>
        <previous>6</previous>
    </vehicle>
    <vehicle>
        <id>9</id>
        <bndbox>
            <xmax>107</xmax>
            <xmin>95</xmin>
            <ymax>96</ymax>
            <ymin>89</ymin>
        </bndbox>
        <type>2</type>
        <direction>5</direction>
        <previous>7</previous>
    </vehicle>
    <vehicle>
        <id>10</id>
        <bndbox>
            <xmax>95</xmax>
            <xmin>88</xmin>
            <ymax>92</ymax>
            <ymin>86</ymin>
        </bndbox>
        <type>1</type>
        <direction>5</direction>
        <previous>10</previous>
    </vehicle>
    <vehicle>
        <id>11</id>
        <bndbox>
            <xmax>183</xmax>
            <xmin>161</xmin>
            <ymax>113</ymax>
            <ymin>100</ymin>
        </bndbox>
        <type>3</type>
        <direction>5</direction>
        <previous>13</previous>
    </vehicle>
    <vehicle>
        <id>12</id>
        <bndbox>
            <xmax>153</xmax>
            <xmin>136</xmin>
            <ymax>104</ymax>
            <ymin>94</ymin>
        </bndbox>
        <type>1</type>
        <direction>5</direction>
        <previous>11</previous>
    </vehicle>
    <vehicle>
        <id>13</id>
        <bndbox>
            <xmax>119</xmax>
            <xmin>111</xmin>
            <ymax>95</ymax>
            <ymin>89</ymin>
        </bndbox>
        <type>2</type>
        <direction>5</direction>
        <previous>12</previous>
    </vehicle>
    <vehicle>
        <id>14</id>
        <bndbox>
            <xmax>193</xmax>
            <xmin>178</xmin>
            <ymax>108</ymax>
            <ymin>100</ymin>
        </bndbox>
        <type>3</type>
        <direction>5</direction>
        <previous>14</previous>
    </vehicle>
    <vehicle>
        <id>15</id>
        <bndbox>
            <xmax>153</xmax>
            <xmin>140</xmin>
            <ymax>99</ymax>
            <ymin>92</ymin>
        </bndbox>
        <type>2</type>
        <direction>5</direction>
        <previous>15</previous>
    </vehicle>
    <vehicle>
        <id>16</id>
        <bndbox>
            <xmax>114</xmax>
            <xmin>106</xmin>
            <ymax>90</ymax>
            <ymin>84</ymin>
        </bndbox>
        <type>1</type>
        <direction>5</direction>
        <previous>16</previous>
    </vehicle>
</annotation>
