<annotation>
    <video>[Cam253]-2016_4_30_18h_150f.avi</video>
    <frame>000066</frame>
    <time>2016/04/30 18:01:31</time>
    <width>352</width>
    <height>240</height>
    <weather>1</weather>
    <facing>1</facing>
    <flow>2</flow>
    <vehicle>
        <id>1</id>
        <bndbox>
            <xmax>159</xmax>
            <xmin>127</xmin>
            <ymax>156</ymax>
            <ymin>133</ymin>
        </bndbox>
        <type>2</type>
        <direction>8</direction>
        <previous>2</previous>
    </vehicle>
    <vehicle>
        <id>2</id>
        <bndbox>
            <xmax>100</xmax>
            <xmin>83</xmin>
            <ymax>118</ymax>
            <ymin>103</ymin>
        </bndbox>
        <type>1</type>
        <direction>8</direction>
        <previous>3</previous>
    </vehicle>
    <vehicle>
        <id>3</id>
        <bndbox>
            <xmax>80</xmax>
            <xmin>71</xmin>
            <ymax>102</ymax>
            <ymin>94</ymin>
        </bndbox>
        <type>2</type>
        <direction>8</direction>
        <previous>4</previous>
    </vehicle>
    <vehicle>
        <id>4</id>
        <bndbox>
            <xmax>71</xmax>
            <xmin>63</xmin>
            <ymax>96</ymax>
            <ymin>89</ymin>
        </bndbox>
        <type>3</type>
        <direction>8</direction>
        <previous>0</previous>
    </vehicle>
    <vehicle>
        <id>5</id>
        <bndbox>
            <xmax>230</xmax>
            <xmin>181</xmin>
            <ymax>171</ymax>
            <ymin>141</ymin>
        </bndbox>
        <type>2</type>
        <direction>8</direction>
        <previous>5</previous>
    </vehicle>
    <vehicle>
        <id>6</id>
        <bndbox>
            <xmax>131</xmax>
            <xmin>113</xmin>
            <ymax>119</ymax>
            <ymin>104</ymin>
        </bndbox>
        <type>2</type>
        <direction>8</direction>
        <previous>6</previous>
    </vehicle>
    <vehicle>
        <id>7</id>
        <bndbox>
            <xmax>100</xmax>
            <xmin>88</xmin>
            <ymax>102</ymax>
            <ymin>92</ymin>
        </bndbox>
        <type>2</type>
        <direction>8</direction>
        <previous>7</previous>
    </vehicle>
    <vehicle>
        <id>8</id>
        <bndbox>
            <xmax>335</xmax>
            <xmin>272</xmin>
            <ymax>177</ymax>
            <ymin>146</ymin>
        </bndbox>
        <type>2</type>
        <direction>5</direction>
        <previous>0</previous>
    </vehicle>
    <vehicle>
        <id>9</id>
        <bndbox>
            <xmax>136</xmax>
            <xmin>120</xmin>
            <ymax>107</ymax>
            <ymin>98</ymin>
        </bndbox>
        <type>3</type>
        <direction>5</direction>
        <previous>9</previous>
    </vehicle>
    <vehicle>
        <id>10</id>
        <bndbox>
            <xmax>90</xmax>
            <xmin>83</xmin>
            <ymax>89</ymax>
            <ymin>84</ymin>
        </bndbox>
        <type>1</type>
        <direction>5</direction>
        <previous>10</previous>
    </vehicle>
    <vehicle>
        <id>11</id>
        <bndbox>
            <xmax>351</xmax>
            <xmin>294</xmin>
            <ymax>166</ymax>
            <ymin>136</ymin>
        </bndbox>
        <type>3</type>
        <direction>5</direction>
        <previous>0</previous>
    </vehicle>
    <vehicle>
        <id>12</id>
        <bndbox>
            <xmax>145</xmax>
            <xmin>131</xmin>
            <ymax>101</ymax>
            <ymin>92</ymin>
        </bndbox>
        <type>1</type>
        <direction>5</direction>
        <previous>11</previous>
    </vehicle>
    <vehicle>
        <id>13</id>
        <bndbox>
            <xmax>115</xmax>
            <xmin>106</xmin>
            <ymax>94</ymax>
            <ymin>87</ymin>
        </bndbox>
        <type>2</type>
        <direction>5</direction>
        <previous>12</previous>
    </vehicle>
    <vehicle>
        <id>14</id>
        <bndbox>
            <xmax>104</xmax>
            <xmin>96</xmin>
            <ymax>91</ymax>
            <ymin>84</ymin>
        </bndbox>
        <type>1</type>
        <direction>5</direction>
        <previous>13</previous>
    </vehicle>
    <vehicle>
        <id>15</id>
        <bndbox>
            <xmax>171</xmax>
            <xmin>154</xmin>
            <ymax>104</ymax>
            <ymin>95</ymin>
        </bndbox>
        <type>2</type>
        <direction>5</direction>
        <previous>14</previous>
    </vehicle>
    <vehicle>
        <id>16</id>
        <bndbox>
            <xmax>135</xmax>
            <xmin>125</xmin>
            <ymax>95</ymax>
            <ymin>89</ymin>
        </bndbox>
        <type>3</type>
        <direction>5</direction>
        <previous>15</previous>
    </vehicle>
</annotation>
