<annotation>
    <video>[Cam253]-2016_4_30_18h_150f.avi</video>
    <frame>000026</frame>
    <time>2016/04/30 18:00:47</time>
    <width>352</width>
    <height>240</height>
    <weather>1</weather>
    <facing>1</facing>
    <flow>2</flow>
    <vehicle>
        <id>1</id>
        <bndbox>
            <xmax>116</xmax>
            <xmin>89</xmin>
            <ymax>153</ymax>
            <ymin>133</ymin>
        </bndbox>
        <type>2</type>
        <direction>8</direction>
        <previous>1</previous>
    </vehicle>
    <vehicle>
        <id>2</id>
        <bndbox>
            <xmax>254</xmax>
            <xmin>180</xmin>
            <ymax>223</ymax>
            <ymin>164</ymin>
        </bndbox>
        <type>2</type>
        <direction>8</direction>
        <previous>2</previous>
    </vehicle>
    <vehicle>
        <id>3</id>
        <bndbox>
            <xmax>77</xmax>
            <xmin>69</xmin>
            <ymax>100</ymax>
            <ymin>93</ymin>
        </bndbox>
        <type>3</type>
        <direction>8</direction>
        <previous>3</previous>
    </vehicle>
    <vehicle>
        <id>4</id>
        <bndbox>
            <xmax>351</xmax>
            <xmin>268</xmin>
            <ymax>235</ymax>
            <ymin>172</ymin>
        </bndbox>
        <type>2</type>
        <direction>8</direction>
        <previous>4</previous>
    </vehicle>
    <vehicle>
        <id>5</id>
        <bndbox>
            <xmax>119</xmax>
            <xmin>104</xmin>
            <ymax>114</ymax>
            <ymin>103</ymin>
        </bndbox>
        <type>3</type>
        <direction>8</direction>
        <previous>5</previous>
    </vehicle>
    <vehicle>
        <id>6</id>
        <bndbox>
            <xmax>80</xmax>
            <xmin>72</xmin>
            <ymax>94</ymax>
            <ymin>86</ymin>
        </bndbox>
        <type>2</type>
        <direction>8</direction>
        <previous>6</previous>
    </vehicle>
    <vehicle>
        <id>7</id>
        <bndbox>
            <xmax>269</xmax>
            <xmin>222</xmin>
            <ymax>153</ymax>
            <ymin>132</ymin>
        </bndbox>
        <type>3</type>
        <direction>5</direction>
        <previous>0</previous>
    </vehicle>
    <vehicle>
        <id>8</id>
        <bndbox>
            <xmax>104</xmax>
            <xmin>95</xmin>
            <ymax>94</ymax>
            <ymin>87</ymin>
        </bndbox>
        <type>3</type>
        <direction>5</direction>
        <previous>7</previous>
    </vehicle>
    <vehicle>
        <id>9</id>
        <bndbox>
            <xmax>338</xmax>
            <xmin>284</xmin>
            <ymax>158</ymax>
            <ymin>135</ymin>
        </bndbox>
        <type>3</type>
        <direction>5</direction>
        <previous>0</previous>
    </vehicle>
    <vehicle>
        <id>10</id>
        <bndbox>
            <xmax>112</xmax>
            <xmin>102</xmin>
            <ymax>93</ymax>
            <ymin>85</ymin>
        </bndbox>
        <type>2</type>
        <direction>5</direction>
        <previous>9</previous>
    </vehicle>
</annotation>
