<annotation>
    <video>[Cam253]-2016_4_30_18h_150f.avi</video>
    <frame>000041</frame>
    <time>2016/04/30 18:01:03</time>
    <width>352</width>
    <height>240</height>
    <weather>1</weather>
    <facing>1</facing>
    <flow>2</flow>
    <vehicle>
        <id>1</id>
        <bndbox>
            <xmax>170</xmax>
            <xmin>116</xmin>
            <ymax>219</ymax>
            <ymin>170</ymin>
        </bndbox>
        <type>3</type>
        <direction>8</direction>
        <previous>1</previous>
    </vehicle>
    <vehicle>
        <id>2</id>
        <bndbox>
            <xmax>83</xmax>
            <xmin>66</xmin>
            <ymax>122</ymax>
            <ymin>108</ymin>
        </bndbox>
        <type>2</type>
        <direction>8</direction>
        <previous>2</previous>
    </vehicle>
    <vehicle>
        <id>3</id>
        <bndbox>
            <xmax>64</xmax>
            <xmin>55</xmin>
            <ymax>99</ymax>
            <ymin>91</ymin>
        </bndbox>
        <type>3</type>
        <direction>8</direction>
        <previous>0</previous>
    </vehicle>
    <vehicle>
        <id>4</id>
        <bndbox>
            <xmax>118</xmax>
            <xmin>97</xmin>
            <ymax>131</ymax>
            <ymin>113</ymin>
        </bndbox>
        <type>2</type>
        <direction>8</direction>
        <previous>3</previous>
    </vehicle>
    <vehicle>
        <id>5</id>
        <bndbox>
            <xmax>78</xmax>
            <xmin>68</xmin>
            <ymax>101</ymax>
            <ymin>94</ymin>
        </bndbox>
        <type>3</type>
        <direction>8</direction>
        <previous>4</previous>
    </vehicle>
    <vehicle>
        <id>6</id>
        <bndbox>
            <xmax>99</xmax>
            <xmin>88</xmin>
            <ymax>104</ymax>
            <ymin>94</ymin>
        </bndbox>
        <type>3</type>
        <direction>8</direction>
        <previous>6</previous>
    </vehicle>
    <vehicle>
        <id>7</id>
        <bndbox>
            <xmax>181</xmax>
            <xmin>159</xmin>
            <ymax>121</ymax>
            <ymin>111</ymin>
        </bndbox>
        <type>2</type>
        <direction>5</direction>
        <previous>7</previous>
    </vehicle>
    <vehicle>
        <id>8</id>
        <bndbox>
            <xmax>137</xmax>
            <xmin>122</xmin>
            <ymax>108</ymax>
            <ymin>98</ymin>
        </bndbox>
        <type>3</type>
        <direction>5</direction>
        <previous>8</previous>
    </vehicle>
    <vehicle>
        <id>9</id>
        <bndbox>
            <xmax>113</xmax>
            <xmin>103</xmin>
            <ymax>98</ymax>
            <ymin>90</ymin>
        </bndbox>
        <type>3</type>
        <direction>5</direction>
        <previous>9</previous>
    </vehicle>
    <vehicle>
        <id>10</id>
        <bndbox>
            <xmax>96</xmax>
            <xmin>87</xmin>
            <ymax>91</ymax>
            <ymin>85</ymin>
        </bndbox>
        <type>2</type>
        <direction>5</direction>
        <previous>10</previous>
    </vehicle>
    <vehicle>
        <id>11</id>
        <bndbox>
            <xmax>164</xmax>
            <xmin>148</xmin>
            <ymax>108</ymax>
            <ymin>99</ymin>
        </bndbox>
        <type>3</type>
        <direction>5</direction>
        <previous>11</previous>
    </vehicle>
    <vehicle>
        <id>12</id>
        <bndbox>
            <xmax>131</xmax>
            <xmin>121</xmin>
            <ymax>97</ymax>
            <ymin>90</ymin>
        </bndbox>
        <type>2</type>
        <direction>5</direction>
        <previous>12</previous>
    </vehicle>
    <vehicle>
        <id>13</id>
        <bndbox>
            <xmax>106</xmax>
            <xmin>98</xmin>
            <ymax>92</ymax>
            <ymin>85</ymin>
        </bndbox>
        <type>3</type>
        <direction>5</direction>
        <previous>13</previous>
    </vehicle>
    <vehicle>
        <id>14</id>
        <bndbox>
            <xmax>168</xmax>
            <xmin>153</xmin>
            <ymax>103</ymax>
            <ymin>94</ymin>
        </bndbox>
        <type>1</type>
        <direction>5</direction>
        <previous>15</previous>
    </vehicle>
    <vehicle>
        <id>15</id>
        <bndbox>
            <xmax>129</xmax>
            <xmin>117</xmin>
            <ymax>94</ymax>
            <ymin>87</ymin>
        </bndbox>
        <type>1</type>
        <direction>5</direction>
        <previous>16</previous>
    </vehicle>
    <vehicle>
        <id>16</id>
        <bndbox>
            <xmax>91</xmax>
            <xmin>82</xmin>
            <ymax>87</ymax>
            <ymin>82</ymin>
        </bndbox>
        <type>2</type>
        <direction>5</direction>
        <previous>17</previous>
    </vehicle>
</annotation>
