<annotation>
    <video>[Cam253]-2016_4_30_18h_150f.avi</video>
    <frame>000083</frame>
    <time>2016/04/30 18:01:49</time>
    <width>352</width>
    <height>240</height>
    <weather>1</weather>
    <facing>1</facing>
    <flow>2</flow>
    <vehicle>
        <id>1</id>
        <bndbox>
            <xmax>88</xmax>
            <xmin>76</xmin>
            <ymax>107</ymax>
            <ymin>97</ymin>
        </bndbox>
        <type>3</type>
        <direction>8</direction>
        <previous>2</previous>
    </vehicle>
    <vehicle>
        <id>2</id>
        <bndbox>
            <xmax>71</xmax>
            <xmin>63</xmin>
            <ymax>94</ymax>
            <ymin>88</ymin>
        </bndbox>
        <type>2</type>
        <direction>8</direction>
        <previous>3</previous>
    </vehicle>
    <vehicle>
        <id>3</id>
        <bndbox>
            <xmax>125</xmax>
            <xmin>107</xmin>
            <ymax>117</ymax>
            <ymin>104</ymin>
        </bndbox>
        <type>3</type>
        <direction>8</direction>
        <previous>5</previous>
    </vehicle>
    <vehicle>
        <id>4</id>
        <bndbox>
            <xmax>97</xmax>
            <xmin>87</xmin>
            <ymax>102</ymax>
            <ymin>93</ymin>
        </bndbox>
        <type>2</type>
        <direction>8</direction>
        <previous>6</previous>
    </vehicle>
    <vehicle>
        <id>5</id>
        <bndbox>
            <xmax>189</xmax>
            <xmin>161</xmin>
            <ymax>124</ymax>
            <ymin>108</ymin>
        </bndbox>
        <type>2</type>
        <direction>5</direction>
        <previous>7</previous>
    </vehicle>
    <vehicle>
        <id>6</id>
        <bndbox>
            <xmax>130</xmax>
            <xmin>113</xmin>
            <ymax>103</ymax>
            <ymin>92</ymin>
        </bndbox>
        <type>7</type>
        <direction>5</direction>
        <previous>8</previous>
    </vehicle>
    <vehicle>
        <id>7</id>
        <bndbox>
            <xmax>250</xmax>
            <xmin>216</xmin>
            <ymax>133</ymax>
            <ymin>117</ymin>
        </bndbox>
        <type>2</type>
        <direction>5</direction>
        <previous>0</previous>
    </vehicle>
    <vehicle>
        <id>8</id>
        <bndbox>
            <xmax>164</xmax>
            <xmin>147</xmin>
            <ymax>108</ymax>
            <ymin>96</ymin>
        </bndbox>
        <type>2</type>
        <direction>5</direction>
        <previous>11</previous>
    </vehicle>
    <vehicle>
        <id>9</id>
        <bndbox>
            <xmax>196</xmax>
            <xmin>174</xmin>
            <ymax>109</ymax>
            <ymin>99</ymin>
        </bndbox>
        <type>3</type>
        <direction>5</direction>
        <previous>13</previous>
    </vehicle>
    <vehicle>
        <id>10</id>
        <bndbox>
            <xmax>133</xmax>
            <xmin>125</xmin>
            <ymax>96</ymax>
            <ymin>88</ymin>
        </bndbox>
        <type>3</type>
        <direction>5</direction>
        <previous>14</previous>
    </vehicle>
    <vehicle>
        <id>11</id>
        <bndbox>
            <xmax>116</xmax>
            <xmin>107</xmin>
            <ymax>91</ymax>
            <ymin>85</ymin>
        </bndbox>
        <type>1</type>
        <direction>5</direction>
        <previous>15</previous>
    </vehicle>
    <vehicle>
        <id>12</id>
        <bndbox>
            <xmax>107</xmax>
            <xmin>96</xmin>
            <ymax>91</ymax>
            <ymin>84</ymin>
        </bndbox>
        <type>2</type>
        <direction>5</direction>
        <previous>12</previous>
    </vehicle>
    <vehicle>
        <id>13</id>
        <bndbox>
            <xmax>91</xmax>
            <xmin>83</xmin>
            <ymax>89</ymax>
            <ymin>82</ymin>
        </bndbox>
        <type>3</type>
        <direction>5</direction>
        <previous>10</previous>
    </vehicle>
</annotation>
