<annotation>
    <video>[Cam253]-2016_4_30_18h_150f.avi</video>
    <frame>000021</frame>
    <time>2016/04/30 18:00:42</time>
    <width>352</width>
    <height>240</height>
    <weather>1</weather>
    <facing>1</facing>
    <flow>2</flow>
    <vehicle>
        <id>1</id>
        <bndbox>
            <xmax>77</xmax>
            <xmin>63</xmin>
            <ymax>111</ymax>
            <ymin>101</ymin>
        </bndbox>
        <type>3</type>
        <direction>8</direction>
        <previous>1</previous>
    </vehicle>
    <vehicle>
        <id>2</id>
        <bndbox>
            <xmax>64</xmax>
            <xmin>54</xmin>
            <ymax>100</ymax>
            <ymin>91</ymin>
        </bndbox>
        <type>2</type>
        <direction>8</direction>
        <previous>2</previous>
    </vehicle>
    <vehicle>
        <id>3</id>
        <bndbox>
            <xmax>118</xmax>
            <xmin>96</xmin>
            <ymax>129</ymax>
            <ymin>112</ymin>
        </bndbox>
        <type>3</type>
        <direction>8</direction>
        <previous>4</previous>
    </vehicle>
    <vehicle>
        <id>4</id>
        <bndbox>
            <xmax>81</xmax>
            <xmin>70</xmin>
            <ymax>102</ymax>
            <ymin>93</ymin>
        </bndbox>
        <type>3</type>
        <direction>8</direction>
        <previous>5</previous>
    </vehicle>
    <vehicle>
        <id>5</id>
        <bndbox>
            <xmax>68</xmax>
            <xmin>60</xmin>
            <ymax>93</ymax>
            <ymin>86</ymin>
        </bndbox>
        <type>2</type>
        <direction>8</direction>
        <previous>0</previous>
    </vehicle>
    <vehicle>
        <id>6</id>
        <bndbox>
            <xmax>99</xmax>
            <xmin>89</xmin>
            <ymax>101</ymax>
            <ymin>93</ymin>
        </bndbox>
        <type>1</type>
        <direction>8</direction>
        <previous>6</previous>
    </vehicle>
    <vehicle>
        <id>7</id>
        <bndbox>
            <xmax>79</xmax>
            <xmin>70</xmin>
            <ymax>92</ymax>
            <ymin>86</ymin>
        </bndbox>
        <type>2</type>
        <direction>8</direction>
        <previous>0</previous>
    </vehicle>
    <vehicle>
        <id>8</id>
        <bndbox>
            <xmax>197</xmax>
            <xmin>169</xmin>
            <ymax>127</ymax>
            <ymin>111</ymin>
        </bndbox>
        <type>1</type>
        <direction>5</direction>
        <previous>8</previous>
    </vehicle>
    <vehicle>
        <id>9</id>
        <bndbox>
            <xmax>136</xmax>
            <xmin>120</xmin>
            <ymax>106</ymax>
            <ymin>94</ymin>
        </bndbox>
        <type>4</type>
        <direction>5</direction>
        <previous>9</previous>
    </vehicle>
    <vehicle>
        <id>10</id>
        <bndbox>
            <xmax>98</xmax>
            <xmin>89</xmin>
            <ymax>93</ymax>
            <ymin>87</ymin>
        </bndbox>
        <type>3</type>
        <direction>5</direction>
        <previous>10</previous>
    </vehicle>
    <vehicle>
        <id>11</id>
        <bndbox>
            <xmax>91</xmax>
            <xmin>82</xmin>
            <ymax>90</ymax>
            <ymin>82</ymin>
        </bndbox>
        <type>3</type>
        <direction>5</direction>
        <previous>11</previous>
    </vehicle>
    <vehicle>
        <id>12</id>
        <bndbox>
            <xmax>127</xmax>
            <xmin>117</xmin>
            <ymax>93</ymax>
            <ymin>87</ymin>
        </bndbox>
        <type>3</type>
        <direction>5</direction>
        <previous>14</previous>
    </vehicle>
    <vehicle>
        <id>13</id>
        <bndbox>
            <xmax>119</xmax>
            <xmin>111</xmin>
            <ymax>92</ymax>
            <ymin>86</ymin>
        </bndbox>
        <type>2</type>
        <direction>5</direction>
        <previous>15</previous>
    </vehicle>
    <vehicle>
        <id>14</id>
        <bndbox>
            <xmax>103</xmax>
            <xmin>94</xmin>
            <ymax>90</ymax>
            <ymin>83</ymin>
        </bndbox>
        <type>3</type>
        <direction>5</direction>
        <previous>13</previous>
    </vehicle>
    <vehicle>
        <id>15</id>
        <bndbox>
            <xmax>109</xmax>
            <xmin>101</xmin>
            <ymax>90</ymax>
            <ymin>83</ymin>
        </bndbox>
        <type>3</type>
        <direction>5</direction>
        <previous>16</previous>
    </vehicle>
</annotation>
