<annotation>
    <video>[Cam253]-2016_4_30_18h_150f.avi</video>
    <frame>000076</frame>
    <time>2016/04/30 18:01:41</time>
    <width>352</width>
    <height>240</height>
    <weather>1</weather>
    <facing>1</facing>
    <flow>2</flow>
    <vehicle>
        <id>1</id>
        <bndbox>
            <xmax>88</xmax>
            <xmin>69</xmin>
            <ymax>129</ymax>
            <ymin>110</ymin>
        </bndbox>
        <type>3</type>
        <direction>8</direction>
        <previous>2</previous>
    </vehicle>
    <vehicle>
        <id>2</id>
        <bndbox>
            <xmax>159</xmax>
            <xmin>122</xmin>
            <ymax>160</ymax>
            <ymin>132</ymin>
        </bndbox>
        <type>3</type>
        <direction>8</direction>
        <previous>3</previous>
    </vehicle>
    <vehicle>
        <id>3</id>
        <bndbox>
            <xmax>114</xmax>
            <xmin>95</xmin>
            <ymax>123</ymax>
            <ymin>106</ymin>
        </bndbox>
        <type>1</type>
        <direction>8</direction>
        <previous>4</previous>
    </vehicle>
    <vehicle>
        <id>4</id>
        <bndbox>
            <xmax>76</xmax>
            <xmin>64</xmin>
            <ymax>98</ymax>
            <ymin>89</ymin>
        </bndbox>
        <type>4</type>
        <direction>8</direction>
        <previous>5</previous>
    </vehicle>
    <vehicle>
        <id>5</id>
        <bndbox>
            <xmax>333</xmax>
            <xmin>267</xmin>
            <ymax>179</ymax>
            <ymin>142</ymin>
        </bndbox>
        <type>1</type>
        <direction>5</direction>
        <previous>0</previous>
    </vehicle>
    <vehicle>
        <id>6</id>
        <bndbox>
            <xmax>171</xmax>
            <xmin>147</xmin>
            <ymax>119</ymax>
            <ymin>105</ymin>
        </bndbox>
        <type>2</type>
        <direction>5</direction>
        <previous>7</previous>
    </vehicle>
    <vehicle>
        <id>7</id>
        <bndbox>
            <xmax>96</xmax>
            <xmin>87</xmin>
            <ymax>93</ymax>
            <ymin>85</ymin>
        </bndbox>
        <type>2</type>
        <direction>5</direction>
        <previous>8</previous>
    </vehicle>
    <vehicle>
        <id>8</id>
        <bndbox>
            <xmax>299</xmax>
            <xmin>248</xmin>
            <ymax>148</ymax>
            <ymin>127</ymin>
        </bndbox>
        <type>2</type>
        <direction>5</direction>
        <previous>0</previous>
    </vehicle>
    <vehicle>
        <id>9</id>
        <bndbox>
            <xmax>176</xmax>
            <xmin>156</xmin>
            <ymax>112</ymax>
            <ymin>101</ymin>
        </bndbox>
        <type>3</type>
        <direction>5</direction>
        <previous>9</previous>
    </vehicle>
    <vehicle>
        <id>10</id>
        <bndbox>
            <xmax>135</xmax>
            <xmin>122</xmin>
            <ymax>99</ymax>
            <ymin>90</ymin>
        </bndbox>
        <type>3</type>
        <direction>5</direction>
        <previous>10</previous>
    </vehicle>
    <vehicle>
        <id>11</id>
        <bndbox>
            <xmax>122</xmax>
            <xmin>109</xmin>
            <ymax>96</ymax>
            <ymin>89</ymin>
        </bndbox>
        <type>3</type>
        <direction>5</direction>
        <previous>11</previous>
    </vehicle>
    <vehicle>
        <id>12</id>
        <bndbox>
            <xmax>108</xmax>
            <xmin>99</xmin>
            <ymax>91</ymax>
            <ymin>84</ymin>
        </bndbox>
        <type>1</type>
        <direction>5</direction>
        <previous>12</previous>
    </vehicle>
    <vehicle>
        <id>13</id>
        <bndbox>
            <xmax>328</xmax>
            <xmin>286</xmin>
            <ymax>144</ymax>
            <ymin>125</ymin>
        </bndbox>
        <type>3</type>
        <direction>5</direction>
        <previous>0</previous>
    </vehicle>
    <vehicle>
        <id>14</id>
        <bndbox>
            <xmax>213</xmax>
            <xmin>188</xmin>
            <ymax>114</ymax>
            <ymin>103</ymin>
        </bndbox>
        <type>2</type>
        <direction>5</direction>
        <previous>14</previous>
    </vehicle>
</annotation>
