<annotation>
    <video>[Cam253]-2016_4_30_18h_150f.avi</video>
    <frame>000064</frame>
    <time>2016/04/30 18:01:28</time>
    <width>352</width>
    <height>240</height>
    <weather>1</weather>
    <facing>1</facing>
    <flow>2</flow>
    <vehicle>
        <id>1</id>
        <bndbox>
            <xmax>152</xmax>
            <xmin>108</xmin>
            <ymax>200</ymax>
            <ymin>162</ymin>
        </bndbox>
        <type>3</type>
        <direction>8</direction>
        <previous>1</previous>
    </vehicle>
    <vehicle>
        <id>2</id>
        <bndbox>
            <xmax>91</xmax>
            <xmin>72</xmin>
            <ymax>128</ymax>
            <ymin>113</ymin>
        </bndbox>
        <type>3</type>
        <direction>8</direction>
        <previous>2</previous>
    </vehicle>
    <vehicle>
        <id>3</id>
        <bndbox>
            <xmax>170</xmax>
            <xmin>132</xmin>
            <ymax>163</ymax>
            <ymin>136</ymin>
        </bndbox>
        <type>3</type>
        <direction>8</direction>
        <previous>3</previous>
    </vehicle>
    <vehicle>
        <id>4</id>
        <bndbox>
            <xmax>95</xmax>
            <xmin>81</xmin>
            <ymax>110</ymax>
            <ymin>101</ymin>
        </bndbox>
        <type>2</type>
        <direction>8</direction>
        <previous>4</previous>
    </vehicle>
    <vehicle>
        <id>5</id>
        <bndbox>
            <xmax>77</xmax>
            <xmin>66</xmin>
            <ymax>100</ymax>
            <ymin>92</ymin>
        </bndbox>
        <type>1</type>
        <direction>8</direction>
        <previous>5</previous>
    </vehicle>
    <vehicle>
        <id>6</id>
        <bndbox>
            <xmax>68</xmax>
            <xmin>61</xmin>
            <ymax>93</ymax>
            <ymin>87</ymin>
        </bndbox>
        <type>2</type>
        <direction>8</direction>
        <previous>0</previous>
    </vehicle>
    <vehicle>
        <id>7</id>
        <bndbox>
            <xmax>129</xmax>
            <xmin>111</xmin>
            <ymax>118</ymax>
            <ymin>105</ymin>
        </bndbox>
        <type>2</type>
        <direction>8</direction>
        <previous>6</previous>
    </vehicle>
    <vehicle>
        <id>8</id>
        <bndbox>
            <xmax>109</xmax>
            <xmin>95</xmin>
            <ymax>107</ymax>
            <ymin>98</ymin>
        </bndbox>
        <type>2</type>
        <direction>8</direction>
        <previous>7</previous>
    </vehicle>
    <vehicle>
        <id>9</id>
        <bndbox>
            <xmax>91</xmax>
            <xmin>79</xmin>
            <ymax>98</ymax>
            <ymin>90</ymin>
        </bndbox>
        <type>2</type>
        <direction>8</direction>
        <previous>8</previous>
    </vehicle>
    <vehicle>
        <id>10</id>
        <bndbox>
            <xmax>83</xmax>
            <xmin>73</xmin>
            <ymax>93</ymax>
            <ymin>86</ymin>
        </bndbox>
        <type>2</type>
        <direction>8</direction>
        <previous>0</previous>
    </vehicle>
    <vehicle>
        <id>11</id>
        <bndbox>
            <xmax>301</xmax>
            <xmin>247</xmin>
            <ymax>167</ymax>
            <ymin>140</ymin>
        </bndbox>
        <type>3</type>
        <direction>5</direction>
        <previous>0</previous>
    </vehicle>
    <vehicle>
        <id>12</id>
        <bndbox>
            <xmax>112</xmax>
            <xmin>102</xmin>
            <ymax>97</ymax>
            <ymin>89</ymin>
        </bndbox>
        <type>1</type>
        <direction>5</direction>
        <previous>9</previous>
    </vehicle>
    <vehicle>
        <id>13</id>
        <bndbox>
            <xmax>241</xmax>
            <xmin>209</xmin>
            <ymax>129</ymax>
            <ymin>113</ymin>
        </bndbox>
        <type>1</type>
        <direction>5</direction>
        <previous>10</previous>
    </vehicle>
    <vehicle>
        <id>14</id>
        <bndbox>
            <xmax>159</xmax>
            <xmin>141</xmin>
            <ymax>107</ymax>
            <ymin>96</ymin>
        </bndbox>
        <type>2</type>
        <direction>5</direction>
        <previous>11</previous>
    </vehicle>
    <vehicle>
        <id>15</id>
        <bndbox>
            <xmax>134</xmax>
            <xmin>120</xmin>
            <ymax>98</ymax>
            <ymin>91</ymin>
        </bndbox>
        <type>1</type>
        <direction>5</direction>
        <previous>12</previous>
    </vehicle>
    <vehicle>
        <id>16</id>
        <bndbox>
            <xmax>110</xmax>
            <xmin>101</xmin>
            <ymax>92</ymax>
            <ymin>86</ymin>
        </bndbox>
        <type>2</type>
        <direction>5</direction>
        <previous>13</previous>
    </vehicle>
    <vehicle>
        <id>17</id>
        <bndbox>
            <xmax>99</xmax>
            <xmin>91</xmin>
            <ymax>89</ymax>
            <ymin>83</ymin>
        </bndbox>
        <type>2</type>
        <direction>5</direction>
        <previous>14</previous>
    </vehicle>
    <vehicle>
        <id>18</id>
        <bndbox>
            <xmax>203</xmax>
            <xmin>183</xmin>
            <ymax>112</ymax>
            <ymin>100</ymin>
        </bndbox>
        <type>3</type>
        <direction>5</direction>
        <previous>15</previous>
    </vehicle>
    <vehicle>
        <id>19</id>
        <bndbox>
            <xmax>346</xmax>
            <xmin>296</xmin>
            <ymax>147</ymax>
            <ymin>126</ymin>
        </bndbox>
        <type>2</type>
        <direction>5</direction>
        <previous>0</previous>
    </vehicle>
</annotation>
