<annotation>
    <video>[Cam253]-2016_4_30_18h_150f.avi</video>
    <frame>000052</frame>
    <time>2016/04/30 18:01:15</time>
    <width>352</width>
    <height>240</height>
    <weather>1</weather>
    <facing>1</facing>
    <flow>2</flow>
    <vehicle>
        <id>1</id>
        <bndbox>
            <xmax>107</xmax>
            <xmin>81</xmin>
            <ymax>153</ymax>
            <ymin>128</ymin>
        </bndbox>
        <type>2</type>
        <direction>8</direction>
        <previous>2</previous>
    </vehicle>
    <vehicle>
        <id>2</id>
        <bndbox>
            <xmax>72</xmax>
            <xmin>61</xmin>
            <ymax>107</ymax>
            <ymin>99</ymin>
        </bndbox>
        <type>3</type>
        <direction>8</direction>
        <previous>3</previous>
    </vehicle>
    <vehicle>
        <id>3</id>
        <bndbox>
            <xmax>245</xmax>
            <xmin>175</xmin>
            <ymax>218</ymax>
            <ymin>160</ymin>
        </bndbox>
        <type>2</type>
        <direction>8</direction>
        <previous>4</previous>
    </vehicle>
    <vehicle>
        <id>4</id>
        <bndbox>
            <xmax>188</xmax>
            <xmin>149</xmin>
            <ymax>160</ymax>
            <ymin>136</ymin>
        </bndbox>
        <type>3</type>
        <direction>8</direction>
        <previous>5</previous>
    </vehicle>
    <vehicle>
        <id>5</id>
        <bndbox>
            <xmax>344</xmax>
            <xmin>256</xmin>
            <ymax>228</ymax>
            <ymin>174</ymin>
        </bndbox>
        <type>1</type>
        <direction>8</direction>
        <previous>6</previous>
    </vehicle>
    <vehicle>
        <id>6</id>
        <bndbox>
            <xmax>94</xmax>
            <xmin>84</xmin>
            <ymax>100</ymax>
            <ymin>92</ymin>
        </bndbox>
        <type>2</type>
        <direction>8</direction>
        <previous>7</previous>
    </vehicle>
    <vehicle>
        <id>7</id>
        <bndbox>
            <xmax>347</xmax>
            <xmin>276</xmin>
            <ymax>175</ymax>
            <ymin>142</ymin>
        </bndbox>
        <type>3</type>
        <direction>5</direction>
        <previous>0</previous>
    </vehicle>
    <vehicle>
        <id>8</id>
        <bndbox>
            <xmax>127</xmax>
            <xmin>114</xmin>
            <ymax>102</ymax>
            <ymin>93</ymin>
        </bndbox>
        <type>3</type>
        <direction>5</direction>
        <previous>8</previous>
    </vehicle>
    <vehicle>
        <id>9</id>
        <bndbox>
            <xmax>111</xmax>
            <xmin>101</xmin>
            <ymax>96</ymax>
            <ymin>90</ymin>
        </bndbox>
        <type>3</type>
        <direction>5</direction>
        <previous>9</previous>
    </vehicle>
    <vehicle>
        <id>10</id>
        <bndbox>
            <xmax>97</xmax>
            <xmin>87</xmin>
            <ymax>92</ymax>
            <ymin>84</ymin>
        </bndbox>
        <type>3</type>
        <direction>5</direction>
        <previous>10</previous>
    </vehicle>
    <vehicle>
        <id>11</id>
        <bndbox>
            <xmax>192</xmax>
            <xmin>170</xmin>
            <ymax>117</ymax>
            <ymin>106</ymin>
        </bndbox>
        <type>3</type>
        <direction>5</direction>
        <previous>11</previous>
    </vehicle>
    <vehicle>
        <id>12</id>
        <bndbox>
            <xmax>196</xmax>
            <xmin>175</xmin>
            <ymax>111</ymax>
            <ymin>100</ymin>
        </bndbox>
        <type>2</type>
        <direction>5</direction>
        <previous>12</previous>
    </vehicle>
</annotation>
