<annotation>
    <video>[Cam253]-2016_4_30_18h_150f.avi</video>
    <frame>000063</frame>
    <time>2016/04/30 18:01:27</time>
    <width>352</width>
    <height>240</height>
    <weather>1</weather>
    <facing>1</facing>
    <flow>2</flow>
    <vehicle>
        <id>1</id>
        <bndbox>
            <xmax>93</xmax>
            <xmin>73</xmin>
            <ymax>134</ymax>
            <ymin>118</ymin>
        </bndbox>
        <type>3</type>
        <direction>8</direction>
        <previous>1</previous>
    </vehicle>
    <vehicle>
        <id>2</id>
        <bndbox>
            <xmax>73</xmax>
            <xmin>61</xmin>
            <ymax>109</ymax>
            <ymin>100</ymin>
        </bndbox>
        <type>3</type>
        <direction>8</direction>
        <previous>2</previous>
    </vehicle>
    <vehicle>
        <id>3</id>
        <bndbox>
            <xmax>116</xmax>
            <xmin>96</xmin>
            <ymax>125</ymax>
            <ymin>111</ymin>
        </bndbox>
        <type>3</type>
        <direction>8</direction>
        <previous>4</previous>
    </vehicle>
    <vehicle>
        <id>4</id>
        <bndbox>
            <xmax>82</xmax>
            <xmin>72</xmin>
            <ymax>102</ymax>
            <ymin>94</ymin>
        </bndbox>
        <type>2</type>
        <direction>8</direction>
        <previous>5</previous>
    </vehicle>
    <vehicle>
        <id>5</id>
        <bndbox>
            <xmax>72</xmax>
            <xmin>63</xmin>
            <ymax>95</ymax>
            <ymin>88</ymin>
        </bndbox>
        <type>1</type>
        <direction>8</direction>
        <previous>6</previous>
    </vehicle>
    <vehicle>
        <id>6</id>
        <bndbox>
            <xmax>102</xmax>
            <xmin>92</xmin>
            <ymax>105</ymax>
            <ymin>95</ymin>
        </bndbox>
        <type>2</type>
        <direction>8</direction>
        <previous>7</previous>
    </vehicle>
    <vehicle>
        <id>7</id>
        <bndbox>
            <xmax>92</xmax>
            <xmin>82</xmin>
            <ymax>100</ymax>
            <ymin>92</ymin>
        </bndbox>
        <type>2</type>
        <direction>8</direction>
        <previous>8</previous>
    </vehicle>
    <vehicle>
        <id>8</id>
        <bndbox>
            <xmax>81</xmax>
            <xmin>73</xmin>
            <ymax>94</ymax>
            <ymin>87</ymin>
        </bndbox>
        <type>2</type>
        <direction>8</direction>
        <previous>0</previous>
    </vehicle>
    <vehicle>
        <id>9</id>
        <bndbox>
            <xmax>136</xmax>
            <xmin>120</xmin>
            <ymax>105</ymax>
            <ymin>94</ymin>
        </bndbox>
        <type>1</type>
        <direction>5</direction>
        <previous>9</previous>
    </vehicle>
    <vehicle>
        <id>10</id>
        <bndbox>
            <xmax>351</xmax>
            <xmin>321</xmin>
            <ymax>166</ymax>
            <ymin>141</ymin>
        </bndbox>
        <type>1</type>
        <direction>5</direction>
        <previous>0</previous>
    </vehicle>
    <vehicle>
        <id>11</id>
        <bndbox>
            <xmax>207</xmax>
            <xmin>179</xmin>
            <ymax>121</ymax>
            <ymin>106</ymin>
        </bndbox>
        <type>2</type>
        <direction>5</direction>
        <previous>11</previous>
    </vehicle>
    <vehicle>
        <id>12</id>
        <bndbox>
            <xmax>160</xmax>
            <xmin>142</xmin>
            <ymax>105</ymax>
            <ymin>96</ymin>
        </bndbox>
        <type>1</type>
        <direction>5</direction>
        <previous>12</previous>
    </vehicle>
    <vehicle>
        <id>13</id>
        <bndbox>
            <xmax>123</xmax>
            <xmin>112</xmin>
            <ymax>95</ymax>
            <ymin>89</ymin>
        </bndbox>
        <type>2</type>
        <direction>5</direction>
        <previous>13</previous>
    </vehicle>
    <vehicle>
        <id>14</id>
        <bndbox>
            <xmax>110</xmax>
            <xmin>100</xmin>
            <ymax>93</ymax>
            <ymin>85</ymin>
        </bndbox>
        <type>2</type>
        <direction>5</direction>
        <previous>14</previous>
    </vehicle>
    <vehicle>
        <id>15</id>
        <bndbox>
            <xmax>287</xmax>
            <xmin>250</xmin>
            <ymax>132</ymax>
            <ymin>116</ymin>
        </bndbox>
        <type>3</type>
        <direction>5</direction>
        <previous>0</previous>
    </vehicle>
    <vehicle>
        <id>16</id>
        <bndbox>
            <xmax>155</xmax>
            <xmin>144</xmin>
            <ymax>98</ymax>
            <ymin>93</ymin>
        </bndbox>
        <type>3</type>
        <direction>5</direction>
        <previous>16</previous>
    </vehicle>
</annotation>
