<annotation>
    <video>[Cam253]-2016_4_30_18h_150f.avi</video>
    <frame>000075</frame>
    <time>2016/04/30 18:01:40</time>
    <width>352</width>
    <height>240</height>
    <weather>1</weather>
    <facing>1</facing>
    <flow>2</flow>
    <vehicle>
        <id>1</id>
        <bndbox>
            <xmax>153</xmax>
            <xmin>105</xmin>
            <ymax>197</ymax>
            <ymin>153</ymin>
        </bndbox>
        <type>3</type>
        <direction>8</direction>
        <previous>1</previous>
    </vehicle>
    <vehicle>
        <id>2</id>
        <bndbox>
            <xmax>74</xmax>
            <xmin>61</xmin>
            <ymax>112</ymax>
            <ymin>100</ymin>
        </bndbox>
        <type>3</type>
        <direction>8</direction>
        <previous>2</previous>
    </vehicle>
    <vehicle>
        <id>3</id>
        <bndbox>
            <xmax>109</xmax>
            <xmin>89</xmin>
            <ymax>123</ymax>
            <ymin>106</ymin>
        </bndbox>
        <type>3</type>
        <direction>8</direction>
        <previous>4</previous>
    </vehicle>
    <vehicle>
        <id>4</id>
        <bndbox>
            <xmax>91</xmax>
            <xmin>79</xmin>
            <ymax>106</ymax>
            <ymin>96</ymin>
        </bndbox>
        <type>1</type>
        <direction>8</direction>
        <previous>5</previous>
    </vehicle>
    <vehicle>
        <id>5</id>
        <bndbox>
            <xmax>68</xmax>
            <xmin>60</xmin>
            <ymax>93</ymax>
            <ymin>86</ymin>
        </bndbox>
        <type>4</type>
        <direction>8</direction>
        <previous>0</previous>
    </vehicle>
    <vehicle>
        <id>6</id>
        <bndbox>
            <xmax>265</xmax>
            <xmin>210</xmin>
            <ymax>188</ymax>
            <ymin>151</ymin>
        </bndbox>
        <type>3</type>
        <direction>8</direction>
        <previous>7</previous>
    </vehicle>
    <vehicle>
        <id>7</id>
        <bndbox>
            <xmax>262</xmax>
            <xmin>219</xmin>
            <ymax>151</ymax>
            <ymin>130</ymin>
        </bndbox>
        <type>2</type>
        <direction>5</direction>
        <previous>0</previous>
    </vehicle>
    <vehicle>
        <id>8</id>
        <bndbox>
            <xmax>111</xmax>
            <xmin>99</xmin>
            <ymax>98</ymax>
            <ymin>90</ymin>
        </bndbox>
        <type>2</type>
        <direction>5</direction>
        <previous>12</previous>
    </vehicle>
    <vehicle>
        <id>9</id>
        <bndbox>
            <xmax>233</xmax>
            <xmin>201</xmin>
            <ymax>129</ymax>
            <ymin>114</ymin>
        </bndbox>
        <type>3</type>
        <direction>5</direction>
        <previous>0</previous>
    </vehicle>
    <vehicle>
        <id>10</id>
        <bndbox>
            <xmax>161</xmax>
            <xmin>144</xmin>
            <ymax>107</ymax>
            <ymin>96</ymin>
        </bndbox>
        <type>3</type>
        <direction>5</direction>
        <previous>9</previous>
    </vehicle>
    <vehicle>
        <id>11</id>
        <bndbox>
            <xmax>137</xmax>
            <xmin>126</xmin>
            <ymax>102</ymax>
            <ymin>93</ymin>
        </bndbox>
        <type>3</type>
        <direction>5</direction>
        <previous>11</previous>
    </vehicle>
    <vehicle>
        <id>12</id>
        <bndbox>
            <xmax>119</xmax>
            <xmin>110</xmin>
            <ymax>96</ymax>
            <ymin>88</ymin>
        </bndbox>
        <type>1</type>
        <direction>5</direction>
        <previous>13</previous>
    </vehicle>
    <vehicle>
        <id>13</id>
        <bndbox>
            <xmax>97</xmax>
            <xmin>90</xmin>
            <ymax>88</ymax>
            <ymin>81</ymin>
        </bndbox>
        <type>3</type>
        <direction>5</direction>
        <previous>15</previous>
    </vehicle>
    <vehicle>
        <id>14</id>
        <bndbox>
            <xmax>317</xmax>
            <xmin>271</xmin>
            <ymax>142</ymax>
            <ymin>121</ymin>
        </bndbox>
        <type>2</type>
        <direction>5</direction>
        <previous>8</previous>
    </vehicle>
</annotation>
