<annotation>
    <video>[Cam253]-2016_4_30_18h_150f.avi</video>
    <frame>000065</frame>
    <time>2016/04/30 18:01:29</time>
    <width>352</width>
    <height>240</height>
    <weather>1</weather>
    <facing>1</facing>
    <flow>2</flow>
    <vehicle>
        <id>1</id>
        <bndbox>
            <xmax>139</xmax>
            <xmin>101</xmin>
            <ymax>182</ymax>
            <ymin>151</ymin>
        </bndbox>
        <type>3</type>
        <direction>8</direction>
        <previous>2</previous>
    </vehicle>
    <vehicle>
        <id>2</id>
        <bndbox>
            <xmax>115</xmax>
            <xmin>96</xmin>
            <ymax>125</ymax>
            <ymin>111</ymin>
        </bndbox>
        <type>2</type>
        <direction>8</direction>
        <previous>4</previous>
    </vehicle>
    <vehicle>
        <id>3</id>
        <bndbox>
            <xmax>86</xmax>
            <xmin>73</xmin>
            <ymax>107</ymax>
            <ymin>95</ymin>
        </bndbox>
        <type>1</type>
        <direction>8</direction>
        <previous>5</previous>
    </vehicle>
    <vehicle>
        <id>4</id>
        <bndbox>
            <xmax>74</xmax>
            <xmin>64</xmin>
            <ymax>97</ymax>
            <ymin>90</ymin>
        </bndbox>
        <type>2</type>
        <direction>8</direction>
        <previous>6</previous>
    </vehicle>
    <vehicle>
        <id>5</id>
        <bndbox>
            <xmax>192</xmax>
            <xmin>157</xmin>
            <ymax>151</ymax>
            <ymin>130</ymin>
        </bndbox>
        <type>2</type>
        <direction>8</direction>
        <previous>7</previous>
    </vehicle>
    <vehicle>
        <id>6</id>
        <bndbox>
            <xmax>141</xmax>
            <xmin>119</xmin>
            <ymax>124</ymax>
            <ymin>111</ymin>
        </bndbox>
        <type>2</type>
        <direction>8</direction>
        <previous>8</previous>
    </vehicle>
    <vehicle>
        <id>7</id>
        <bndbox>
            <xmax>105</xmax>
            <xmin>91</xmin>
            <ymax>105</ymax>
            <ymin>94</ymin>
        </bndbox>
        <type>2</type>
        <direction>8</direction>
        <previous>9</previous>
    </vehicle>
    <vehicle>
        <id>8</id>
        <bndbox>
            <xmax>88</xmax>
            <xmin>78</xmin>
            <ymax>97</ymax>
            <ymin>89</ymin>
        </bndbox>
        <type>2</type>
        <direction>8</direction>
        <previous>10</previous>
    </vehicle>
    <vehicle>
        <id>9</id>
        <bndbox>
            <xmax>184</xmax>
            <xmin>158</xmin>
            <ymax>124</ymax>
            <ymin>110</ymin>
        </bndbox>
        <type>3</type>
        <direction>5</direction>
        <previous>11</previous>
    </vehicle>
    <vehicle>
        <id>10</id>
        <bndbox>
            <xmax>99</xmax>
            <xmin>90</xmin>
            <ymax>93</ymax>
            <ymin>87</ymin>
        </bndbox>
        <type>1</type>
        <direction>5</direction>
        <previous>12</previous>
    </vehicle>
    <vehicle>
        <id>11</id>
        <bndbox>
            <xmax>177</xmax>
            <xmin>157</xmin>
            <ymax>110</ymax>
            <ymin>98</ymin>
        </bndbox>
        <type>1</type>
        <direction>5</direction>
        <previous>13</previous>
    </vehicle>
    <vehicle>
        <id>12</id>
        <bndbox>
            <xmax>133</xmax>
            <xmin>121</xmin>
            <ymax>99</ymax>
            <ymin>92</ymin>
        </bndbox>
        <type>2</type>
        <direction>5</direction>
        <previous>14</previous>
    </vehicle>
    <vehicle>
        <id>13</id>
        <bndbox>
            <xmax>118</xmax>
            <xmin>107</xmin>
            <ymax>93</ymax>
            <ymin>86</ymin>
        </bndbox>
        <type>1</type>
        <direction>5</direction>
        <previous>15</previous>
    </vehicle>
    <vehicle>
        <id>14</id>
        <bndbox>
            <xmax>225</xmax>
            <xmin>200</xmin>
            <ymax>116</ymax>
            <ymin>104</ymin>
        </bndbox>
        <type>2</type>
        <direction>5</direction>
        <previous>19</previous>
    </vehicle>
    <vehicle>
        <id>15</id>
        <bndbox>
            <xmax>162</xmax>
            <xmin>146</xmin>
            <ymax>101</ymax>
            <ymin>93</ymin>
        </bndbox>
        <type>3</type>
        <direction>5</direction>
        <previous>18</previous>
    </vehicle>
</annotation>
