<annotation>
    <video>[Cam253]-2016_4_30_18h_150f.avi</video>
    <frame>000035</frame>
    <time>2016/04/30 18:00:57</time>
    <width>352</width>
    <height>240</height>
    <weather>1</weather>
    <facing>1</facing>
    <flow>2</flow>
    <vehicle>
        <id>1</id>
        <bndbox>
            <xmax>96</xmax>
            <xmin>76</xmin>
            <ymax>134</ymax>
            <ymin>116</ymin>
        </bndbox>
        <type>2</type>
        <direction>8</direction>
        <previous>1</previous>
    </vehicle>
    <vehicle>
        <id>2</id>
        <bndbox>
            <xmax>256</xmax>
            <xmin>187</xmin>
            <ymax>225</ymax>
            <ymin>169</ymin>
        </bndbox>
        <type>1</type>
        <direction>8</direction>
        <previous>2</previous>
    </vehicle>
    <vehicle>
        <id>3</id>
        <bndbox>
            <xmax>106</xmax>
            <xmin>89</xmin>
            <ymax>121</ymax>
            <ymin>105</ymin>
        </bndbox>
        <type>3</type>
        <direction>8</direction>
        <previous>3</previous>
    </vehicle>
    <vehicle>
        <id>4</id>
        <bndbox>
            <xmax>73</xmax>
            <xmin>65</xmin>
            <ymax>95</ymax>
            <ymin>89</ymin>
        </bndbox>
        <type>2</type>
        <direction>8</direction>
        <previous>0</previous>
    </vehicle>
    <vehicle>
        <id>5</id>
        <bndbox>
            <xmax>171</xmax>
            <xmin>141</xmin>
            <ymax>138</ymax>
            <ymin>116</ymin>
        </bndbox>
        <type>2</type>
        <direction>8</direction>
        <previous>4</previous>
    </vehicle>
    <vehicle>
        <id>6</id>
        <bndbox>
            <xmax>128</xmax>
            <xmin>110</xmin>
            <ymax>116</ymax>
            <ymin>102</ymin>
        </bndbox>
        <type>3</type>
        <direction>8</direction>
        <previous>5</previous>
    </vehicle>
    <vehicle>
        <id>7</id>
        <bndbox>
            <xmax>81</xmax>
            <xmin>73</xmin>
            <ymax>94</ymax>
            <ymin>87</ymin>
        </bndbox>
        <type>2</type>
        <direction>8</direction>
        <previous>0</previous>
    </vehicle>
    <vehicle>
        <id>8</id>
        <bndbox>
            <xmax>156</xmax>
            <xmin>136</xmin>
            <ymax>113</ymax>
            <ymin>102</ymin>
        </bndbox>
        <type>2</type>
        <direction>5</direction>
        <previous>6</previous>
    </vehicle>
    <vehicle>
        <id>9</id>
        <bndbox>
            <xmax>98</xmax>
            <xmin>89</xmin>
            <ymax>93</ymax>
            <ymin>87</ymin>
        </bndbox>
        <type>2</type>
        <direction>5</direction>
        <previous>7</previous>
    </vehicle>
    <vehicle>
        <id>10</id>
        <bndbox>
            <xmax>87</xmax>
            <xmin>80</xmin>
            <ymax>88</ymax>
            <ymin>83</ymin>
        </bndbox>
        <type>2</type>
        <direction>5</direction>
        <previous>8</previous>
    </vehicle>
    <vehicle>
        <id>11</id>
        <bndbox>
            <xmax>320</xmax>
            <xmin>261</xmin>
            <ymax>153</ymax>
            <ymin>125</ymin>
        </bndbox>
        <type>2</type>
        <direction>5</direction>
        <previous>0</previous>
    </vehicle>
    <vehicle>
        <id>12</id>
        <bndbox>
            <xmax>168</xmax>
            <xmin>150</xmin>
            <ymax>109</ymax>
            <ymin>97</ymin>
        </bndbox>
        <type>2</type>
        <direction>5</direction>
        <previous>9</previous>
    </vehicle>
    <vehicle>
        <id>13</id>
        <bndbox>
            <xmax>128</xmax>
            <xmin>116</xmin>
            <ymax>97</ymax>
            <ymin>88</ymin>
        </bndbox>
        <type>3</type>
        <direction>5</direction>
        <previous>10</previous>
    </vehicle>
    <vehicle>
        <id>14</id>
        <bndbox>
            <xmax>146</xmax>
            <xmin>134</xmin>
            <ymax>97</ymax>
            <ymin>90</ymin>
        </bndbox>
        <type>2</type>
        <direction>5</direction>
        <previous>12</previous>
    </vehicle>
</annotation>
