<annotation>
    <video>[Cam253]-2016_4_30_18h_150f.avi</video>
    <frame>000046</frame>
    <time>2016/04/30 18:01:09</time>
    <width>352</width>
    <height>240</height>
    <weather>1</weather>
    <facing>1</facing>
    <flow>2</flow>
    <vehicle>
        <id>1</id>
        <bndbox>
            <xmax>62</xmax>
            <xmin>55</xmin>
            <ymax>96</ymax>
            <ymin>91</ymin>
        </bndbox>
        <type>2</type>
        <direction>8</direction>
        <previous>0</previous>
    </vehicle>
    <vehicle>
        <id>2</id>
        <bndbox>
            <xmax>292</xmax>
            <xmin>223</xmin>
            <ymax>204</ymax>
            <ymin>157</ymin>
        </bndbox>
        <type>1</type>
        <direction>8</direction>
        <previous>2</previous>
    </vehicle>
    <vehicle>
        <id>3</id>
        <bndbox>
            <xmax>124</xmax>
            <xmin>107</xmin>
            <ymax>115</ymax>
            <ymin>102</ymin>
        </bndbox>
        <type>3</type>
        <direction>8</direction>
        <previous>3</previous>
    </vehicle>
    <vehicle>
        <id>4</id>
        <bndbox>
            <xmax>95</xmax>
            <xmin>84</xmin>
            <ymax>99</ymax>
            <ymin>92</ymin>
        </bndbox>
        <type>3</type>
        <direction>8</direction>
        <previous>4</previous>
    </vehicle>
    <vehicle>
        <id>5</id>
        <bndbox>
            <xmax>241</xmax>
            <xmin>207</xmin>
            <ymax>142</ymax>
            <ymin>122</ymin>
        </bndbox>
        <type>2</type>
        <direction>5</direction>
        <previous>0</previous>
    </vehicle>
    <vehicle>
        <id>6</id>
        <bndbox>
            <xmax>121</xmax>
            <xmin>109</xmin>
            <ymax>101</ymax>
            <ymin>93</ymin>
        </bndbox>
        <type>3</type>
        <direction>5</direction>
        <previous>5</previous>
    </vehicle>
    <vehicle>
        <id>7</id>
        <bndbox>
            <xmax>98</xmax>
            <xmin>90</xmin>
            <ymax>93</ymax>
            <ymin>87</ymin>
        </bndbox>
        <type>2</type>
        <direction>5</direction>
        <previous>6</previous>
    </vehicle>
    <vehicle>
        <id>8</id>
        <bndbox>
            <xmax>93</xmax>
            <xmin>84</xmin>
            <ymax>90</ymax>
            <ymin>85</ymin>
        </bndbox>
        <type>3</type>
        <direction>5</direction>
        <previous>7</previous>
    </vehicle>
    <vehicle>
        <id>9</id>
        <bndbox>
            <xmax>229</xmax>
            <xmin>199</xmin>
            <ymax>124</ymax>
            <ymin>110</ymin>
        </bndbox>
        <type>1</type>
        <direction>5</direction>
        <previous>9</previous>
    </vehicle>
    <vehicle>
        <id>10</id>
        <bndbox>
            <xmax>351</xmax>
            <xmin>315</xmin>
            <ymax>153</ymax>
            <ymin>130</ymin>
        </bndbox>
        <type>2</type>
        <direction>5</direction>
        <previous>0</previous>
    </vehicle>
    <vehicle>
        <id>11</id>
        <bndbox>
            <xmax>155</xmax>
            <xmin>140</xmin>
            <ymax>100</ymax>
            <ymin>92</ymin>
        </bndbox>
        <type>3</type>
        <direction>5</direction>
        <previous>10</previous>
    </vehicle>
    <vehicle>
        <id>12</id>
        <bndbox>
            <xmax>119</xmax>
            <xmin>109</xmin>
            <ymax>91</ymax>
            <ymin>85</ymin>
        </bndbox>
        <type>3</type>
        <direction>5</direction>
        <previous>12</previous>
    </vehicle>
</annotation>
