<annotation>
    <video>[Cam253]-2016_4_30_18h_150f.avi</video>
    <frame>000038</frame>
    <time>2016/04/30 18:01:00</time>
    <width>352</width>
    <height>240</height>
    <weather>1</weather>
    <facing>1</facing>
    <flow>2</flow>
    <vehicle>
        <id>1</id>
        <bndbox>
            <xmax>68</xmax>
            <xmin>59</xmin>
            <ymax>103</ymax>
            <ymin>95</ymin>
        </bndbox>
        <type>3</type>
        <direction>8</direction>
        <previous>1</previous>
    </vehicle>
    <vehicle>
        <id>2</id>
        <bndbox>
            <xmax>112</xmax>
            <xmin>94</xmin>
            <ymax>126</ymax>
            <ymin>111</ymin>
        </bndbox>
        <type>2</type>
        <direction>8</direction>
        <previous>2</previous>
    </vehicle>
    <vehicle>
        <id>3</id>
        <bndbox>
            <xmax>73</xmax>
            <xmin>65</xmin>
            <ymax>96</ymax>
            <ymin>89</ymin>
        </bndbox>
        <type>2</type>
        <direction>8</direction>
        <previous>3</previous>
    </vehicle>
    <vehicle>
        <id>4</id>
        <bndbox>
            <xmax>145</xmax>
            <xmin>120</xmin>
            <ymax>128</ymax>
            <ymin>109</ymin>
        </bndbox>
        <type>2</type>
        <direction>8</direction>
        <previous>4</previous>
    </vehicle>
    <vehicle>
        <id>5</id>
        <bndbox>
            <xmax>111</xmax>
            <xmin>96</xmin>
            <ymax>109</ymax>
            <ymin>97</ymin>
        </bndbox>
        <type>2</type>
        <direction>8</direction>
        <previous>5</previous>
    </vehicle>
    <vehicle>
        <id>6</id>
        <bndbox>
            <xmax>351</xmax>
            <xmin>283</xmin>
            <ymax>186</ymax>
            <ymin>149</ymin>
        </bndbox>
        <type>3</type>
        <direction>5</direction>
        <previous>0</previous>
    </vehicle>
    <vehicle>
        <id>7</id>
        <bndbox>
            <xmax>177</xmax>
            <xmin>151</xmin>
            <ymax>121</ymax>
            <ymin>107</ymin>
        </bndbox>
        <type>2</type>
        <direction>5</direction>
        <previous>6</previous>
    </vehicle>
    <vehicle>
        <id>8</id>
        <bndbox>
            <xmax>90</xmax>
            <xmin>83</xmin>
            <ymax>90</ymax>
            <ymin>84</ymin>
        </bndbox>
        <type>2</type>
        <direction>5</direction>
        <previous>7</previous>
    </vehicle>
    <vehicle>
        <id>9</id>
        <bndbox>
            <xmax>346</xmax>
            <xmin>291</xmin>
            <ymax>159</ymax>
            <ymin>134</ymin>
        </bndbox>
        <type>2</type>
        <direction>5</direction>
        <previous>0</previous>
    </vehicle>
    <vehicle>
        <id>10</id>
        <bndbox>
            <xmax>186</xmax>
            <xmin>171</xmin>
            <ymax>114</ymax>
            <ymin>103</ymin>
        </bndbox>
        <type>3</type>
        <direction>5</direction>
        <previous>8</previous>
    </vehicle>
    <vehicle>
        <id>11</id>
        <bndbox>
            <xmax>124</xmax>
            <xmin>112</xmin>
            <ymax>97</ymax>
            <ymin>88</ymin>
        </bndbox>
        <type>2</type>
        <direction>5</direction>
        <previous>9</previous>
    </vehicle>
    <vehicle>
        <id>12</id>
        <bndbox>
            <xmax>307</xmax>
            <xmin>265</xmin>
            <ymax>137</ymax>
            <ymin>120</ymin>
        </bndbox>
        <type>1</type>
        <direction>5</direction>
        <previous>0</previous>
    </vehicle>
    <vehicle>
        <id>13</id>
        <bndbox>
            <xmax>199</xmax>
            <xmin>180</xmin>
            <ymax>111</ymax>
            <ymin>100</ymin>
        </bndbox>
        <type>2</type>
        <direction>5</direction>
        <previous>11</previous>
    </vehicle>
</annotation>
