<annotation>
    <video>[Cam253]-2016_4_30_18h_150f.avi</video>
    <frame>000060</frame>
    <time>2016/04/30 18:01:24</time>
    <width>352</width>
    <height>240</height>
    <weather>1</weather>
    <facing>1</facing>
    <flow>2</flow>
    <vehicle>
        <id>1</id>
        <bndbox>
            <xmax>62</xmax>
            <xmin>53</xmin>
            <ymax>97</ymax>
            <ymin>90</ymin>
        </bndbox>
        <type>3</type>
        <direction>8</direction>
        <previous>0</previous>
    </vehicle>
    <vehicle>
        <id>2</id>
        <bndbox>
            <xmax>113</xmax>
            <xmin>93</xmin>
            <ymax>126</ymax>
            <ymin>109</ymin>
        </bndbox>
        <type>3</type>
        <direction>8</direction>
        <previous>1</previous>
    </vehicle>
    <vehicle>
        <id>3</id>
        <bndbox>
            <xmax>76</xmax>
            <xmin>66</xmin>
            <ymax>97</ymax>
            <ymin>90</ymin>
        </bndbox>
        <type>3</type>
        <direction>8</direction>
        <previous>2</previous>
    </vehicle>
    <vehicle>
        <id>4</id>
        <bndbox>
            <xmax>309</xmax>
            <xmin>235</xmin>
            <ymax>207</ymax>
            <ymin>160</ymin>
        </bndbox>
        <type>3</type>
        <direction>8</direction>
        <previous>3</previous>
    </vehicle>
    <vehicle>
        <id>5</id>
        <bndbox>
            <xmax>264</xmax>
            <xmin>225</xmin>
            <ymax>143</ymax>
            <ymin>125</ymin>
        </bndbox>
        <type>2</type>
        <direction>5</direction>
        <previous>0</previous>
    </vehicle>
    <vehicle>
        <id>6</id>
        <bndbox>
            <xmax>212</xmax>
            <xmin>185</xmin>
            <ymax>122</ymax>
            <ymin>105</ymin>
        </bndbox>
        <type>2</type>
        <direction>5</direction>
        <previous>6</previous>
    </vehicle>
    <vehicle>
        <id>7</id>
        <bndbox>
            <xmax>132</xmax>
            <xmin>119</xmin>
            <ymax>99</ymax>
            <ymin>91</ymin>
        </bndbox>
        <type>1</type>
        <direction>5</direction>
        <previous>7</previous>
    </vehicle>
    <vehicle>
        <id>8</id>
        <bndbox>
            <xmax>135</xmax>
            <xmin>125</xmin>
            <ymax>95</ymax>
            <ymin>88</ymin>
        </bndbox>
        <type>3</type>
        <direction>5</direction>
        <previous>8</previous>
    </vehicle>
    <vehicle>
        <id>9</id>
        <bndbox>
            <xmax>105</xmax>
            <xmin>95</xmin>
            <ymax>95</ymax>
            <ymin>87</ymin>
        </bndbox>
        <type>2</type>
        <direction>5</direction>
        <previous>4</previous>
    </vehicle>
</annotation>
