<annotation>
    <video>[Cam253]-2016_4_30_18h_150f.avi</video>
    <frame>000039</frame>
    <time>2016/04/30 18:01:01</time>
    <width>352</width>
    <height>240</height>
    <weather>1</weather>
    <facing>1</facing>
    <flow>2</flow>
    <vehicle>
        <id>1</id>
        <bndbox>
            <xmax>77</xmax>
            <xmin>64</xmin>
            <ymax>114</ymax>
            <ymin>103</ymin>
        </bndbox>
        <type>3</type>
        <direction>8</direction>
        <previous>1</previous>
    </vehicle>
    <vehicle>
        <id>2</id>
        <bndbox>
            <xmax>63</xmax>
            <xmin>54</xmin>
            <ymax>100</ymax>
            <ymin>91</ymin>
        </bndbox>
        <type>2</type>
        <direction>8</direction>
        <previous>0</previous>
    </vehicle>
    <vehicle>
        <id>3</id>
        <bndbox>
            <xmax>166</xmax>
            <xmin>131</xmin>
            <ymax>168</ymax>
            <ymin>137</ymin>
        </bndbox>
        <type>2</type>
        <direction>8</direction>
        <previous>2</previous>
    </vehicle>
    <vehicle>
        <id>4</id>
        <bndbox>
            <xmax>81</xmax>
            <xmin>71</xmin>
            <ymax>103</ymax>
            <ymin>94</ymin>
        </bndbox>
        <type>2</type>
        <direction>8</direction>
        <previous>3</previous>
    </vehicle>
    <vehicle>
        <id>5</id>
        <bndbox>
            <xmax>256</xmax>
            <xmin>192</xmin>
            <ymax>187</ymax>
            <ymin>142</ymin>
        </bndbox>
        <type>2</type>
        <direction>8</direction>
        <previous>4</previous>
    </vehicle>
    <vehicle>
        <id>6</id>
        <bndbox>
            <xmax>144</xmax>
            <xmin>120</xmin>
            <ymax>126</ymax>
            <ymin>110</ymin>
        </bndbox>
        <type>2</type>
        <direction>8</direction>
        <previous>5</previous>
    </vehicle>
    <vehicle>
        <id>7</id>
        <bndbox>
            <xmax>78</xmax>
            <xmin>70</xmin>
            <ymax>93</ymax>
            <ymin>86</ymin>
        </bndbox>
        <type>3</type>
        <direction>8</direction>
        <previous>0</previous>
    </vehicle>
    <vehicle>
        <id>8</id>
        <bndbox>
            <xmax>341</xmax>
            <xmin>278</xmin>
            <ymax>180</ymax>
            <ymin>149</ymin>
        </bndbox>
        <type>3</type>
        <direction>5</direction>
        <previous>0</previous>
    </vehicle>
    <vehicle>
        <id>9</id>
        <bndbox>
            <xmax>195</xmax>
            <xmin>166</xmin>
            <ymax>127</ymax>
            <ymin>111</ymin>
        </bndbox>
        <type>3</type>
        <direction>5</direction>
        <previous>6</previous>
    </vehicle>
    <vehicle>
        <id>10</id>
        <bndbox>
            <xmax>131</xmax>
            <xmin>118</xmin>
            <ymax>104</ymax>
            <ymin>95</ymin>
        </bndbox>
        <type>2</type>
        <direction>5</direction>
        <previous>7</previous>
    </vehicle>
    <vehicle>
        <id>11</id>
        <bndbox>
            <xmax>351</xmax>
            <xmin>300</xmin>
            <ymax>164</ymax>
            <ymin>142</ymin>
        </bndbox>
        <type>3</type>
        <direction>5</direction>
        <previous>0</previous>
    </vehicle>
    <vehicle>
        <id>12</id>
        <bndbox>
            <xmax>215</xmax>
            <xmin>193</xmin>
            <ymax>123</ymax>
            <ymin>108</ymin>
        </bndbox>
        <type>2</type>
        <direction>5</direction>
        <previous>9</previous>
    </vehicle>
    <vehicle>
        <id>13</id>
        <bndbox>
            <xmax>145</xmax>
            <xmin>132</xmin>
            <ymax>102</ymax>
            <ymin>95</ymin>
        </bndbox>
        <type>3</type>
        <direction>5</direction>
        <previous>10</previous>
    </vehicle>
    <vehicle>
        <id>14</id>
        <bndbox>
            <xmax>108</xmax>
            <xmin>98</xmin>
            <ymax>93</ymax>
            <ymin>86</ymin>
        </bndbox>
        <type>2</type>
        <direction>5</direction>
        <previous>11</previous>
    </vehicle>
    <vehicle>
        <id>15</id>
        <bndbox>
            <xmax>351</xmax>
            <xmin>313</xmin>
            <ymax>148</ymax>
            <ymin>125</ymin>
        </bndbox>
        <type>1</type>
        <direction>5</direction>
        <previous>0</previous>
    </vehicle>
    <vehicle>
        <id>16</id>
        <bndbox>
            <xmax>199</xmax>
            <xmin>178</xmin>
            <ymax>112</ymax>
            <ymin>100</ymin>
        </bndbox>
        <type>1</type>
        <direction>5</direction>
        <previous>12</previous>
    </vehicle>
    <vehicle>
        <id>17</id>
        <bndbox>
            <xmax>154</xmax>
            <xmin>140</xmin>
            <ymax>100</ymax>
            <ymin>92</ymin>
        </bndbox>
        <type>2</type>
        <direction>5</direction>
        <previous>13</previous>
    </vehicle>
</annotation>
