<annotation>
    <video>[Cam253]-2016_4_30_18h_150f.avi</video>
    <frame>000069</frame>
    <time>2016/04/30 18:01:34</time>
    <width>352</width>
    <height>240</height>
    <weather>1</weather>
    <facing>1</facing>
    <flow>2</flow>
    <vehicle>
        <id>1</id>
        <bndbox>
            <xmax>69</xmax>
            <xmin>58</xmin>
            <ymax>106</ymax>
            <ymin>97</ymin>
        </bndbox>
        <type>3</type>
        <direction>8</direction>
        <previous>1</previous>
    </vehicle>
    <vehicle>
        <id>2</id>
        <bndbox>
            <xmax>152</xmax>
            <xmin>119</xmin>
            <ymax>155</ymax>
            <ymin>128</ymin>
        </bndbox>
        <type>2</type>
        <direction>8</direction>
        <previous>3</previous>
    </vehicle>
    <vehicle>
        <id>3</id>
        <bndbox>
            <xmax>103</xmax>
            <xmin>86</xmin>
            <ymax>119</ymax>
            <ymin>108</ymin>
        </bndbox>
        <type>3</type>
        <direction>8</direction>
        <previous>4</previous>
    </vehicle>
    <vehicle>
        <id>4</id>
        <bndbox>
            <xmax>84</xmax>
            <xmin>74</xmin>
            <ymax>104</ymax>
            <ymin>96</ymin>
        </bndbox>
        <type>2</type>
        <direction>8</direction>
        <previous>5</previous>
    </vehicle>
    <vehicle>
        <id>5</id>
        <bndbox>
            <xmax>74</xmax>
            <xmin>67</xmin>
            <ymax>97</ymax>
            <ymin>90</ymin>
        </bndbox>
        <type>2</type>
        <direction>8</direction>
        <previous>0</previous>
    </vehicle>
    <vehicle>
        <id>6</id>
        <bndbox>
            <xmax>69</xmax>
            <xmin>59</xmin>
            <ymax>94</ymax>
            <ymin>88</ymin>
        </bndbox>
        <type>2</type>
        <direction>8</direction>
        <previous>0</previous>
    </vehicle>
    <vehicle>
        <id>7</id>
        <bndbox>
            <xmax>321</xmax>
            <xmin>239</xmin>
            <ymax>214</ymax>
            <ymin>158</ymin>
        </bndbox>
        <type>2</type>
        <direction>8</direction>
        <previous>6</previous>
    </vehicle>
    <vehicle>
        <id>8</id>
        <bndbox>
            <xmax>101</xmax>
            <xmin>88</xmin>
            <ymax>103</ymax>
            <ymin>94</ymin>
        </bndbox>
        <type>2</type>
        <direction>8</direction>
        <previous>7</previous>
    </vehicle>
    <vehicle>
        <id>9</id>
        <bndbox>
            <xmax>80</xmax>
            <xmin>72</xmin>
            <ymax>93</ymax>
            <ymin>88</ymin>
        </bndbox>
        <type>3</type>
        <direction>8</direction>
        <previous>0</previous>
    </vehicle>
    <vehicle>
        <id>10</id>
        <bndbox>
            <xmax>294</xmax>
            <xmin>245</xmin>
            <ymax>162</ymax>
            <ymin>136</ymin>
        </bndbox>
        <type>2</type>
        <direction>5</direction>
        <previous>0</previous>
    </vehicle>
    <vehicle>
        <id>11</id>
        <bndbox>
            <xmax>157</xmax>
            <xmin>137</xmin>
            <ymax>113</ymax>
            <ymin>102</ymin>
        </bndbox>
        <type>2</type>
        <direction>5</direction>
        <previous>8</previous>
    </vehicle>
    <vehicle>
        <id>12</id>
        <bndbox>
            <xmax>113</xmax>
            <xmin>103</xmin>
            <ymax>98</ymax>
            <ymin>91</ymin>
        </bndbox>
        <type>2</type>
        <direction>5</direction>
        <previous>9</previous>
    </vehicle>
    <vehicle>
        <id>13</id>
        <bndbox>
            <xmax>88</xmax>
            <xmin>81</xmin>
            <ymax>90</ymax>
            <ymin>84</ymin>
        </bndbox>
        <type>3</type>
        <direction>5</direction>
        <previous>10</previous>
    </vehicle>
    <vehicle>
        <id>14</id>
        <bndbox>
            <xmax>180</xmax>
            <xmin>156</xmin>
            <ymax>111</ymax>
            <ymin>98</ymin>
        </bndbox>
        <type>2</type>
        <direction>5</direction>
        <previous>11</previous>
    </vehicle>
    <vehicle>
        <id>15</id>
        <bndbox>
            <xmax>136</xmax>
            <xmin>120</xmin>
            <ymax>100</ymax>
            <ymin>91</ymin>
        </bndbox>
        <type>3</type>
        <direction>5</direction>
        <previous>12</previous>
    </vehicle>
    <vehicle>
        <id>16</id>
        <bndbox>
            <xmax>110</xmax>
            <xmin>101</xmin>
            <ymax>90</ymax>
            <ymin>83</ymin>
        </bndbox>
        <type>2</type>
        <direction>5</direction>
        <previous>14</previous>
    </vehicle>
    <vehicle>
        <id>17</id>
        <bndbox>
            <xmax>100</xmax>
            <xmin>92</xmin>
            <ymax>88</ymax>
            <ymin>82</ymin>
        </bndbox>
        <type>3</type>
        <direction>5</direction>
        <previous>13</previous>
    </vehicle>
</annotation>
