<annotation>
    <video>[Cam253]-2016_4_30_18h_150f.avi</video>
    <frame>000138</frame>
    <time>2016/04/30 18:02:49</time>
    <width>352</width>
    <height>240</height>
    <weather>1</weather>
    <facing>1</facing>
    <flow>2</flow>
    <vehicle>
        <id>1</id>
        <bndbox>
            <xmax>94</xmax>
            <xmin>74</xmin>
            <ymax>135</ymax>
            <ymin>117</ymin>
        </bndbox>
        <type>2</type>
        <direction>8</direction>
        <previous>1</previous>
    </vehicle>
    <vehicle>
        <id>2</id>
        <bndbox>
            <xmax>74</xmax>
            <xmin>61</xmin>
            <ymax>107</ymax>
            <ymin>96</ymin>
        </bndbox>
        <type>3</type>
        <direction>8</direction>
        <previous>2</previous>
    </vehicle>
    <vehicle>
        <id>3</id>
        <bndbox>
            <xmax>61</xmax>
            <xmin>53</xmin>
            <ymax>96</ymax>
            <ymin>88</ymin>
        </bndbox>
        <type>2</type>
        <direction>8</direction>
        <previous>0</previous>
    </vehicle>
    <vehicle>
        <id>4</id>
        <bndbox>
            <xmax>215</xmax>
            <xmin>157</xmin>
            <ymax>199</ymax>
            <ymin>152</ymin>
        </bndbox>
        <type>2</type>
        <direction>8</direction>
        <previous>0</previous>
    </vehicle>
    <vehicle>
        <id>5</id>
        <bndbox>
            <xmax>100</xmax>
            <xmin>81</xmin>
            <ymax>116</ymax>
            <ymin>102</ymin>
        </bndbox>
        <type>3</type>
        <direction>8</direction>
        <previous>5</previous>
    </vehicle>
    <vehicle>
        <id>6</id>
        <bndbox>
            <xmax>91</xmax>
            <xmin>81</xmin>
            <ymax>101</ymax>
            <ymin>91</ymin>
        </bndbox>
        <type>2</type>
        <direction>7</direction>
        <previous>6</previous>
    </vehicle>
    <vehicle>
        <id>7</id>
        <bndbox>
            <xmax>291</xmax>
            <xmin>241</xmin>
            <ymax>162</ymax>
            <ymin>135</ymin>
        </bndbox>
        <type>2</type>
        <direction>5</direction>
        <previous>0</previous>
    </vehicle>
    <vehicle>
        <id>8</id>
        <bndbox>
            <xmax>137</xmax>
            <xmin>120</xmin>
            <ymax>107</ymax>
            <ymin>96</ymin>
        </bndbox>
        <type>2</type>
        <direction>5</direction>
        <previous>8</previous>
    </vehicle>
    <vehicle>
        <id>9</id>
        <bndbox>
            <xmax>314</xmax>
            <xmin>273</xmin>
            <ymax>150</ymax>
            <ymin>129</ymin>
        </bndbox>
        <type>3</type>
        <direction>5</direction>
        <previous>0</previous>
    </vehicle>
    <vehicle>
        <id>10</id>
        <bndbox>
            <xmax>178</xmax>
            <xmin>159</xmin>
            <ymax>109</ymax>
            <ymin>96</ymin>
        </bndbox>
        <type>3</type>
        <direction>5</direction>
        <previous>10</previous>
    </vehicle>
    <vehicle>
        <id>11</id>
        <bndbox>
            <xmax>144</xmax>
            <xmin>131</xmin>
            <ymax>103</ymax>
            <ymin>93</ymin>
        </bndbox>
        <type>2</type>
        <direction>5</direction>
        <previous>9</previous>
    </vehicle>
    <vehicle>
        <id>12</id>
        <bndbox>
            <xmax>138</xmax>
            <xmin>122</xmin>
            <ymax>96</ymax>
            <ymin>88</ymin>
        </bndbox>
        <type>2</type>
        <direction>5</direction>
        <previous>11</previous>
    </vehicle>
    <vehicle>
        <id>13</id>
        <bndbox>
            <xmax>92</xmax>
            <xmin>83</xmin>
            <ymax>87</ymax>
            <ymin>80</ymin>
        </bndbox>
        <type>3</type>
        <direction>5</direction>
        <previous>12</previous>
    </vehicle>
</annotation>
