<annotation>
    <video>[Cam253]-2016_4_30_18h_150f.avi</video>
    <frame>000142</frame>
    <time>2016/04/30 18:02:53</time>
    <width>352</width>
    <height>240</height>
    <weather>1</weather>
    <facing>1</facing>
    <flow>2</flow>
    <vehicle>
        <id>1</id>
        <bndbox>
            <xmax>109</xmax>
            <xmin>80</xmin>
            <ymax>148</ymax>
            <ymin>125</ymin>
        </bndbox>
        <type>2</type>
        <direction>8</direction>
        <previous>2</previous>
    </vehicle>
    <vehicle>
        <id>2</id>
        <bndbox>
            <xmax>96</xmax>
            <xmin>80</xmin>
            <ymax>118</ymax>
            <ymin>106</ymin>
        </bndbox>
        <type>3</type>
        <direction>8</direction>
        <previous>3</previous>
    </vehicle>
    <vehicle>
        <id>3</id>
        <bndbox>
            <xmax>100</xmax>
            <xmin>86</xmin>
            <ymax>105</ymax>
            <ymin>94</ymin>
        </bndbox>
        <type>3</type>
        <direction>8</direction>
        <previous>5</previous>
    </vehicle>
    <vehicle>
        <id>4</id>
        <bndbox>
            <xmax>146</xmax>
            <xmin>121</xmin>
            <ymax>127</ymax>
            <ymin>109</ymin>
        </bndbox>
        <type>3</type>
        <direction>8</direction>
        <previous>4</previous>
    </vehicle>
    <vehicle>
        <id>5</id>
        <bndbox>
            <xmax>231</xmax>
            <xmin>203</xmin>
            <ymax>122</ymax>
            <ymin>107</ymin>
        </bndbox>
        <type>3</type>
        <direction>5</direction>
        <previous>9</previous>
    </vehicle>
    <vehicle>
        <id>6</id>
        <bndbox>
            <xmax>156</xmax>
            <xmin>138</xmin>
            <ymax>106</ymax>
            <ymin>96</ymin>
        </bndbox>
        <type>2</type>
        <direction>5</direction>
        <previous>10</previous>
    </vehicle>
    <vehicle>
        <id>7</id>
        <bndbox>
            <xmax>110</xmax>
            <xmin>100</xmin>
            <ymax>96</ymax>
            <ymin>89</ymin>
        </bndbox>
        <type>2</type>
        <direction>5</direction>
        <previous>6</previous>
    </vehicle>
    <vehicle>
        <id>8</id>
        <bndbox>
            <xmax>110</xmax>
            <xmin>99</xmin>
            <ymax>91</ymax>
            <ymin>85</ymin>
        </bndbox>
        <type>3</type>
        <direction>5</direction>
        <previous>11</previous>
    </vehicle>
    <vehicle>
        <id>9</id>
        <bndbox>
            <xmax>95</xmax>
            <xmin>86</xmin>
            <ymax>91</ymax>
            <ymin>85</ymin>
        </bndbox>
        <type>2</type>
        <direction>5</direction>
        <previous>7</previous>
    </vehicle>
    <vehicle>
        <id>10</id>
        <bndbox>
            <xmax>92</xmax>
            <xmin>86</xmin>
            <ymax>86</ymax>
            <ymin>80</ymin>
        </bndbox>
        <type>3</type>
        <direction>5</direction>
        <previous>12</previous>
    </vehicle>
</annotation>
