<annotation>
    <video>[Cam253]-2016_4_30_18h_150f.avi</video>
    <frame>000143</frame>
    <time>2016/04/30 18:02:54</time>
    <width>352</width>
    <height>240</height>
    <weather>1</weather>
    <facing>1</facing>
    <flow>2</flow>
    <vehicle>
        <id>1</id>
        <bndbox>
            <xmax>208</xmax>
            <xmin>129</xmin>
            <ymax>239</ymax>
            <ymin>186</ymin>
        </bndbox>
        <type>2</type>
        <direction>8</direction>
        <previous>1</previous>
    </vehicle>
    <vehicle>
        <id>2</id>
        <bndbox>
            <xmax>159</xmax>
            <xmin>122</xmin>
            <ymax>164</ymax>
            <ymin>136</ymin>
        </bndbox>
        <type>3</type>
        <direction>8</direction>
        <previous>2</previous>
    </vehicle>
    <vehicle>
        <id>3</id>
        <bndbox>
            <xmax>291</xmax>
            <xmin>223</xmin>
            <ymax>204</ymax>
            <ymin>155</ymin>
        </bndbox>
        <type>3</type>
        <direction>8</direction>
        <previous>4</previous>
    </vehicle>
    <vehicle>
        <id>4</id>
        <bndbox>
            <xmax>130</xmax>
            <xmin>109</xmin>
            <ymax>121</ymax>
            <ymin>105</ymin>
        </bndbox>
        <type>3</type>
        <direction>8</direction>
        <previous>3</previous>
    </vehicle>
    <vehicle>
        <id>5</id>
        <bndbox>
            <xmax>292</xmax>
            <xmin>249</xmin>
            <ymax>146</ymax>
            <ymin>121</ymin>
        </bndbox>
        <type>3</type>
        <direction>5</direction>
        <previous>0</previous>
    </vehicle>
    <vehicle>
        <id>6</id>
        <bndbox>
            <xmax>171</xmax>
            <xmin>153</xmin>
            <ymax>106</ymax>
            <ymin>94</ymin>
        </bndbox>
        <type>3</type>
        <direction>5</direction>
        <previous>5</previous>
    </vehicle>
    <vehicle>
        <id>7</id>
        <bndbox>
            <xmax>128</xmax>
            <xmin>116</xmin>
            <ymax>97</ymax>
            <ymin>90</ymin>
        </bndbox>
        <type>2</type>
        <direction>5</direction>
        <previous>6</previous>
    </vehicle>
    <vehicle>
        <id>8</id>
        <bndbox>
            <xmax>96</xmax>
            <xmin>87</xmin>
            <ymax>91</ymax>
            <ymin>84</ymin>
        </bndbox>
        <type>2</type>
        <direction>5</direction>
        <previous>7</previous>
    </vehicle>
    <vehicle>
        <id>9</id>
        <bndbox>
            <xmax>86</xmax>
            <xmin>78</xmin>
            <ymax>89</ymax>
            <ymin>82</ymin>
        </bndbox>
        <type>2</type>
        <direction>5</direction>
        <previous>9</previous>
    </vehicle>
</annotation>
