<annotation>
    <video>[Cam253]-2016_4_30_18h_150f.avi</video>
    <frame>000116</frame>
    <time>2016/04/30 18:02:25</time>
    <width>352</width>
    <height>240</height>
    <weather>1</weather>
    <facing>1</facing>
    <flow>2</flow>
    <vehicle>
        <id>1</id>
        <bndbox>
            <xmax>201</xmax>
            <xmin>151</xmin>
            <ymax>194</ymax>
            <ymin>156</ymin>
        </bndbox>
        <type>2</type>
        <direction>8</direction>
        <previous>2</previous>
    </vehicle>
    <vehicle>
        <id>2</id>
        <bndbox>
            <xmax>103</xmax>
            <xmin>85</xmin>
            <ymax>119</ymax>
            <ymin>106</ymin>
        </bndbox>
        <type>2</type>
        <direction>8</direction>
        <previous>3</previous>
    </vehicle>
    <vehicle>
        <id>3</id>
        <bndbox>
            <xmax>70</xmax>
            <xmin>62</xmin>
            <ymax>96</ymax>
            <ymin>89</ymin>
        </bndbox>
        <type>2</type>
        <direction>8</direction>
        <previous>0</previous>
    </vehicle>
    <vehicle>
        <id>4</id>
        <bndbox>
            <xmax>145</xmax>
            <xmin>122</xmin>
            <ymax>125</ymax>
            <ymin>109</ymin>
        </bndbox>
        <type>3</type>
        <direction>8</direction>
        <previous>4</previous>
    </vehicle>
    <vehicle>
        <id>5</id>
        <bndbox>
            <xmax>80</xmax>
            <xmin>71</xmin>
            <ymax>93</ymax>
            <ymin>86</ymin>
        </bndbox>
        <type>3</type>
        <direction>8</direction>
        <previous>0</previous>
    </vehicle>
    <vehicle>
        <id>6</id>
        <bndbox>
            <xmax>217</xmax>
            <xmin>183</xmin>
            <ymax>123</ymax>
            <ymin>108</ymin>
        </bndbox>
        <type>2</type>
        <direction>5</direction>
        <previous>5</previous>
    </vehicle>
    <vehicle>
        <id>7</id>
        <bndbox>
            <xmax>102</xmax>
            <xmin>93</xmin>
            <ymax>90</ymax>
            <ymin>83</ymin>
        </bndbox>
        <type>2</type>
        <direction>5</direction>
        <previous>6</previous>
    </vehicle>
    <vehicle>
        <id>8</id>
        <bndbox>
            <xmax>87</xmax>
            <xmin>80</xmin>
            <ymax>90</ymax>
            <ymin>83</ymin>
        </bndbox>
        <type>2</type>
        <direction>5</direction>
        <previous>7</previous>
    </vehicle>
</annotation>
