<annotation>
    <video>[Cam253]-2016_4_30_18h_150f.avi</video>
    <frame>000107</frame>
    <time>2016/04/30 18:02:15</time>
    <width>352</width>
    <height>240</height>
    <weather>1</weather>
    <facing>1</facing>
    <flow>2</flow>
    <vehicle>
        <id>1</id>
        <bndbox>
            <xmax>80</xmax>
            <xmin>68</xmin>
            <ymax>103</ymax>
            <ymin>93</ymin>
        </bndbox>
        <type>2</type>
        <direction>8</direction>
        <previous>3</previous>
    </vehicle>
    <vehicle>
        <id>2</id>
        <bndbox>
            <xmax>71</xmax>
            <xmin>63</xmin>
            <ymax>95</ymax>
            <ymin>86</ymin>
        </bndbox>
        <type>1</type>
        <direction>8</direction>
        <previous>0</previous>
    </vehicle>
    <vehicle>
        <id>3</id>
        <bndbox>
            <xmax>186</xmax>
            <xmin>151</xmin>
            <ymax>151</ymax>
            <ymin>125</ymin>
        </bndbox>
        <type>2</type>
        <direction>8</direction>
        <previous>4</previous>
    </vehicle>
    <vehicle>
        <id>4</id>
        <bndbox>
            <xmax>116</xmax>
            <xmin>98</xmin>
            <ymax>112</ymax>
            <ymin>101</ymin>
        </bndbox>
        <type>2</type>
        <direction>8</direction>
        <previous>5</previous>
    </vehicle>
    <vehicle>
        <id>5</id>
        <bndbox>
            <xmax>298</xmax>
            <xmin>247</xmin>
            <ymax>163</ymax>
            <ymin>137</ymin>
        </bndbox>
        <type>3</type>
        <direction>5</direction>
        <previous>0</previous>
    </vehicle>
    <vehicle>
        <id>6</id>
        <bndbox>
            <xmax>202</xmax>
            <xmin>175</xmin>
            <ymax>128</ymax>
            <ymin>113</ymin>
        </bndbox>
        <type>2</type>
        <direction>5</direction>
        <previous>6</previous>
    </vehicle>
    <vehicle>
        <id>7</id>
        <bndbox>
            <xmax>155</xmax>
            <xmin>136</xmin>
            <ymax>114</ymax>
            <ymin>100</ymin>
        </bndbox>
        <type>2</type>
        <direction>5</direction>
        <previous>7</previous>
    </vehicle>
    <vehicle>
        <id>8</id>
        <bndbox>
            <xmax>129</xmax>
            <xmin>114</xmin>
            <ymax>105</ymax>
            <ymin>95</ymin>
        </bndbox>
        <type>2</type>
        <direction>5</direction>
        <previous>8</previous>
    </vehicle>
    <vehicle>
        <id>9</id>
        <bndbox>
            <xmax>115</xmax>
            <xmin>104</xmin>
            <ymax>98</ymax>
            <ymin>90</ymin>
        </bndbox>
        <type>1</type>
        <direction>5</direction>
        <previous>9</previous>
    </vehicle>
    <vehicle>
        <id>10</id>
        <bndbox>
            <xmax>100</xmax>
            <xmin>88</xmin>
            <ymax>94</ymax>
            <ymin>86</ymin>
        </bndbox>
        <type>3</type>
        <direction>5</direction>
        <previous>10</previous>
    </vehicle>
    <vehicle>
        <id>11</id>
        <bndbox>
            <xmax>87</xmax>
            <xmin>79</xmin>
            <ymax>89</ymax>
            <ymin>82</ymin>
        </bndbox>
        <type>3</type>
        <direction>5</direction>
        <previous>11</previous>
    </vehicle>
    <vehicle>
        <id>12</id>
        <bndbox>
            <xmax>272</xmax>
            <xmin>232</xmin>
            <ymax>132</ymax>
            <ymin>114</ymin>
        </bndbox>
        <type>3</type>
        <direction>5</direction>
        <previous>0</previous>
    </vehicle>
    <vehicle>
        <id>13</id>
        <bndbox>
            <xmax>193</xmax>
            <xmin>170</xmin>
            <ymax>116</ymax>
            <ymin>103</ymin>
        </bndbox>
        <type>1</type>
        <direction>5</direction>
        <previous>13</previous>
    </vehicle>
    <vehicle>
        <id>14</id>
        <bndbox>
            <xmax>182</xmax>
            <xmin>163</xmin>
            <ymax>107</ymax>
            <ymin>93</ymin>
        </bndbox>
        <type>1</type>
        <direction>5</direction>
        <previous>14</previous>
    </vehicle>
    <vehicle>
        <id>15</id>
        <bndbox>
            <xmax>133</xmax>
            <xmin>120</xmin>
            <ymax>97</ymax>
            <ymin>87</ymin>
        </bndbox>
        <type>3</type>
        <direction>5</direction>
        <previous>15</previous>
    </vehicle>
</annotation>
