<annotation>
    <video>[Cam253]-2016_4_30_18h_150f.avi</video>
    <frame>000145</frame>
    <time>2016/04/30 18:02:56</time>
    <width>352</width>
    <height>240</height>
    <weather>1</weather>
    <facing>1</facing>
    <flow>2</flow>
    <vehicle>
        <id>1</id>
        <bndbox>
            <xmax>69</xmax>
            <xmin>58</xmin>
            <ymax>106</ymax>
            <ymin>94</ymin>
        </bndbox>
        <type>3</type>
        <direction>8</direction>
        <previous>1</previous>
    </vehicle>
    <vehicle>
        <id>2</id>
        <bndbox>
            <xmax>74</xmax>
            <xmin>65</xmin>
            <ymax>98</ymax>
            <ymin>89</ymin>
        </bndbox>
        <type>3</type>
        <direction>8</direction>
        <previous>0</previous>
    </vehicle>
    <vehicle>
        <id>3</id>
        <bndbox>
            <xmax>78</xmax>
            <xmin>68</xmin>
            <ymax>91</ymax>
            <ymin>86</ymin>
        </bndbox>
        <type>2</type>
        <direction>8</direction>
        <previous>0</previous>
    </vehicle>
    <vehicle>
        <id>4</id>
        <bndbox>
            <xmax>351</xmax>
            <xmin>332</xmin>
            <ymax>193</ymax>
            <ymin>170</ymin>
        </bndbox>
        <type>2</type>
        <direction>5</direction>
        <previous>0</previous>
    </vehicle>
    <vehicle>
        <id>5</id>
        <bndbox>
            <xmax>158</xmax>
            <xmin>140</xmin>
            <ymax>113</ymax>
            <ymin>100</ymin>
        </bndbox>
        <type>3</type>
        <direction>5</direction>
        <previous>3</previous>
    </vehicle>
    <vehicle>
        <id>6</id>
        <bndbox>
            <xmax>346</xmax>
            <xmin>287</xmin>
            <ymax>163</ymax>
            <ymin>137</ymin>
        </bndbox>
        <type>2</type>
        <direction>5</direction>
        <previous>0</previous>
    </vehicle>
    <vehicle>
        <id>7</id>
        <bndbox>
            <xmax>209</xmax>
            <xmin>183</xmin>
            <ymax>121</ymax>
            <ymin>106</ymin>
        </bndbox>
        <type>3</type>
        <direction>5</direction>
        <previous>5</previous>
    </vehicle>
    <vehicle>
        <id>8</id>
        <bndbox>
            <xmax>222</xmax>
            <xmin>202</xmin>
            <ymax>116</ymax>
            <ymin>106</ymin>
        </bndbox>
        <type>2</type>
        <direction>5</direction>
        <previous>7</previous>
    </vehicle>
    <vehicle>
        <id>9</id>
        <bndbox>
            <xmax>151</xmax>
            <xmin>134</xmin>
            <ymax>103</ymax>
            <ymin>94</ymin>
        </bndbox>
        <type>3</type>
        <direction>5</direction>
        <previous>6</previous>
    </vehicle>
    <vehicle>
        <id>10</id>
        <bndbox>
            <xmax>120</xmax>
            <xmin>111</xmin>
            <ymax>92</ymax>
            <ymin>85</ymin>
        </bndbox>
        <type>3</type>
        <direction>5</direction>
        <previous>8</previous>
    </vehicle>
    <vehicle>
        <id>11</id>
        <bndbox>
            <xmax>99</xmax>
            <xmin>89</xmin>
            <ymax>89</ymax>
            <ymin>83</ymin>
        </bndbox>
        <type>2</type>
        <direction>5</direction>
        <previous>9</previous>
    </vehicle>
</annotation>
