<annotation>
    <video>[Cam253]-2016_4_30_18h_150f.avi</video>
    <frame>000134</frame>
    <time>2016/04/30 18:02:44</time>
    <width>352</width>
    <height>240</height>
    <weather>1</weather>
    <facing>1</facing>
    <flow>2</flow>
    <vehicle>
        <id>1</id>
        <bndbox>
            <xmax>206</xmax>
            <xmin>134</xmin>
            <ymax>239</ymax>
            <ymin>187</ymin>
        </bndbox>
        <type>1</type>
        <direction>8</direction>
        <previous>1</previous>
    </vehicle>
    <vehicle>
        <id>2</id>
        <bndbox>
            <xmax>116</xmax>
            <xmin>90</xmin>
            <ymax>144</ymax>
            <ymin>122</ymin>
        </bndbox>
        <type>3</type>
        <direction>8</direction>
        <previous>2</previous>
    </vehicle>
    <vehicle>
        <id>3</id>
        <bndbox>
            <xmax>84</xmax>
            <xmin>72</xmin>
            <ymax>102</ymax>
            <ymin>92</ymin>
        </bndbox>
        <type>3</type>
        <direction>8</direction>
        <previous>3</previous>
    </vehicle>
    <vehicle>
        <id>4</id>
        <bndbox>
            <xmax>73</xmax>
            <xmin>64</xmin>
            <ymax>94</ymax>
            <ymin>88</ymin>
        </bndbox>
        <type>2</type>
        <direction>8</direction>
        <previous>0</previous>
    </vehicle>
    <vehicle>
        <id>5</id>
        <bndbox>
            <xmax>79</xmax>
            <xmin>70</xmin>
            <ymax>93</ymax>
            <ymin>85</ymin>
        </bndbox>
        <type>2</type>
        <direction>8</direction>
        <previous>0</previous>
    </vehicle>
    <vehicle>
        <id>6</id>
        <bndbox>
            <xmax>223</xmax>
            <xmin>181</xmin>
            <ymax>163</ymax>
            <ymin>130</ymin>
        </bndbox>
        <type>1</type>
        <direction>8</direction>
        <previous>4</previous>
    </vehicle>
    <vehicle>
        <id>7</id>
        <bndbox>
            <xmax>191</xmax>
            <xmin>165</xmin>
            <ymax>115</ymax>
            <ymin>99</ymin>
        </bndbox>
        <type>3</type>
        <direction>5</direction>
        <previous>5</previous>
    </vehicle>
    <vehicle>
        <id>8</id>
        <bndbox>
            <xmax>120</xmax>
            <xmin>108</xmin>
            <ymax>96</ymax>
            <ymin>88</ymin>
        </bndbox>
        <type>3</type>
        <direction>5</direction>
        <previous>6</previous>
    </vehicle>
    <vehicle>
        <id>9</id>
        <bndbox>
            <xmax>123</xmax>
            <xmin>112</xmin>
            <ymax>93</ymax>
            <ymin>87</ymin>
        </bndbox>
        <type>3</type>
        <direction>5</direction>
        <previous>7</previous>
    </vehicle>
    <vehicle>
        <id>10</id>
        <bndbox>
            <xmax>107</xmax>
            <xmin>96</xmin>
            <ymax>88</ymax>
            <ymin>82</ymin>
        </bndbox>
        <type>3</type>
        <direction>5</direction>
        <previous>8</previous>
    </vehicle>
    <vehicle>
        <id>11</id>
        <bndbox>
            <xmax>94</xmax>
            <xmin>87</xmin>
            <ymax>88</ymax>
            <ymin>82</ymin>
        </bndbox>
        <type>1</type>
        <direction>5</direction>
        <previous>9</previous>
    </vehicle>
</annotation>
