<annotation>
    <video>[Cam253]-2016_4_30_18h_150f.avi</video>
    <frame>000135</frame>
    <time>2016/04/30 18:02:45</time>
    <width>352</width>
    <height>240</height>
    <weather>1</weather>
    <facing>1</facing>
    <flow>2</flow>
    <vehicle>
        <id>1</id>
        <bndbox>
            <xmax>213</xmax>
            <xmin>142</xmin>
            <ymax>239</ymax>
            <ymin>185</ymin>
        </bndbox>
        <type>3</type>
        <direction>8</direction>
        <previous>2</previous>
    </vehicle>
    <vehicle>
        <id>2</id>
        <bndbox>
            <xmax>99</xmax>
            <xmin>85</xmin>
            <ymax>113</ymax>
            <ymin>101</ymin>
        </bndbox>
        <type>3</type>
        <direction>8</direction>
        <previous>3</previous>
    </vehicle>
    <vehicle>
        <id>3</id>
        <bndbox>
            <xmax>80</xmax>
            <xmin>69</xmin>
            <ymax>101</ymax>
            <ymin>92</ymin>
        </bndbox>
        <type>2</type>
        <direction>8</direction>
        <previous>4</previous>
    </vehicle>
    <vehicle>
        <id>4</id>
        <bndbox>
            <xmax>63</xmax>
            <xmin>54</xmin>
            <ymax>98</ymax>
            <ymin>90</ymin>
        </bndbox>
        <type>2</type>
        <direction>8</direction>
        <previous>0</previous>
    </vehicle>
    <vehicle>
        <id>5</id>
        <bndbox>
            <xmax>69</xmax>
            <xmin>59</xmin>
            <ymax>92</ymax>
            <ymin>86</ymin>
        </bndbox>
        <type>3</type>
        <direction>8</direction>
        <previous>0</previous>
    </vehicle>
    <vehicle>
        <id>6</id>
        <bndbox>
            <xmax>90</xmax>
            <xmin>80</xmin>
            <ymax>98</ymax>
            <ymin>90</ymin>
        </bndbox>
        <type>2</type>
        <direction>8</direction>
        <previous>5</previous>
    </vehicle>
    <vehicle>
        <id>7</id>
        <bndbox>
            <xmax>142</xmax>
            <xmin>126</xmin>
            <ymax>101</ymax>
            <ymin>91</ymin>
        </bndbox>
        <type>3</type>
        <direction>5</direction>
        <previous>7</previous>
    </vehicle>
    <vehicle>
        <id>8</id>
        <bndbox>
            <xmax>103</xmax>
            <xmin>94</xmin>
            <ymax>91</ymax>
            <ymin>84</ymin>
        </bndbox>
        <type>3</type>
        <direction>5</direction>
        <previous>8</previous>
    </vehicle>
    <vehicle>
        <id>9</id>
        <bndbox>
            <xmax>108</xmax>
            <xmin>99</xmin>
            <ymax>88</ymax>
            <ymin>82</ymin>
        </bndbox>
        <type>3</type>
        <direction>5</direction>
        <previous>9</previous>
    </vehicle>
</annotation>
