<annotation>
    <video>[Cam253]-2016_4_30_18h_150f.avi</video>
    <frame>000140</frame>
    <time>2016/04/30 18:02:51</time>
    <width>352</width>
    <height>240</height>
    <weather>1</weather>
    <facing>1</facing>
    <flow>2</flow>
    <vehicle>
        <id>1</id>
        <bndbox>
            <xmax>111</xmax>
            <xmin>85</xmin>
            <ymax>147</ymax>
            <ymin>122</ymin>
        </bndbox>
        <type>3</type>
        <direction>8</direction>
        <previous>2</previous>
    </vehicle>
    <vehicle>
        <id>2</id>
        <bndbox>
            <xmax>72</xmax>
            <xmin>59</xmin>
            <ymax>108</ymax>
            <ymin>96</ymin>
        </bndbox>
        <type>2</type>
        <direction>8</direction>
        <previous>3</previous>
    </vehicle>
    <vehicle>
        <id>3</id>
        <bndbox>
            <xmax>64</xmax>
            <xmin>55</xmin>
            <ymax>97</ymax>
            <ymin>90</ymin>
        </bndbox>
        <type>3</type>
        <direction>8</direction>
        <previous>0</previous>
    </vehicle>
    <vehicle>
        <id>4</id>
        <bndbox>
            <xmax>320</xmax>
            <xmin>234</xmin>
            <ymax>239</ymax>
            <ymin>196</ymin>
        </bndbox>
        <type>3</type>
        <direction>8</direction>
        <previous>4</previous>
    </vehicle>
    <vehicle>
        <id>5</id>
        <bndbox>
            <xmax>222</xmax>
            <xmin>176</xmin>
            <ymax>168</ymax>
            <ymin>134</ymin>
        </bndbox>
        <type>2</type>
        <direction>7</direction>
        <previous>5</previous>
    </vehicle>
    <vehicle>
        <id>6</id>
        <bndbox>
            <xmax>89</xmax>
            <xmin>79</xmin>
            <ymax>98</ymax>
            <ymin>90</ymin>
        </bndbox>
        <type>3</type>
        <direction>8</direction>
        <previous>6</previous>
    </vehicle>
    <vehicle>
        <id>7</id>
        <bndbox>
            <xmax>77</xmax>
            <xmin>68</xmin>
            <ymax>92</ymax>
            <ymin>85</ymin>
        </bndbox>
        <type>3</type>
        <direction>8</direction>
        <previous>0</previous>
    </vehicle>
    <vehicle>
        <id>8</id>
        <bndbox>
            <xmax>179</xmax>
            <xmin>156</xmin>
            <ymax>121</ymax>
            <ymin>107</ymin>
        </bndbox>
        <type>2</type>
        <direction>5</direction>
        <previous>7</previous>
    </vehicle>
    <vehicle>
        <id>9</id>
        <bndbox>
            <xmax>132</xmax>
            <xmin>117</xmin>
            <ymax>105</ymax>
            <ymin>94</ymin>
        </bndbox>
        <type>2</type>
        <direction>5</direction>
        <previous>8</previous>
    </vehicle>
    <vehicle>
        <id>10</id>
        <bndbox>
            <xmax>98</xmax>
            <xmin>88</xmin>
            <ymax>93</ymax>
            <ymin>85</ymin>
        </bndbox>
        <type>2</type>
        <direction>5</direction>
        <previous>9</previous>
    </vehicle>
    <vehicle>
        <id>11</id>
        <bndbox>
            <xmax>334</xmax>
            <xmin>279</xmin>
            <ymax>160</ymax>
            <ymin>135</ymin>
        </bndbox>
        <type>2</type>
        <direction>5</direction>
        <previous>0</previous>
    </vehicle>
    <vehicle>
        <id>12</id>
        <bndbox>
            <xmax>152</xmax>
            <xmin>135</xmin>
            <ymax>105</ymax>
            <ymin>95</ymin>
        </bndbox>
        <type>3</type>
        <direction>5</direction>
        <previous>10</previous>
    </vehicle>
    <vehicle>
        <id>13</id>
        <bndbox>
            <xmax>115</xmax>
            <xmin>108</xmin>
            <ymax>92</ymax>
            <ymin>85</ymin>
        </bndbox>
        <type>3</type>
        <direction>5</direction>
        <previous>13</previous>
    </vehicle>
    <vehicle>
        <id>14</id>
        <bndbox>
            <xmax>104</xmax>
            <xmin>97</xmin>
            <ymax>93</ymax>
            <ymin>85</ymin>
        </bndbox>
        <type>2</type>
        <direction>5</direction>
        <previous>11</previous>
    </vehicle>
</annotation>
