<annotation>
    <video>[Cam253]-2016_4_30_18h_150f.avi</video>
    <frame>000128</frame>
    <time>2016/04/30 18:02:38</time>
    <width>352</width>
    <height>240</height>
    <weather>1</weather>
    <facing>1</facing>
    <flow>2</flow>
    <vehicle>
        <id>1</id>
        <bndbox>
            <xmax>89</xmax>
            <xmin>71</xmin>
            <ymax>127</ymax>
            <ymin>113</ymin>
        </bndbox>
        <type>2</type>
        <direction>8</direction>
        <previous>1</previous>
    </vehicle>
    <vehicle>
        <id>2</id>
        <bndbox>
            <xmax>65</xmax>
            <xmin>54</xmin>
            <ymax>101</ymax>
            <ymin>89</ymin>
        </bndbox>
        <type>2</type>
        <direction>8</direction>
        <previous>2</previous>
    </vehicle>
    <vehicle>
        <id>3</id>
        <bndbox>
            <xmax>90</xmax>
            <xmin>77</xmin>
            <ymax>109</ymax>
            <ymin>99</ymin>
        </bndbox>
        <type>2</type>
        <direction>8</direction>
        <previous>4</previous>
    </vehicle>
    <vehicle>
        <id>4</id>
        <bndbox>
            <xmax>75</xmax>
            <xmin>66</xmin>
            <ymax>96</ymax>
            <ymin>89</ymin>
        </bndbox>
        <type>2</type>
        <direction>8</direction>
        <previous>5</previous>
    </vehicle>
    <vehicle>
        <id>5</id>
        <bndbox>
            <xmax>169</xmax>
            <xmin>139</xmin>
            <ymax>138</ymax>
            <ymin>117</ymin>
        </bndbox>
        <type>2</type>
        <direction>8</direction>
        <previous>7</previous>
    </vehicle>
    <vehicle>
        <id>6</id>
        <bndbox>
            <xmax>137</xmax>
            <xmin>121</xmin>
            <ymax>106</ymax>
            <ymin>95</ymin>
        </bndbox>
        <type>3</type>
        <direction>5</direction>
        <previous>8</previous>
    </vehicle>
    <vehicle>
        <id>7</id>
        <bndbox>
            <xmax>116</xmax>
            <xmin>105</xmin>
            <ymax>99</ymax>
            <ymin>90</ymin>
        </bndbox>
        <type>3</type>
        <direction>5</direction>
        <previous>9</previous>
    </vehicle>
    <vehicle>
        <id>8</id>
        <bndbox>
            <xmax>183</xmax>
            <xmin>157</xmin>
            <ymax>112</ymax>
            <ymin>98</ymin>
        </bndbox>
        <type>4</type>
        <direction>5</direction>
        <previous>10</previous>
    </vehicle>
    <vehicle>
        <id>9</id>
        <bndbox>
            <xmax>137</xmax>
            <xmin>124</xmin>
            <ymax>97</ymax>
            <ymin>89</ymin>
        </bndbox>
        <type>3</type>
        <direction>5</direction>
        <previous>11</previous>
    </vehicle>
    <vehicle>
        <id>10</id>
        <bndbox>
            <xmax>207</xmax>
            <xmin>183</xmin>
            <ymax>112</ymax>
            <ymin>99</ymin>
        </bndbox>
        <type>1</type>
        <direction>5</direction>
        <previous>12</previous>
    </vehicle>
    <vehicle>
        <id>11</id>
        <bndbox>
            <xmax>111</xmax>
            <xmin>103</xmin>
            <ymax>89</ymax>
            <ymin>83</ymin>
        </bndbox>
        <type>3</type>
        <direction>5</direction>
        <previous>13</previous>
    </vehicle>
    <vehicle>
        <id>12</id>
        <bndbox>
            <xmax>92</xmax>
            <xmin>81</xmin>
            <ymax>87</ymax>
            <ymin>81</ymin>
        </bndbox>
        <type>2</type>
        <direction>5</direction>
        <previous>14</previous>
    </vehicle>
</annotation>
