<annotation>
    <video>[Cam253]-2016_4_30_18h_150f.avi</video>
    <frame>000111</frame>
    <time>2016/04/30 18:02:19</time>
    <width>352</width>
    <height>240</height>
    <weather>1</weather>
    <facing>1</facing>
    <flow>2</flow>
    <vehicle>
        <id>1</id>
        <bndbox>
            <xmax>94</xmax>
            <xmin>76</xmin>
            <ymax>132</ymax>
            <ymin>115</ymin>
        </bndbox>
        <type>2</type>
        <direction>8</direction>
        <previous>1</previous>
    </vehicle>
    <vehicle>
        <id>2</id>
        <bndbox>
            <xmax>147</xmax>
            <xmin>118</xmin>
            <ymax>151</ymax>
            <ymin>127</ymin>
        </bndbox>
        <type>1</type>
        <direction>8</direction>
        <previous>3</previous>
    </vehicle>
    <vehicle>
        <id>3</id>
        <bndbox>
            <xmax>92</xmax>
            <xmin>78</xmin>
            <ymax>110</ymax>
            <ymin>99</ymin>
        </bndbox>
        <type>2</type>
        <direction>8</direction>
        <previous>4</previous>
    </vehicle>
    <vehicle>
        <id>4</id>
        <bndbox>
            <xmax>83</xmax>
            <xmin>73</xmin>
            <ymax>104</ymax>
            <ymin>94</ymin>
        </bndbox>
        <type>3</type>
        <direction>8</direction>
        <previous>0</previous>
    </vehicle>
    <vehicle>
        <id>5</id>
        <bndbox>
            <xmax>61</xmax>
            <xmin>53</xmin>
            <ymax>94</ymax>
            <ymin>87</ymin>
        </bndbox>
        <type>3</type>
        <direction>8</direction>
        <previous>0</previous>
    </vehicle>
    <vehicle>
        <id>6</id>
        <bndbox>
            <xmax>124</xmax>
            <xmin>105</xmin>
            <ymax>114</ymax>
            <ymin>101</ymin>
        </bndbox>
        <type>7</type>
        <direction>8</direction>
        <previous>5</previous>
    </vehicle>
    <vehicle>
        <id>7</id>
        <bndbox>
            <xmax>92</xmax>
            <xmin>82</xmin>
            <ymax>99</ymax>
            <ymin>90</ymin>
        </bndbox>
        <type>3</type>
        <direction>8</direction>
        <previous>6</previous>
    </vehicle>
    <vehicle>
        <id>8</id>
        <bndbox>
            <xmax>285</xmax>
            <xmin>242</xmin>
            <ymax>142</ymax>
            <ymin>119</ymin>
        </bndbox>
        <type>2</type>
        <direction>5</direction>
        <previous>0</previous>
    </vehicle>
    <vehicle>
        <id>9</id>
        <bndbox>
            <xmax>142</xmax>
            <xmin>127</xmin>
            <ymax>108</ymax>
            <ymin>96</ymin>
        </bndbox>
        <type>2</type>
        <direction>5</direction>
        <previous>7</previous>
    </vehicle>
    <vehicle>
        <id>10</id>
        <bndbox>
            <xmax>151</xmax>
            <xmin>137</xmin>
            <ymax>103</ymax>
            <ymin>93</ymin>
        </bndbox>
        <type>3</type>
        <direction>5</direction>
        <previous>13</previous>
    </vehicle>
    <vehicle>
        <id>11</id>
        <bndbox>
            <xmax>137</xmax>
            <xmin>126</xmin>
            <ymax>96</ymax>
            <ymin>89</ymin>
        </bndbox>
        <type>2</type>
        <direction>5</direction>
        <previous>14</previous>
    </vehicle>
    <vehicle>
        <id>12</id>
        <bndbox>
            <xmax>111</xmax>
            <xmin>102</xmin>
            <ymax>98</ymax>
            <ymin>90</ymin>
        </bndbox>
        <type>3</type>
        <direction>5</direction>
        <previous>8</previous>
    </vehicle>
    <vehicle>
        <id>13</id>
        <bndbox>
            <xmax>103</xmax>
            <xmin>93</xmin>
            <ymax>94</ymax>
            <ymin>88</ymin>
        </bndbox>
        <type>2</type>
        <direction>5</direction>
        <previous>9</previous>
    </vehicle>
    <vehicle>
        <id>14</id>
        <bndbox>
            <xmax>94</xmax>
            <xmin>87</xmin>
            <ymax>91</ymax>
            <ymin>85</ymin>
        </bndbox>
        <type>2</type>
        <direction>5</direction>
        <previous>10</previous>
    </vehicle>
    <vehicle>
        <id>15</id>
        <bndbox>
            <xmax>87</xmax>
            <xmin>79</xmin>
            <ymax>88</ymax>
            <ymin>81</ymin>
        </bndbox>
        <type>2</type>
        <direction>5</direction>
        <previous>11</previous>
    </vehicle>
</annotation>
