<annotation>
    <video>[Cam253]-2016_4_29_18h_150f.avi</video>
    <frame>000031</frame>
    <time>2016/04/29 18:00:54</time>
    <width>352</width>
    <height>240</height>
    <weather>1</weather>
    <facing>1</facing>
    <flow>2</flow>
    <vehicle>
        <id>1</id>
        <bndbox>
            <xmax>142</xmax>
            <xmin>97</xmin>
            <ymax>218</ymax>
            <ymin>174</ymin>
        </bndbox>
        <type>2</type>
        <direction>8</direction>
        <previous>2</previous>
    </vehicle>
    <vehicle>
        <id>2</id>
        <bndbox>
            <xmax>88</xmax>
            <xmin>67</xmin>
            <ymax>163</ymax>
            <ymin>145</ymin>
        </bndbox>
        <type>2</type>
        <direction>8</direction>
        <previous>3</previous>
    </vehicle>
    <vehicle>
        <id>3</id>
        <bndbox>
            <xmax>82</xmax>
            <xmin>64</xmin>
            <ymax>148</ymax>
            <ymin>132</ymin>
        </bndbox>
        <type>1</type>
        <direction>8</direction>
        <previous>4</previous>
    </vehicle>
    <vehicle>
        <id>4</id>
        <bndbox>
            <xmax>70</xmax>
            <xmin>57</xmin>
            <ymax>134</ymax>
            <ymin>123</ymin>
        </bndbox>
        <type>3</type>
        <direction>8</direction>
        <previous>5</previous>
    </vehicle>
    <vehicle>
        <id>5</id>
        <bndbox>
            <xmax>62</xmax>
            <xmin>52</xmin>
            <ymax>124</ymax>
            <ymin>117</ymin>
        </bndbox>
        <type>3</type>
        <direction>8</direction>
        <previous>6</previous>
    </vehicle>
    <vehicle>
        <id>6</id>
        <bndbox>
            <xmax>59</xmax>
            <xmin>47</xmin>
            <ymax>117</ymax>
            <ymin>107</ymin>
        </bndbox>
        <type>5</type>
        <direction>8</direction>
        <previous>7</previous>
    </vehicle>
    <vehicle>
        <id>7</id>
        <bndbox>
            <xmax>233</xmax>
            <xmin>164</xmin>
            <ymax>233</ymax>
            <ymin>181</ymin>
        </bndbox>
        <type>3</type>
        <direction>8</direction>
        <previous>8</previous>
    </vehicle>
    <vehicle>
        <id>8</id>
        <bndbox>
            <xmax>157</xmax>
            <xmin>119</xmin>
            <ymax>182</ymax>
            <ymin>157</ymin>
        </bndbox>
        <type>2</type>
        <direction>8</direction>
        <previous>9</previous>
    </vehicle>
    <vehicle>
        <id>9</id>
        <bndbox>
            <xmax>116</xmax>
            <xmin>94</xmin>
            <ymax>153</ymax>
            <ymin>137</ymin>
        </bndbox>
        <type>2</type>
        <direction>8</direction>
        <previous>10</previous>
    </vehicle>
    <vehicle>
        <id>10</id>
        <bndbox>
            <xmax>98</xmax>
            <xmin>81</xmin>
            <ymax>137</ymax>
            <ymin>124</ymin>
        </bndbox>
        <type>3</type>
        <direction>8</direction>
        <previous>11</previous>
    </vehicle>
    <vehicle>
        <id>11</id>
        <bndbox>
            <xmax>83</xmax>
            <xmin>71</xmin>
            <ymax>125</ymax>
            <ymin>116</ymin>
        </bndbox>
        <type>3</type>
        <direction>8</direction>
        <previous>12</previous>
    </vehicle>
    <vehicle>
        <id>12</id>
        <bndbox>
            <xmax>70</xmax>
            <xmin>64</xmin>
            <ymax>119</ymax>
            <ymin>113</ymin>
        </bndbox>
        <type>2</type>
        <direction>8</direction>
        <previous>13</previous>
    </vehicle>
    <vehicle>
        <id>13</id>
        <bndbox>
            <xmax>67</xmax>
            <xmin>57</xmin>
            <ymax>115</ymax>
            <ymin>109</ymin>
        </bndbox>
        <type>3</type>
        <direction>8</direction>
        <previous>14</previous>
    </vehicle>
    <vehicle>
        <id>14</id>
        <bndbox>
            <xmax>236</xmax>
            <xmin>182</xmin>
            <ymax>193</ymax>
            <ymin>163</ymin>
        </bndbox>
        <type>2</type>
        <direction>8</direction>
        <previous>16</previous>
    </vehicle>
    <vehicle>
        <id>15</id>
        <bndbox>
            <xmax>167</xmax>
            <xmin>136</xmin>
            <ymax>157</ymax>
            <ymin>139</ymin>
        </bndbox>
        <type>3</type>
        <direction>8</direction>
        <previous>17</previous>
    </vehicle>
    <vehicle>
        <id>16</id>
        <bndbox>
            <xmax>140</xmax>
            <xmin>118</xmin>
            <ymax>145</ymax>
            <ymin>131</ymin>
        </bndbox>
        <type>3</type>
        <direction>8</direction>
        <previous>18</previous>
    </vehicle>
    <vehicle>
        <id>17</id>
        <bndbox>
            <xmax>115</xmax>
            <xmin>98</xmin>
            <ymax>131</ymax>
            <ymin>120</ymin>
        </bndbox>
        <type>3</type>
        <direction>8</direction>
        <previous>19</previous>
    </vehicle>
    <vehicle>
        <id>18</id>
        <bndbox>
            <xmax>98</xmax>
            <xmin>86</xmin>
            <ymax>122</ymax>
            <ymin>113</ymin>
        </bndbox>
        <type>2</type>
        <direction>8</direction>
        <previous>20</previous>
    </vehicle>
    <vehicle>
        <id>19</id>
        <bndbox>
            <xmax>88</xmax>
            <xmin>76</xmin>
            <ymax>117</ymax>
            <ymin>111</ymin>
        </bndbox>
        <type>2</type>
        <direction>8</direction>
        <previous>21</previous>
    </vehicle>
    <vehicle>
        <id>20</id>
        <bndbox>
            <xmax>78</xmax>
            <xmin>69</xmin>
            <ymax>111</ymax>
            <ymin>106</ymin>
        </bndbox>
        <type>3</type>
        <direction>8</direction>
        <previous>22</previous>
    </vehicle>
    <vehicle>
        <id>21</id>
        <bndbox>
            <xmax>87</xmax>
            <xmin>79</xmin>
            <ymax>109</ymax>
            <ymin>102</ymin>
        </bndbox>
        <type>3</type>
        <direction>5</direction>
        <previous>23</previous>
    </vehicle>
    <vehicle>
        <id>22</id>
        <bndbox>
            <xmax>272</xmax>
            <xmin>231</xmin>
            <ymax>159</ymax>
            <ymin>139</ymin>
        </bndbox>
        <type>2</type>
        <direction>5</direction>
        <previous>0</previous>
    </vehicle>
    <vehicle>
        <id>23</id>
        <bndbox>
            <xmax>118</xmax>
            <xmin>111</xmin>
            <ymax>111</ymax>
            <ymin>105</ymin>
        </bndbox>
        <type>3</type>
        <direction>5</direction>
        <previous>25</previous>
    </vehicle>
</annotation>
