<annotation>
    <video>[Cam253]-2016_4_29_18h_150f.avi</video>
    <frame>000027</frame>
    <time>2016/04/29 18:00:49</time>
    <width>352</width>
    <height>240</height>
    <weather>1</weather>
    <facing>1</facing>
    <flow>2</flow>
    <vehicle>
        <id>1</id>
        <bndbox>
            <xmax>111</xmax>
            <xmin>80</xmin>
            <ymax>179</ymax>
            <ymin>147</ymin>
        </bndbox>
        <type>2</type>
        <direction>8</direction>
        <previous>2</previous>
    </vehicle>
    <vehicle>
        <id>2</id>
        <bndbox>
            <xmax>87</xmax>
            <xmin>66</xmin>
            <ymax>154</ymax>
            <ymin>137</ymin>
        </bndbox>
        <type>2</type>
        <direction>8</direction>
        <previous>3</previous>
    </vehicle>
    <vehicle>
        <id>3</id>
        <bndbox>
            <xmax>67</xmax>
            <xmin>53</xmin>
            <ymax>137</ymax>
            <ymin>127</ymin>
        </bndbox>
        <type>2</type>
        <direction>8</direction>
        <previous>4</previous>
    </vehicle>
    <vehicle>
        <id>4</id>
        <bndbox>
            <xmax>67</xmax>
            <xmin>56</xmin>
            <ymax>127</ymax>
            <ymin>121</ymin>
        </bndbox>
        <type>1</type>
        <direction>8</direction>
        <previous>5</previous>
    </vehicle>
    <vehicle>
        <id>5</id>
        <bndbox>
            <xmax>59</xmax>
            <xmin>50</xmin>
            <ymax>122</ymax>
            <ymin>116</ymin>
        </bndbox>
        <type>3</type>
        <direction>8</direction>
        <previous>6</previous>
    </vehicle>
    <vehicle>
        <id>6</id>
        <bndbox>
            <xmax>55</xmax>
            <xmin>48</xmin>
            <ymax>116</ymax>
            <ymin>110</ymin>
        </bndbox>
        <type>3</type>
        <direction>8</direction>
        <previous>7</previous>
    </vehicle>
    <vehicle>
        <id>7</id>
        <bndbox>
            <xmax>271</xmax>
            <xmin>195</xmin>
            <ymax>239</ymax>
            <ymin>211</ymin>
        </bndbox>
        <type>3</type>
        <direction>8</direction>
        <previous>8</previous>
    </vehicle>
    <vehicle>
        <id>8</id>
        <bndbox>
            <xmax>156</xmax>
            <xmin>121</xmin>
            <ymax>181</ymax>
            <ymin>151</ymin>
        </bndbox>
        <type>3</type>
        <direction>8</direction>
        <previous>9</previous>
    </vehicle>
    <vehicle>
        <id>9</id>
        <bndbox>
            <xmax>117</xmax>
            <xmin>96</xmin>
            <ymax>152</ymax>
            <ymin>136</ymin>
        </bndbox>
        <type>2</type>
        <direction>8</direction>
        <previous>10</previous>
    </vehicle>
    <vehicle>
        <id>10</id>
        <bndbox>
            <xmax>98</xmax>
            <xmin>81</xmin>
            <ymax>136</ymax>
            <ymin>125</ymin>
        </bndbox>
        <type>2</type>
        <direction>8</direction>
        <previous>11</previous>
    </vehicle>
    <vehicle>
        <id>11</id>
        <bndbox>
            <xmax>82</xmax>
            <xmin>70</xmin>
            <ymax>125</ymax>
            <ymin>116</ymin>
        </bndbox>
        <type>3</type>
        <direction>8</direction>
        <previous>12</previous>
    </vehicle>
    <vehicle>
        <id>12</id>
        <bndbox>
            <xmax>72</xmax>
            <xmin>62</xmin>
            <ymax>117</ymax>
            <ymin>110</ymin>
        </bndbox>
        <type>3</type>
        <direction>8</direction>
        <previous>13</previous>
    </vehicle>
    <vehicle>
        <id>13</id>
        <bndbox>
            <xmax>63</xmax>
            <xmin>57</xmin>
            <ymax>112</ymax>
            <ymin>107</ymin>
        </bndbox>
        <type>2</type>
        <direction>8</direction>
        <previous>14</previous>
    </vehicle>
    <vehicle>
        <id>14</id>
        <bndbox>
            <xmax>252</xmax>
            <xmin>194</xmin>
            <ymax>208</ymax>
            <ymin>165</ymin>
        </bndbox>
        <type>3</type>
        <direction>8</direction>
        <previous>15</previous>
    </vehicle>
    <vehicle>
        <id>15</id>
        <bndbox>
            <xmax>168</xmax>
            <xmin>137</xmin>
            <ymax>160</ymax>
            <ymin>138</ymin>
        </bndbox>
        <type>2</type>
        <direction>8</direction>
        <previous>16</previous>
    </vehicle>
    <vehicle>
        <id>16</id>
        <bndbox>
            <xmax>137</xmax>
            <xmin>115</xmin>
            <ymax>141</ymax>
            <ymin>127</ymin>
        </bndbox>
        <type>3</type>
        <direction>8</direction>
        <previous>17</previous>
    </vehicle>
    <vehicle>
        <id>17</id>
        <bndbox>
            <xmax>113</xmax>
            <xmin>98</xmin>
            <ymax>130</ymax>
            <ymin>121</ymin>
        </bndbox>
        <type>3</type>
        <direction>8</direction>
        <previous>18</previous>
    </vehicle>
    <vehicle>
        <id>18</id>
        <bndbox>
            <xmax>94</xmax>
            <xmin>82</xmin>
            <ymax>121</ymax>
            <ymin>113</ymin>
        </bndbox>
        <type>3</type>
        <direction>8</direction>
        <previous>19</previous>
    </vehicle>
    <vehicle>
        <id>19</id>
        <bndbox>
            <xmax>82</xmax>
            <xmin>75</xmin>
            <ymax>116</ymax>
            <ymin>109</ymin>
        </bndbox>
        <type>2</type>
        <direction>8</direction>
        <previous>20</previous>
    </vehicle>
    <vehicle>
        <id>20</id>
        <bndbox>
            <xmax>76</xmax>
            <xmin>70</xmin>
            <ymax>112</ymax>
            <ymin>107</ymin>
        </bndbox>
        <type>2</type>
        <direction>8</direction>
        <previous>21</previous>
    </vehicle>
    <vehicle>
        <id>21</id>
        <bndbox>
            <xmax>70</xmax>
            <xmin>64</xmin>
            <ymax>109</ymax>
            <ymin>103</ymin>
        </bndbox>
        <type>3</type>
        <direction>8</direction>
        <previous>22</previous>
    </vehicle>
    <vehicle>
        <id>22</id>
        <bndbox>
            <xmax>309</xmax>
            <xmin>250</xmin>
            <ymax>184</ymax>
            <ymin>156</ymin>
        </bndbox>
        <type>3</type>
        <direction>5</direction>
        <previous>0</previous>
    </vehicle>
    <vehicle>
        <id>23</id>
        <bndbox>
            <xmax>88</xmax>
            <xmin>81</xmin>
            <ymax>109</ymax>
            <ymin>106</ymin>
        </bndbox>
        <type>3</type>
        <direction>5</direction>
        <previous>23</previous>
    </vehicle>
    <vehicle>
        <id>24</id>
        <bndbox>
            <xmax>83</xmax>
            <xmin>75</xmin>
            <ymax>107</ymax>
            <ymin>101</ymin>
        </bndbox>
        <type>3</type>
        <direction>5</direction>
        <previous>24</previous>
    </vehicle>
    <vehicle>
        <id>25</id>
        <bndbox>
            <xmax>187</xmax>
            <xmin>163</xmin>
            <ymax>134</ymax>
            <ymin>120</ymin>
        </bndbox>
        <type>2</type>
        <direction>5</direction>
        <previous>25</previous>
    </vehicle>
    <vehicle>
        <id>26</id>
        <bndbox>
            <xmax>114</xmax>
            <xmin>105</xmin>
            <ymax>112</ymax>
            <ymin>107</ymin>
        </bndbox>
        <type>2</type>
        <direction>5</direction>
        <previous>26</previous>
    </vehicle>
    <vehicle>
        <id>27</id>
        <bndbox>
            <xmax>100</xmax>
            <xmin>92</xmin>
            <ymax>109</ymax>
            <ymin>104</ymin>
        </bndbox>
        <type>2</type>
        <direction>5</direction>
        <previous>27</previous>
    </vehicle>
    <vehicle>
        <id>28</id>
        <bndbox>
            <xmax>111</xmax>
            <xmin>104</xmin>
            <ymax>109</ymax>
            <ymin>104</ymin>
        </bndbox>
        <type>3</type>
        <direction>5</direction>
        <previous>28</previous>
    </vehicle>
</annotation>
