<annotation>
    <video>[Cam253]-2016_4_29_18h_150f.avi</video>
    <frame>000020</frame>
    <time>2016/04/29 18:00:42</time>
    <width>352</width>
    <height>240</height>
    <weather>1</weather>
    <facing>1</facing>
    <flow>2</flow>
    <vehicle>
        <id>1</id>
        <bndbox>
            <xmax>183</xmax>
            <xmin>125</xmin>
            <ymax>239</ymax>
            <ymin>224</ymin>
        </bndbox>
        <type>2</type>
        <direction>8</direction>
        <previous>1</previous>
    </vehicle>
    <vehicle>
        <id>2</id>
        <bndbox>
            <xmax>106</xmax>
            <xmin>74</xmin>
            <ymax>179</ymax>
            <ymin>155</ymin>
        </bndbox>
        <type>3</type>
        <direction>8</direction>
        <previous>2</previous>
    </vehicle>
    <vehicle>
        <id>3</id>
        <bndbox>
            <xmax>79</xmax>
            <xmin>60</xmin>
            <ymax>145</ymax>
            <ymin>130</ymin>
        </bndbox>
        <type>2</type>
        <direction>8</direction>
        <previous>3</previous>
    </vehicle>
    <vehicle>
        <id>4</id>
        <bndbox>
            <xmax>66</xmax>
            <xmin>54</xmin>
            <ymax>128</ymax>
            <ymin>119</ymin>
        </bndbox>
        <type>2</type>
        <direction>8</direction>
        <previous>4</previous>
    </vehicle>
    <vehicle>
        <id>5</id>
        <bndbox>
            <xmax>58</xmax>
            <xmin>52</xmin>
            <ymax>121</ymax>
            <ymin>113</ymin>
        </bndbox>
        <type>2</type>
        <direction>8</direction>
        <previous>5</previous>
    </vehicle>
    <vehicle>
        <id>6</id>
        <bndbox>
            <xmax>54</xmax>
            <xmin>47</xmin>
            <ymax>117</ymax>
            <ymin>111</ymin>
        </bndbox>
        <type>2</type>
        <direction>8</direction>
        <previous>6</previous>
    </vehicle>
    <vehicle>
        <id>7</id>
        <bndbox>
            <xmax>56</xmax>
            <xmin>48</xmin>
            <ymax>114</ymax>
            <ymin>107</ymin>
        </bndbox>
        <type>1</type>
        <direction>8</direction>
        <previous>0</previous>
    </vehicle>
    <vehicle>
        <id>8</id>
        <bndbox>
            <xmax>277</xmax>
            <xmin>200</xmin>
            <ymax>239</ymax>
            <ymin>215</ymin>
        </bndbox>
        <type>2</type>
        <direction>8</direction>
        <previous>7</previous>
    </vehicle>
    <vehicle>
        <id>9</id>
        <bndbox>
            <xmax>164</xmax>
            <xmin>126</xmin>
            <ymax>184</ymax>
            <ymin>148</ymin>
        </bndbox>
        <type>1</type>
        <direction>8</direction>
        <previous>8</previous>
    </vehicle>
    <vehicle>
        <id>10</id>
        <bndbox>
            <xmax>108</xmax>
            <xmin>89</xmin>
            <ymax>144</ymax>
            <ymin>132</ymin>
        </bndbox>
        <type>3</type>
        <direction>8</direction>
        <previous>9</previous>
    </vehicle>
    <vehicle>
        <id>11</id>
        <bndbox>
            <xmax>85</xmax>
            <xmin>73</xmin>
            <ymax>128</ymax>
            <ymin>117</ymin>
        </bndbox>
        <type>3</type>
        <direction>8</direction>
        <previous>10</previous>
    </vehicle>
    <vehicle>
        <id>12</id>
        <bndbox>
            <xmax>74</xmax>
            <xmin>65</xmin>
            <ymax>121</ymax>
            <ymin>114</ymin>
        </bndbox>
        <type>2</type>
        <direction>8</direction>
        <previous>11</previous>
    </vehicle>
    <vehicle>
        <id>13</id>
        <bndbox>
            <xmax>67</xmax>
            <xmin>61</xmin>
            <ymax>117</ymax>
            <ymin>113</ymin>
        </bndbox>
        <type>2</type>
        <direction>8</direction>
        <previous>12</previous>
    </vehicle>
    <vehicle>
        <id>14</id>
        <bndbox>
            <xmax>64</xmax>
            <xmin>57</xmin>
            <ymax>113</ymax>
            <ymin>109</ymin>
        </bndbox>
        <type>3</type>
        <direction>8</direction>
        <previous>13</previous>
    </vehicle>
    <vehicle>
        <id>15</id>
        <bndbox>
            <xmax>290</xmax>
            <xmin>225</xmin>
            <ymax>213</ymax>
            <ymin>175</ymin>
        </bndbox>
        <type>3</type>
        <direction>8</direction>
        <previous>15</previous>
    </vehicle>
    <vehicle>
        <id>16</id>
        <bndbox>
            <xmax>155</xmax>
            <xmin>128</xmin>
            <ymax>152</ymax>
            <ymin>137</ymin>
        </bndbox>
        <type>2</type>
        <direction>8</direction>
        <previous>16</previous>
    </vehicle>
    <vehicle>
        <id>17</id>
        <bndbox>
            <xmax>126</xmax>
            <xmin>106</xmin>
            <ymax>137</ymax>
            <ymin>125</ymin>
        </bndbox>
        <type>3</type>
        <direction>8</direction>
        <previous>17</previous>
    </vehicle>
    <vehicle>
        <id>18</id>
        <bndbox>
            <xmax>104</xmax>
            <xmin>92</xmin>
            <ymax>128</ymax>
            <ymin>120</ymin>
        </bndbox>
        <type>2</type>
        <direction>8</direction>
        <previous>18</previous>
    </vehicle>
    <vehicle>
        <id>19</id>
        <bndbox>
            <xmax>95</xmax>
            <xmin>84</xmin>
            <ymax>122</ymax>
            <ymin>115</ymin>
        </bndbox>
        <type>3</type>
        <direction>8</direction>
        <previous>19</previous>
    </vehicle>
    <vehicle>
        <id>20</id>
        <bndbox>
            <xmax>85</xmax>
            <xmin>79</xmin>
            <ymax>117</ymax>
            <ymin>111</ymin>
        </bndbox>
        <type>3</type>
        <direction>8</direction>
        <previous>20</previous>
    </vehicle>
    <vehicle>
        <id>21</id>
        <bndbox>
            <xmax>79</xmax>
            <xmin>71</xmin>
            <ymax>112</ymax>
            <ymin>106</ymin>
        </bndbox>
        <type>3</type>
        <direction>8</direction>
        <previous>21</previous>
    </vehicle>
    <vehicle>
        <id>22</id>
        <bndbox>
            <xmax>71</xmax>
            <xmin>65</xmin>
            <ymax>109</ymax>
            <ymin>105</ymin>
        </bndbox>
        <type>2</type>
        <direction>8</direction>
        <previous>0</previous>
    </vehicle>
    <vehicle>
        <id>23</id>
        <bndbox>
            <xmax>351</xmax>
            <xmin>319</xmin>
            <ymax>209</ymax>
            <ymin>179</ymin>
        </bndbox>
        <type>3</type>
        <direction>5</direction>
        <previous>0</previous>
    </vehicle>
    <vehicle>
        <id>24</id>
        <bndbox>
            <xmax>110</xmax>
            <xmin>96</xmin>
            <ymax>115</ymax>
            <ymin>107</ymin>
        </bndbox>
        <type>7</type>
        <direction>5</direction>
        <previous>22</previous>
    </vehicle>
    <vehicle>
        <id>25</id>
        <bndbox>
            <xmax>86</xmax>
            <xmin>79</xmin>
            <ymax>110</ymax>
            <ymin>104</ymin>
        </bndbox>
        <type>3</type>
        <direction>5</direction>
        <previous>23</previous>
    </vehicle>
    <vehicle>
        <id>26</id>
        <bndbox>
            <xmax>264</xmax>
            <xmin>222</xmin>
            <ymax>156</ymax>
            <ymin>135</ymin>
        </bndbox>
        <type>2</type>
        <direction>5</direction>
        <previous>0</previous>
    </vehicle>
    <vehicle>
        <id>27</id>
        <bndbox>
            <xmax>147</xmax>
            <xmin>130</xmin>
            <ymax>123</ymax>
            <ymin>115</ymin>
        </bndbox>
        <type>3</type>
        <direction>5</direction>
        <previous>25</previous>
    </vehicle>
    <vehicle>
        <id>28</id>
        <bndbox>
            <xmax>272</xmax>
            <xmin>240</xmin>
            <ymax>146</ymax>
            <ymin>129</ymin>
        </bndbox>
        <type>2</type>
        <direction>5</direction>
        <previous>0</previous>
    </vehicle>
    <vehicle>
        <id>29</id>
        <bndbox>
            <xmax>117</xmax>
            <xmin>107</xmin>
            <ymax>110</ymax>
            <ymin>104</ymin>
        </bndbox>
        <type>2</type>
        <direction>5</direction>
        <previous>26</previous>
    </vehicle>
    <vehicle>
        <id>30</id>
        <bndbox>
            <xmax>107</xmax>
            <xmin>95</xmin>
            <ymax>107</ymax>
            <ymin>102</ymin>
        </bndbox>
        <type>3</type>
        <direction>5</direction>
        <previous>27</previous>
    </vehicle>
</annotation>
