<annotation>
    <video>[Cam253]-2016_4_29_18h_150f.avi</video>
    <frame>000089</frame>
    <time>2016/04/29 18:01:59</time>
    <width>352</width>
    <height>240</height>
    <weather>1</weather>
    <facing>1</facing>
    <flow>2</flow>
    <vehicle>
        <id>1</id>
        <bndbox>
            <xmax>183</xmax>
            <xmin>126</xmin>
            <ymax>239</ymax>
            <ymin>217</ymin>
        </bndbox>
        <type>3</type>
        <direction>8</direction>
        <previous>1</previous>
    </vehicle>
    <vehicle>
        <id>2</id>
        <bndbox>
            <xmax>135</xmax>
            <xmin>93</xmin>
            <ymax>209</ymax>
            <ymin>172</ymin>
        </bndbox>
        <type>3</type>
        <direction>8</direction>
        <previous>2</previous>
    </vehicle>
    <vehicle>
        <id>3</id>
        <bndbox>
            <xmax>106</xmax>
            <xmin>58</xmin>
            <ymax>172</ymax>
            <ymin>120</ymin>
        </bndbox>
        <type>8</type>
        <direction>8</direction>
        <previous>3</previous>
    </vehicle>
    <vehicle>
        <id>4</id>
        <bndbox>
            <xmax>63</xmax>
            <xmin>53</xmin>
            <ymax>128</ymax>
            <ymin>117</ymin>
        </bndbox>
        <type>2</type>
        <direction>8</direction>
        <previous>4</previous>
    </vehicle>
    <vehicle>
        <id>5</id>
        <bndbox>
            <xmax>57</xmax>
            <xmin>48</xmin>
            <ymax>118</ymax>
            <ymin>111</ymin>
        </bndbox>
        <type>1</type>
        <direction>8</direction>
        <previous>5</previous>
    </vehicle>
    <vehicle>
        <id>6</id>
        <bndbox>
            <xmax>52</xmax>
            <xmin>44</xmin>
            <ymax>113</ymax>
            <ymin>105</ymin>
        </bndbox>
        <type>2</type>
        <direction>8</direction>
        <previous>0</previous>
    </vehicle>
    <vehicle>
        <id>7</id>
        <bndbox>
            <xmax>182</xmax>
            <xmin>135</xmin>
            <ymax>197</ymax>
            <ymin>157</ymin>
        </bndbox>
        <type>2</type>
        <direction>8</direction>
        <previous>6</previous>
    </vehicle>
    <vehicle>
        <id>8</id>
        <bndbox>
            <xmax>132</xmax>
            <xmin>104</xmin>
            <ymax>161</ymax>
            <ymin>137</ymin>
        </bndbox>
        <type>3</type>
        <direction>8</direction>
        <previous>7</previous>
    </vehicle>
    <vehicle>
        <id>9</id>
        <bndbox>
            <xmax>108</xmax>
            <xmin>94</xmin>
            <ymax>140</ymax>
            <ymin>131</ymin>
        </bndbox>
        <type>2</type>
        <direction>8</direction>
        <previous>8</previous>
    </vehicle>
    <vehicle>
        <id>10</id>
        <bndbox>
            <xmax>93</xmax>
            <xmin>79</xmin>
            <ymax>130</ymax>
            <ymin>119</ymin>
        </bndbox>
        <type>3</type>
        <direction>8</direction>
        <previous>9</previous>
    </vehicle>
    <vehicle>
        <id>11</id>
        <bndbox>
            <xmax>75</xmax>
            <xmin>65</xmin>
            <ymax>119</ymax>
            <ymin>111</ymin>
        </bndbox>
        <type>2</type>
        <direction>7</direction>
        <previous>10</previous>
    </vehicle>
    <vehicle>
        <id>12</id>
        <bndbox>
            <xmax>69</xmax>
            <xmin>61</xmin>
            <ymax>115</ymax>
            <ymin>109</ymin>
        </bndbox>
        <type>3</type>
        <direction>8</direction>
        <previous>11</previous>
    </vehicle>
    <vehicle>
        <id>13</id>
        <bndbox>
            <xmax>64</xmax>
            <xmin>56</xmin>
            <ymax>111</ymax>
            <ymin>106</ymin>
        </bndbox>
        <type>2</type>
        <direction>8</direction>
        <previous>12</previous>
    </vehicle>
    <vehicle>
        <id>14</id>
        <bndbox>
            <xmax>282</xmax>
            <xmin>213</xmin>
            <ymax>217</ymax>
            <ymin>174</ymin>
        </bndbox>
        <type>3</type>
        <direction>8</direction>
        <previous>13</previous>
    </vehicle>
    <vehicle>
        <id>15</id>
        <bndbox>
            <xmax>202</xmax>
            <xmin>163</xmin>
            <ymax>175</ymax>
            <ymin>151</ymin>
        </bndbox>
        <type>3</type>
        <direction>8</direction>
        <previous>14</previous>
    </vehicle>
    <vehicle>
        <id>16</id>
        <bndbox>
            <xmax>159</xmax>
            <xmin>132</xmin>
            <ymax>154</ymax>
            <ymin>132</ymin>
        </bndbox>
        <type>3</type>
        <direction>8</direction>
        <previous>15</previous>
    </vehicle>
    <vehicle>
        <id>17</id>
        <bndbox>
            <xmax>136</xmax>
            <xmin>118</xmin>
            <ymax>146</ymax>
            <ymin>130</ymin>
        </bndbox>
        <type>3</type>
        <direction>8</direction>
        <previous>16</previous>
    </vehicle>
    <vehicle>
        <id>18</id>
        <bndbox>
            <xmax>120</xmax>
            <xmin>101</xmin>
            <ymax>134</ymax>
            <ymin>121</ymin>
        </bndbox>
        <type>3</type>
        <direction>8</direction>
        <previous>17</previous>
    </vehicle>
    <vehicle>
        <id>19</id>
        <bndbox>
            <xmax>102</xmax>
            <xmin>94</xmin>
            <ymax>127</ymax>
            <ymin>118</ymin>
        </bndbox>
        <type>2</type>
        <direction>8</direction>
        <previous>18</previous>
    </vehicle>
    <vehicle>
        <id>20</id>
        <bndbox>
            <xmax>91</xmax>
            <xmin>80</xmin>
            <ymax>118</ymax>
            <ymin>109</ymin>
        </bndbox>
        <type>2</type>
        <direction>8</direction>
        <previous>19</previous>
    </vehicle>
    <vehicle>
        <id>21</id>
        <bndbox>
            <xmax>83</xmax>
            <xmin>72</xmin>
            <ymax>115</ymax>
            <ymin>108</ymin>
        </bndbox>
        <type>2</type>
        <direction>8</direction>
        <previous>20</previous>
    </vehicle>
    <vehicle>
        <id>22</id>
        <bndbox>
            <xmax>77</xmax>
            <xmin>70</xmin>
            <ymax>113</ymax>
            <ymin>106</ymin>
        </bndbox>
        <type>3</type>
        <direction>8</direction>
        <previous>21</previous>
    </vehicle>
    <vehicle>
        <id>23</id>
        <bndbox>
            <xmax>71</xmax>
            <xmin>64</xmin>
            <ymax>111</ymax>
            <ymin>104</ymin>
        </bndbox>
        <type>3</type>
        <direction>8</direction>
        <previous>22</previous>
    </vehicle>
    <vehicle>
        <id>24</id>
        <bndbox>
            <xmax>267</xmax>
            <xmin>228</xmin>
            <ymax>155</ymax>
            <ymin>134</ymin>
        </bndbox>
        <type>3</type>
        <direction>5</direction>
        <previous>0</previous>
    </vehicle>
    <vehicle>
        <id>25</id>
        <bndbox>
            <xmax>149</xmax>
            <xmin>130</xmin>
            <ymax>131</ymax>
            <ymin>120</ymin>
        </bndbox>
        <type>2</type>
        <direction>5</direction>
        <previous>23</previous>
    </vehicle>
    <vehicle>
        <id>26</id>
        <bndbox>
            <xmax>113</xmax>
            <xmin>101</xmin>
            <ymax>113</ymax>
            <ymin>105</ymin>
        </bndbox>
        <type>2</type>
        <direction>5</direction>
        <previous>24</previous>
    </vehicle>
    <vehicle>
        <id>27</id>
        <bndbox>
            <xmax>96</xmax>
            <xmin>89</xmin>
            <ymax>106</ymax>
            <ymin>101</ymin>
        </bndbox>
        <type>2</type>
        <direction>5</direction>
        <previous>25</previous>
    </vehicle>
</annotation>
