<annotation>
    <video>[Cam253]-2016_4_29_18h_150f.avi</video>
    <frame>000009</frame>
    <time>2016/04/29 18:00:30</time>
    <width>352</width>
    <height>240</height>
    <weather>1</weather>
    <facing>1</facing>
    <flow>2</flow>
    <vehicle>
        <id>1</id>
        <bndbox>
            <xmax>171</xmax>
            <xmin>103</xmin>
            <ymax>239</ymax>
            <ymin>184</ymin>
        </bndbox>
        <type>2</type>
        <direction>8</direction>
        <previous>1</previous>
    </vehicle>
    <vehicle>
        <id>2</id>
        <bndbox>
            <xmax>111</xmax>
            <xmin>81</xmin>
            <ymax>184</ymax>
            <ymin>154</ymin>
        </bndbox>
        <type>2</type>
        <direction>8</direction>
        <previous>2</previous>
    </vehicle>
    <vehicle>
        <id>3</id>
        <bndbox>
            <xmax>78</xmax>
            <xmin>60</xmin>
            <ymax>149</ymax>
            <ymin>134</ymin>
        </bndbox>
        <type>1</type>
        <direction>8</direction>
        <previous>3</previous>
    </vehicle>
    <vehicle>
        <id>4</id>
        <bndbox>
            <xmax>70</xmax>
            <xmin>57</xmin>
            <ymax>134</ymax>
            <ymin>123</ymin>
        </bndbox>
        <type>2</type>
        <direction>8</direction>
        <previous>4</previous>
    </vehicle>
    <vehicle>
        <id>5</id>
        <bndbox>
            <xmax>59</xmax>
            <xmin>49</xmin>
            <ymax>125</ymax>
            <ymin>118</ymin>
        </bndbox>
        <type>2</type>
        <direction>8</direction>
        <previous>5</previous>
    </vehicle>
    <vehicle>
        <id>6</id>
        <bndbox>
            <xmax>56</xmax>
            <xmin>47</xmin>
            <ymax>118</ymax>
            <ymin>112</ymin>
        </bndbox>
        <type>3</type>
        <direction>8</direction>
        <previous>6</previous>
    </vehicle>
    <vehicle>
        <id>7</id>
        <bndbox>
            <xmax>54</xmax>
            <xmin>45</xmin>
            <ymax>113</ymax>
            <ymin>106</ymin>
        </bndbox>
        <type>2</type>
        <direction>8</direction>
        <previous>7</previous>
    </vehicle>
    <vehicle>
        <id>8</id>
        <bndbox>
            <xmax>163</xmax>
            <xmin>117</xmin>
            <ymax>182</ymax>
            <ymin>148</ymin>
        </bndbox>
        <type>2</type>
        <direction>8</direction>
        <previous>9</previous>
    </vehicle>
    <vehicle>
        <id>9</id>
        <bndbox>
            <xmax>107</xmax>
            <xmin>86</xmin>
            <ymax>144</ymax>
            <ymin>129</ymin>
        </bndbox>
        <type>2</type>
        <direction>8</direction>
        <previous>10</previous>
    </vehicle>
    <vehicle>
        <id>10</id>
        <bndbox>
            <xmax>90</xmax>
            <xmin>74</xmin>
            <ymax>131</ymax>
            <ymin>120</ymin>
        </bndbox>
        <type>3</type>
        <direction>8</direction>
        <previous>11</previous>
    </vehicle>
    <vehicle>
        <id>11</id>
        <bndbox>
            <xmax>75</xmax>
            <xmin>67</xmin>
            <ymax>122</ymax>
            <ymin>116</ymin>
        </bndbox>
        <type>2</type>
        <direction>8</direction>
        <previous>12</previous>
    </vehicle>
    <vehicle>
        <id>12</id>
        <bndbox>
            <xmax>70</xmax>
            <xmin>63</xmin>
            <ymax>118</ymax>
            <ymin>113</ymin>
        </bndbox>
        <type>1</type>
        <direction>8</direction>
        <previous>13</previous>
    </vehicle>
    <vehicle>
        <id>13</id>
        <bndbox>
            <xmax>67</xmax>
            <xmin>61</xmin>
            <ymax>113</ymax>
            <ymin>108</ymin>
        </bndbox>
        <type>3</type>
        <direction>8</direction>
        <previous>14</previous>
    </vehicle>
    <vehicle>
        <id>14</id>
        <bndbox>
            <xmax>59</xmax>
            <xmin>55</xmin>
            <ymax>110</ymax>
            <ymin>105</ymin>
        </bndbox>
        <type>3</type>
        <direction>8</direction>
        <previous>15</previous>
    </vehicle>
    <vehicle>
        <id>15</id>
        <bndbox>
            <xmax>351</xmax>
            <xmin>281</xmin>
            <ymax>239</ymax>
            <ymin>204</ymin>
        </bndbox>
        <type>3</type>
        <direction>8</direction>
        <previous>16</previous>
    </vehicle>
    <vehicle>
        <id>16</id>
        <bndbox>
            <xmax>254</xmax>
            <xmin>197</xmin>
            <ymax>205</ymax>
            <ymin>170</ymin>
        </bndbox>
        <type>2</type>
        <direction>8</direction>
        <previous>17</previous>
    </vehicle>
    <vehicle>
        <id>17</id>
        <bndbox>
            <xmax>175</xmax>
            <xmin>142</xmin>
            <ymax>160</ymax>
            <ymin>137</ymin>
        </bndbox>
        <type>3</type>
        <direction>8</direction>
        <previous>18</previous>
    </vehicle>
    <vehicle>
        <id>18</id>
        <bndbox>
            <xmax>125</xmax>
            <xmin>105</xmin>
            <ymax>137</ymax>
            <ymin>124</ymin>
        </bndbox>
        <type>3</type>
        <direction>8</direction>
        <previous>19</previous>
    </vehicle>
    <vehicle>
        <id>19</id>
        <bndbox>
            <xmax>108</xmax>
            <xmin>95</xmin>
            <ymax>126</ymax>
            <ymin>118</ymin>
        </bndbox>
        <type>3</type>
        <direction>8</direction>
        <previous>20</previous>
    </vehicle>
    <vehicle>
        <id>20</id>
        <bndbox>
            <xmax>91</xmax>
            <xmin>78</xmin>
            <ymax>120</ymax>
            <ymin>113</ymin>
        </bndbox>
        <type>2</type>
        <direction>8</direction>
        <previous>21</previous>
    </vehicle>
    <vehicle>
        <id>21</id>
        <bndbox>
            <xmax>83</xmax>
            <xmin>74</xmin>
            <ymax>115</ymax>
            <ymin>108</ymin>
        </bndbox>
        <type>3</type>
        <direction>8</direction>
        <previous>22</previous>
    </vehicle>
    <vehicle>
        <id>22</id>
        <bndbox>
            <xmax>75</xmax>
            <xmin>68</xmin>
            <ymax>110</ymax>
            <ymin>104</ymin>
        </bndbox>
        <type>2</type>
        <direction>8</direction>
        <previous>23</previous>
    </vehicle>
    <vehicle>
        <id>23</id>
        <bndbox>
            <xmax>280</xmax>
            <xmin>229</xmin>
            <ymax>174</ymax>
            <ymin>149</ymin>
        </bndbox>
        <type>2</type>
        <direction>5</direction>
        <previous>0</previous>
    </vehicle>
    <vehicle>
        <id>24</id>
        <bndbox>
            <xmax>172</xmax>
            <xmin>147</xmin>
            <ymax>132</ymax>
            <ymin>118</ymin>
        </bndbox>
        <type>4</type>
        <direction>5</direction>
        <previous>24</previous>
    </vehicle>
    <vehicle>
        <id>25</id>
        <bndbox>
            <xmax>138</xmax>
            <xmin>123</xmin>
            <ymax>120</ymax>
            <ymin>111</ymin>
        </bndbox>
        <type>2</type>
        <direction>5</direction>
        <previous>26</previous>
    </vehicle>
    <vehicle>
        <id>26</id>
        <bndbox>
            <xmax>340</xmax>
            <xmin>293</xmin>
            <ymax>164</ymax>
            <ymin>144</ymin>
        </bndbox>
        <type>3</type>
        <direction>5</direction>
        <previous>0</previous>
    </vehicle>
    <vehicle>
        <id>27</id>
        <bndbox>
            <xmax>165</xmax>
            <xmin>149</xmin>
            <ymax>120</ymax>
            <ymin>113</ymin>
        </bndbox>
        <type>2</type>
        <direction>5</direction>
        <previous>27</previous>
    </vehicle>
</annotation>
