<annotation>
    <video>[Cam253]-2016_4_29_18h_150f.avi</video>
    <frame>000011</frame>
    <time>2016/04/29 18:00:32</time>
    <width>352</width>
    <height>240</height>
    <weather>1</weather>
    <facing>1</facing>
    <flow>2</flow>
    <vehicle>
        <id>1</id>
        <bndbox>
            <xmax>174</xmax>
            <xmin>113</xmin>
            <ymax>239</ymax>
            <ymin>198</ymin>
        </bndbox>
        <type>2</type>
        <direction>8</direction>
        <previous>2</previous>
    </vehicle>
    <vehicle>
        <id>2</id>
        <bndbox>
            <xmax>95</xmax>
            <xmin>69</xmin>
            <ymax>173</ymax>
            <ymin>150</ymin>
        </bndbox>
        <type>1</type>
        <direction>8</direction>
        <previous>3</previous>
    </vehicle>
    <vehicle>
        <id>3</id>
        <bndbox>
            <xmax>80</xmax>
            <xmin>64</xmin>
            <ymax>144</ymax>
            <ymin>133</ymin>
        </bndbox>
        <type>2</type>
        <direction>8</direction>
        <previous>4</previous>
    </vehicle>
    <vehicle>
        <id>4</id>
        <bndbox>
            <xmax>63</xmax>
            <xmin>51</xmin>
            <ymax>130</ymax>
            <ymin>122</ymin>
        </bndbox>
        <type>2</type>
        <direction>8</direction>
        <previous>5</previous>
    </vehicle>
    <vehicle>
        <id>5</id>
        <bndbox>
            <xmax>58</xmax>
            <xmin>49</xmin>
            <ymax>122</ymax>
            <ymin>115</ymin>
        </bndbox>
        <type>3</type>
        <direction>8</direction>
        <previous>6</previous>
    </vehicle>
    <vehicle>
        <id>6</id>
        <bndbox>
            <xmax>55</xmax>
            <xmin>47</xmin>
            <ymax>114</ymax>
            <ymin>109</ymin>
        </bndbox>
        <type>2</type>
        <direction>8</direction>
        <previous>7</previous>
    </vehicle>
    <vehicle>
        <id>7</id>
        <bndbox>
            <xmax>50</xmax>
            <xmin>42</xmin>
            <ymax>111</ymax>
            <ymin>107</ymin>
        </bndbox>
        <type>2</type>
        <direction>8</direction>
        <previous>0</previous>
    </vehicle>
    <vehicle>
        <id>8</id>
        <bndbox>
            <xmax>262</xmax>
            <xmin>169</xmin>
            <ymax>239</ymax>
            <ymin>182</ymin>
        </bndbox>
        <type>2</type>
        <direction>8</direction>
        <previous>8</previous>
    </vehicle>
    <vehicle>
        <id>9</id>
        <bndbox>
            <xmax>134</xmax>
            <xmin>104</xmin>
            <ymax>163</ymax>
            <ymin>140</ymin>
        </bndbox>
        <type>2</type>
        <direction>8</direction>
        <previous>9</previous>
    </vehicle>
    <vehicle>
        <id>10</id>
        <bndbox>
            <xmax>101</xmax>
            <xmin>82</xmin>
            <ymax>139</ymax>
            <ymin>125</ymin>
        </bndbox>
        <type>3</type>
        <direction>8</direction>
        <previous>10</previous>
    </vehicle>
    <vehicle>
        <id>11</id>
        <bndbox>
            <xmax>82</xmax>
            <xmin>70</xmin>
            <ymax>126</ymax>
            <ymin>119</ymin>
        </bndbox>
        <type>2</type>
        <direction>8</direction>
        <previous>11</previous>
    </vehicle>
    <vehicle>
        <id>12</id>
        <bndbox>
            <xmax>75</xmax>
            <xmin>66</xmin>
            <ymax>121</ymax>
            <ymin>114</ymin>
        </bndbox>
        <type>1</type>
        <direction>8</direction>
        <previous>12</previous>
    </vehicle>
    <vehicle>
        <id>13</id>
        <bndbox>
            <xmax>70</xmax>
            <xmin>63</xmin>
            <ymax>116</ymax>
            <ymin>111</ymin>
        </bndbox>
        <type>3</type>
        <direction>8</direction>
        <previous>13</previous>
    </vehicle>
    <vehicle>
        <id>14</id>
        <bndbox>
            <xmax>63</xmax>
            <xmin>56</xmin>
            <ymax>111</ymax>
            <ymin>107</ymin>
        </bndbox>
        <type>3</type>
        <direction>8</direction>
        <previous>14</previous>
    </vehicle>
    <vehicle>
        <id>15</id>
        <bndbox>
            <xmax>310</xmax>
            <xmin>233</xmin>
            <ymax>235</ymax>
            <ymin>187</ymin>
        </bndbox>
        <type>2</type>
        <direction>8</direction>
        <previous>16</previous>
    </vehicle>
    <vehicle>
        <id>16</id>
        <bndbox>
            <xmax>207</xmax>
            <xmin>163</xmin>
            <ymax>177</ymax>
            <ymin>147</ymin>
        </bndbox>
        <type>3</type>
        <direction>8</direction>
        <previous>17</previous>
    </vehicle>
    <vehicle>
        <id>17</id>
        <bndbox>
            <xmax>147</xmax>
            <xmin>121</xmin>
            <ymax>148</ymax>
            <ymin>131</ymin>
        </bndbox>
        <type>3</type>
        <direction>8</direction>
        <previous>18</previous>
    </vehicle>
    <vehicle>
        <id>18</id>
        <bndbox>
            <xmax>125</xmax>
            <xmin>108</xmin>
            <ymax>134</ymax>
            <ymin>124</ymin>
        </bndbox>
        <type>3</type>
        <direction>8</direction>
        <previous>19</previous>
    </vehicle>
    <vehicle>
        <id>19</id>
        <bndbox>
            <xmax>98</xmax>
            <xmin>86</xmin>
            <ymax>123</ymax>
            <ymin>116</ymin>
        </bndbox>
        <type>2</type>
        <direction>8</direction>
        <previous>20</previous>
    </vehicle>
    <vehicle>
        <id>20</id>
        <bndbox>
            <xmax>89</xmax>
            <xmin>79</xmin>
            <ymax>118</ymax>
            <ymin>111</ymin>
        </bndbox>
        <type>3</type>
        <direction>8</direction>
        <previous>21</previous>
    </vehicle>
    <vehicle>
        <id>21</id>
        <bndbox>
            <xmax>79</xmax>
            <xmin>73</xmin>
            <ymax>113</ymax>
            <ymin>108</ymin>
        </bndbox>
        <type>2</type>
        <direction>8</direction>
        <previous>22</previous>
    </vehicle>
    <vehicle>
        <id>22</id>
        <bndbox>
            <xmax>73</xmax>
            <xmin>68</xmin>
            <ymax>112</ymax>
            <ymin>106</ymin>
        </bndbox>
        <type>3</type>
        <direction>8</direction>
        <previous>23</previous>
    </vehicle>
    <vehicle>
        <id>23</id>
        <bndbox>
            <xmax>69</xmax>
            <xmin>61</xmin>
            <ymax>108</ymax>
            <ymin>102</ymin>
        </bndbox>
        <type>3</type>
        <direction>8</direction>
        <previous>0</previous>
    </vehicle>
    <vehicle>
        <id>24</id>
        <bndbox>
            <xmax>351</xmax>
            <xmin>313</xmin>
            <ymax>211</ymax>
            <ymin>180</ymin>
        </bndbox>
        <type>2</type>
        <direction>5</direction>
        <previous>0</previous>
    </vehicle>
    <vehicle>
        <id>25</id>
        <bndbox>
            <xmax>197</xmax>
            <xmin>166</xmin>
            <ymax>147</ymax>
            <ymin>131</ymin>
        </bndbox>
        <type>3</type>
        <direction>5</direction>
        <previous>24</previous>
    </vehicle>
    <vehicle>
        <id>26</id>
        <bndbox>
            <xmax>128</xmax>
            <xmin>114</xmin>
            <ymax>122</ymax>
            <ymin>113</ymin>
        </bndbox>
        <type>2</type>
        <direction>5</direction>
        <previous>25</previous>
    </vehicle>
    <vehicle>
        <id>27</id>
        <bndbox>
            <xmax>344</xmax>
            <xmin>287</xmin>
            <ymax>179</ymax>
            <ymin>154</ymin>
        </bndbox>
        <type>2</type>
        <direction>5</direction>
        <previous>0</previous>
    </vehicle>
    <vehicle>
        <id>28</id>
        <bndbox>
            <xmax>177</xmax>
            <xmin>155</xmin>
            <ymax>131</ymax>
            <ymin>118</ymin>
        </bndbox>
        <type>3</type>
        <direction>5</direction>
        <previous>26</previous>
    </vehicle>
    <vehicle>
        <id>29</id>
        <bndbox>
            <xmax>114</xmax>
            <xmin>102</xmin>
            <ymax>113</ymax>
            <ymin>104</ymin>
        </bndbox>
        <type>4</type>
        <direction>5</direction>
        <previous>27</previous>
    </vehicle>
    <vehicle>
        <id>30</id>
        <bndbox>
            <xmax>94</xmax>
            <xmin>88</xmin>
            <ymax>107</ymax>
            <ymin>103</ymin>
        </bndbox>
        <type>2</type>
        <direction>5</direction>
        <previous>28</previous>
    </vehicle>
    <vehicle>
        <id>31</id>
        <bndbox>
            <xmax>156</xmax>
            <xmin>144</xmin>
            <ymax>118</ymax>
            <ymin>110</ymin>
        </bndbox>
        <type>3</type>
        <direction>5</direction>
        <previous>29</previous>
    </vehicle>
</annotation>
