<annotation>
    <video>[Cam253]-2016_4_29_18h_150f.avi</video>
    <frame>000052</frame>
    <time>2016/04/29 18:01:16</time>
    <width>352</width>
    <height>240</height>
    <weather>1</weather>
    <facing>1</facing>
    <flow>2</flow>
    <vehicle>
        <id>1</id>
        <bndbox>
            <xmax>169</xmax>
            <xmin>110</xmin>
            <ymax>239</ymax>
            <ymin>197</ymin>
        </bndbox>
        <type>2</type>
        <direction>8</direction>
        <previous>1</previous>
    </vehicle>
    <vehicle>
        <id>2</id>
        <bndbox>
            <xmax>86</xmax>
            <xmin>68</xmin>
            <ymax>153</ymax>
            <ymin>133</ymin>
        </bndbox>
        <type>1</type>
        <direction>8</direction>
        <previous>2</previous>
    </vehicle>
    <vehicle>
        <id>3</id>
        <bndbox>
            <xmax>68</xmax>
            <xmin>57</xmin>
            <ymax>130</ymax>
            <ymin>121</ymin>
        </bndbox>
        <type>2</type>
        <direction>8</direction>
        <previous>3</previous>
    </vehicle>
    <vehicle>
        <id>4</id>
        <bndbox>
            <xmax>62</xmax>
            <xmin>53</xmin>
            <ymax>123</ymax>
            <ymin>116</ymin>
        </bndbox>
        <type>3</type>
        <direction>8</direction>
        <previous>4</previous>
    </vehicle>
    <vehicle>
        <id>5</id>
        <bndbox>
            <xmax>57</xmax>
            <xmin>49</xmin>
            <ymax>119</ymax>
            <ymin>110</ymin>
        </bndbox>
        <type>3</type>
        <direction>8</direction>
        <previous>5</previous>
    </vehicle>
    <vehicle>
        <id>6</id>
        <bndbox>
            <xmax>236</xmax>
            <xmin>166</xmin>
            <ymax>237</ymax>
            <ymin>188</ymin>
        </bndbox>
        <type>3</type>
        <direction>8</direction>
        <previous>6</previous>
    </vehicle>
    <vehicle>
        <id>7</id>
        <bndbox>
            <xmax>118</xmax>
            <xmin>94</xmin>
            <ymax>156</ymax>
            <ymin>136</ymin>
        </bndbox>
        <type>2</type>
        <direction>8</direction>
        <previous>7</previous>
    </vehicle>
    <vehicle>
        <id>8</id>
        <bndbox>
            <xmax>99</xmax>
            <xmin>82</xmin>
            <ymax>137</ymax>
            <ymin>126</ymin>
        </bndbox>
        <type>2</type>
        <direction>8</direction>
        <previous>8</previous>
    </vehicle>
    <vehicle>
        <id>9</id>
        <bndbox>
            <xmax>81</xmax>
            <xmin>68</xmin>
            <ymax>125</ymax>
            <ymin>118</ymin>
        </bndbox>
        <type>3</type>
        <direction>8</direction>
        <previous>9</previous>
    </vehicle>
    <vehicle>
        <id>10</id>
        <bndbox>
            <xmax>74</xmax>
            <xmin>62</xmin>
            <ymax>118</ymax>
            <ymin>108</ymin>
        </bndbox>
        <type>3</type>
        <direction>8</direction>
        <previous>10</previous>
    </vehicle>
    <vehicle>
        <id>11</id>
        <bndbox>
            <xmax>299</xmax>
            <xmin>224</xmin>
            <ymax>223</ymax>
            <ymin>174</ymin>
        </bndbox>
        <type>2</type>
        <direction>8</direction>
        <previous>11</previous>
    </vehicle>
    <vehicle>
        <id>12</id>
        <bndbox>
            <xmax>206</xmax>
            <xmin>166</xmin>
            <ymax>175</ymax>
            <ymin>148</ymin>
        </bndbox>
        <type>3</type>
        <direction>8</direction>
        <previous>12</previous>
    </vehicle>
    <vehicle>
        <id>13</id>
        <bndbox>
            <xmax>163</xmax>
            <xmin>133</xmin>
            <ymax>157</ymax>
            <ymin>136</ymin>
        </bndbox>
        <type>2</type>
        <direction>8</direction>
        <previous>13</previous>
    </vehicle>
    <vehicle>
        <id>14</id>
        <bndbox>
            <xmax>133</xmax>
            <xmin>114</xmin>
            <ymax>142</ymax>
            <ymin>128</ymin>
        </bndbox>
        <type>2</type>
        <direction>8</direction>
        <previous>14</previous>
    </vehicle>
    <vehicle>
        <id>15</id>
        <bndbox>
            <xmax>116</xmax>
            <xmin>99</xmin>
            <ymax>132</ymax>
            <ymin>119</ymin>
        </bndbox>
        <type>3</type>
        <direction>8</direction>
        <previous>15</previous>
    </vehicle>
    <vehicle>
        <id>16</id>
        <bndbox>
            <xmax>98</xmax>
            <xmin>87</xmin>
            <ymax>123</ymax>
            <ymin>116</ymin>
        </bndbox>
        <type>2</type>
        <direction>8</direction>
        <previous>16</previous>
    </vehicle>
    <vehicle>
        <id>17</id>
        <bndbox>
            <xmax>85</xmax>
            <xmin>77</xmin>
            <ymax>117</ymax>
            <ymin>110</ymin>
        </bndbox>
        <type>3</type>
        <direction>8</direction>
        <previous>17</previous>
    </vehicle>
    <vehicle>
        <id>18</id>
        <bndbox>
            <xmax>79</xmax>
            <xmin>73</xmin>
            <ymax>114</ymax>
            <ymin>108</ymin>
        </bndbox>
        <type>3</type>
        <direction>8</direction>
        <previous>18</previous>
    </vehicle>
    <vehicle>
        <id>19</id>
        <bndbox>
            <xmax>107</xmax>
            <xmin>96</xmin>
            <ymax>116</ymax>
            <ymin>108</ymin>
        </bndbox>
        <type>2</type>
        <direction>5</direction>
        <previous>19</previous>
    </vehicle>
    <vehicle>
        <id>20</id>
        <bndbox>
            <xmax>209</xmax>
            <xmin>178</xmin>
            <ymax>152</ymax>
            <ymin>132</ymin>
        </bndbox>
        <type>3</type>
        <direction>5</direction>
        <previous>0</previous>
    </vehicle>
    <vehicle>
        <id>21</id>
        <bndbox>
            <xmax>170</xmax>
            <xmin>150</xmin>
            <ymax>130</ymax>
            <ymin>117</ymin>
        </bndbox>
        <type>3</type>
        <direction>5</direction>
        <previous>20</previous>
    </vehicle>
    <vehicle>
        <id>22</id>
        <bndbox>
            <xmax>264</xmax>
            <xmin>230</xmin>
            <ymax>148</ymax>
            <ymin>129</ymin>
        </bndbox>
        <type>2</type>
        <direction>5</direction>
        <previous>0</previous>
    </vehicle>
    <vehicle>
        <id>23</id>
        <bndbox>
            <xmax>160</xmax>
            <xmin>144</xmin>
            <ymax>121</ymax>
            <ymin>112</ymin>
        </bndbox>
        <type>2</type>
        <direction>5</direction>
        <previous>22</previous>
    </vehicle>
</annotation>
