<annotation>
    <video>[Cam253]-2016_4_29_18h_150f.avi</video>
    <frame>000018</frame>
    <time>2016/04/29 18:00:40</time>
    <width>352</width>
    <height>240</height>
    <weather>1</weather>
    <facing>1</facing>
    <flow>2</flow>
    <vehicle>
        <id>1</id>
        <bndbox>
            <xmax>125</xmax>
            <xmin>84</xmin>
            <ymax>201</ymax>
            <ymin>170</ymin>
        </bndbox>
        <type>2</type>
        <direction>8</direction>
        <previous>2</previous>
    </vehicle>
    <vehicle>
        <id>2</id>
        <bndbox>
            <xmax>83</xmax>
            <xmin>65</xmin>
            <ymax>153</ymax>
            <ymin>137</ymin>
        </bndbox>
        <type>3</type>
        <direction>8</direction>
        <previous>3</previous>
    </vehicle>
    <vehicle>
        <id>3</id>
        <bndbox>
            <xmax>70</xmax>
            <xmin>55</xmin>
            <ymax>133</ymax>
            <ymin>122</ymin>
        </bndbox>
        <type>2</type>
        <direction>8</direction>
        <previous>4</previous>
    </vehicle>
    <vehicle>
        <id>4</id>
        <bndbox>
            <xmax>61</xmax>
            <xmin>50</xmin>
            <ymax>122</ymax>
            <ymin>115</ymin>
        </bndbox>
        <type>2</type>
        <direction>8</direction>
        <previous>5</previous>
    </vehicle>
    <vehicle>
        <id>5</id>
        <bndbox>
            <xmax>57</xmax>
            <xmin>45</xmin>
            <ymax>114</ymax>
            <ymin>108</ymin>
        </bndbox>
        <type>2</type>
        <direction>8</direction>
        <previous>6</previous>
    </vehicle>
    <vehicle>
        <id>6</id>
        <bndbox>
            <xmax>162</xmax>
            <xmin>124</xmin>
            <ymax>188</ymax>
            <ymin>159</ymin>
        </bndbox>
        <type>2</type>
        <direction>8</direction>
        <previous>8</previous>
    </vehicle>
    <vehicle>
        <id>7</id>
        <bndbox>
            <xmax>119</xmax>
            <xmin>98</xmin>
            <ymax>154</ymax>
            <ymin>131</ymin>
        </bndbox>
        <type>1</type>
        <direction>8</direction>
        <previous>9</previous>
    </vehicle>
    <vehicle>
        <id>8</id>
        <bndbox>
            <xmax>92</xmax>
            <xmin>79</xmin>
            <ymax>133</ymax>
            <ymin>124</ymin>
        </bndbox>
        <type>3</type>
        <direction>8</direction>
        <previous>10</previous>
    </vehicle>
    <vehicle>
        <id>9</id>
        <bndbox>
            <xmax>77</xmax>
            <xmin>67</xmin>
            <ymax>121</ymax>
            <ymin>113</ymin>
        </bndbox>
        <type>3</type>
        <direction>8</direction>
        <previous>11</previous>
    </vehicle>
    <vehicle>
        <id>10</id>
        <bndbox>
            <xmax>70</xmax>
            <xmin>61</xmin>
            <ymax>117</ymax>
            <ymin>110</ymin>
        </bndbox>
        <type>2</type>
        <direction>8</direction>
        <previous>12</previous>
    </vehicle>
    <vehicle>
        <id>11</id>
        <bndbox>
            <xmax>63</xmax>
            <xmin>55</xmin>
            <ymax>110</ymax>
            <ymin>106</ymin>
        </bndbox>
        <type>3</type>
        <direction>8</direction>
        <previous>13</previous>
    </vehicle>
    <vehicle>
        <id>12</id>
        <bndbox>
            <xmax>287</xmax>
            <xmin>213</xmin>
            <ymax>222</ymax>
            <ymin>172</ymin>
        </bndbox>
        <type>3</type>
        <direction>8</direction>
        <previous>14</previous>
    </vehicle>
    <vehicle>
        <id>13</id>
        <bndbox>
            <xmax>206</xmax>
            <xmin>167</xmin>
            <ymax>174</ymax>
            <ymin>150</ymin>
        </bndbox>
        <type>3</type>
        <direction>8</direction>
        <previous>15</previous>
    </vehicle>
    <vehicle>
        <id>14</id>
        <bndbox>
            <xmax>138</xmax>
            <xmin>116</xmin>
            <ymax>144</ymax>
            <ymin>132</ymin>
        </bndbox>
        <type>2</type>
        <direction>8</direction>
        <previous>16</previous>
    </vehicle>
    <vehicle>
        <id>15</id>
        <bndbox>
            <xmax>118</xmax>
            <xmin>102</xmin>
            <ymax>134</ymax>
            <ymin>121</ymin>
        </bndbox>
        <type>3</type>
        <direction>8</direction>
        <previous>17</previous>
    </vehicle>
    <vehicle>
        <id>16</id>
        <bndbox>
            <xmax>99</xmax>
            <xmin>86</xmin>
            <ymax>123</ymax>
            <ymin>117</ymin>
        </bndbox>
        <type>2</type>
        <direction>8</direction>
        <previous>18</previous>
    </vehicle>
    <vehicle>
        <id>17</id>
        <bndbox>
            <xmax>89</xmax>
            <xmin>79</xmin>
            <ymax>119</ymax>
            <ymin>112</ymin>
        </bndbox>
        <type>3</type>
        <direction>8</direction>
        <previous>19</previous>
    </vehicle>
    <vehicle>
        <id>18</id>
        <bndbox>
            <xmax>83</xmax>
            <xmin>77</xmin>
            <ymax>115</ymax>
            <ymin>110</ymin>
        </bndbox>
        <type>3</type>
        <direction>8</direction>
        <previous>20</previous>
    </vehicle>
    <vehicle>
        <id>19</id>
        <bndbox>
            <xmax>75</xmax>
            <xmin>66</xmin>
            <ymax>111</ymax>
            <ymin>102</ymin>
        </bndbox>
        <type>3</type>
        <direction>8</direction>
        <previous>21</previous>
    </vehicle>
    <vehicle>
        <id>20</id>
        <bndbox>
            <xmax>191</xmax>
            <xmin>158</xmin>
            <ymax>145</ymax>
            <ymin>125</ymin>
        </bndbox>
        <type>7</type>
        <direction>5</direction>
        <previous>22</previous>
    </vehicle>
    <vehicle>
        <id>21</id>
        <bndbox>
            <xmax>125</xmax>
            <xmin>111</xmin>
            <ymax>123</ymax>
            <ymin>114</ymin>
        </bndbox>
        <type>3</type>
        <direction>5</direction>
        <previous>23</previous>
    </vehicle>
    <vehicle>
        <id>22</id>
        <bndbox>
            <xmax>102</xmax>
            <xmin>91</xmin>
            <ymax>113</ymax>
            <ymin>106</ymin>
        </bndbox>
        <type>3</type>
        <direction>5</direction>
        <previous>24</previous>
    </vehicle>
    <vehicle>
        <id>23</id>
        <bndbox>
            <xmax>188</xmax>
            <xmin>157</xmin>
            <ymax>131</ymax>
            <ymin>119</ymin>
        </bndbox>
        <type>2</type>
        <direction>5</direction>
        <previous>25</previous>
    </vehicle>
    <vehicle>
        <id>24</id>
        <bndbox>
            <xmax>103</xmax>
            <xmin>94</xmin>
            <ymax>110</ymax>
            <ymin>105</ymin>
        </bndbox>
        <type>1</type>
        <direction>5</direction>
        <previous>26</previous>
    </vehicle>
    <vehicle>
        <id>25</id>
        <bndbox>
            <xmax>142</xmax>
            <xmin>129</xmin>
            <ymax>116</ymax>
            <ymin>110</ymin>
        </bndbox>
        <type>3</type>
        <direction>5</direction>
        <previous>28</previous>
    </vehicle>
    <vehicle>
        <id>26</id>
        <bndbox>
            <xmax>111</xmax>
            <xmin>102</xmin>
            <ymax>108</ymax>
            <ymin>102</ymin>
        </bndbox>
        <type>2</type>
        <direction>5</direction>
        <previous>30</previous>
    </vehicle>
</annotation>
