<annotation>
    <video>[Cam253]-2016_4_29_18h_150f.avi</video>
    <frame>000073</frame>
    <time>2016/04/29 18:01:41</time>
    <width>352</width>
    <height>240</height>
    <weather>1</weather>
    <facing>1</facing>
    <flow>2</flow>
    <vehicle>
        <id>1</id>
        <bndbox>
            <xmax>161</xmax>
            <xmin>100</xmin>
            <ymax>239</ymax>
            <ymin>180</ymin>
        </bndbox>
        <type>2</type>
        <direction>8</direction>
        <previous>2</previous>
    </vehicle>
    <vehicle>
        <id>2</id>
        <bndbox>
            <xmax>114</xmax>
            <xmin>81</xmin>
            <ymax>183</ymax>
            <ymin>152</ymin>
        </bndbox>
        <type>2</type>
        <direction>8</direction>
        <previous>3</previous>
    </vehicle>
    <vehicle>
        <id>3</id>
        <bndbox>
            <xmax>86</xmax>
            <xmin>64</xmin>
            <ymax>159</ymax>
            <ymin>141</ymin>
        </bndbox>
        <type>2</type>
        <direction>8</direction>
        <previous>4</previous>
    </vehicle>
    <vehicle>
        <id>4</id>
        <bndbox>
            <xmax>67</xmax>
            <xmin>54</xmin>
            <ymax>129</ymax>
            <ymin>119</ymin>
        </bndbox>
        <type>2</type>
        <direction>8</direction>
        <previous>5</previous>
    </vehicle>
    <vehicle>
        <id>5</id>
        <bndbox>
            <xmax>57</xmax>
            <xmin>48</xmin>
            <ymax>120</ymax>
            <ymin>111</ymin>
        </bndbox>
        <type>3</type>
        <direction>8</direction>
        <previous>6</previous>
    </vehicle>
    <vehicle>
        <id>6</id>
        <bndbox>
            <xmax>296</xmax>
            <xmin>212</xmin>
            <ymax>239</ymax>
            <ymin>202</ymin>
        </bndbox>
        <type>1</type>
        <direction>8</direction>
        <previous>7</previous>
    </vehicle>
    <vehicle>
        <id>7</id>
        <bndbox>
            <xmax>143</xmax>
            <xmin>112</xmin>
            <ymax>173</ymax>
            <ymin>150</ymin>
        </bndbox>
        <type>2</type>
        <direction>8</direction>
        <previous>8</previous>
    </vehicle>
    <vehicle>
        <id>8</id>
        <bndbox>
            <xmax>116</xmax>
            <xmin>97</xmin>
            <ymax>149</ymax>
            <ymin>135</ymin>
        </bndbox>
        <type>3</type>
        <direction>8</direction>
        <previous>9</previous>
    </vehicle>
    <vehicle>
        <id>9</id>
        <bndbox>
            <xmax>91</xmax>
            <xmin>73</xmin>
            <ymax>131</ymax>
            <ymin>121</ymin>
        </bndbox>
        <type>1</type>
        <direction>8</direction>
        <previous>10</previous>
    </vehicle>
    <vehicle>
        <id>10</id>
        <bndbox>
            <xmax>78</xmax>
            <xmin>67</xmin>
            <ymax>122</ymax>
            <ymin>116</ymin>
        </bndbox>
        <type>2</type>
        <direction>8</direction>
        <previous>11</previous>
    </vehicle>
    <vehicle>
        <id>11</id>
        <bndbox>
            <xmax>67</xmax>
            <xmin>58</xmin>
            <ymax>116</ymax>
            <ymin>107</ymin>
        </bndbox>
        <type>2</type>
        <direction>8</direction>
        <previous>12</previous>
    </vehicle>
    <vehicle>
        <id>12</id>
        <bndbox>
            <xmax>351</xmax>
            <xmin>299</xmin>
            <ymax>239</ymax>
            <ymin>206</ymin>
        </bndbox>
        <type>2</type>
        <direction>8</direction>
        <previous>13</previous>
    </vehicle>
    <vehicle>
        <id>13</id>
        <bndbox>
            <xmax>287</xmax>
            <xmin>216</xmin>
            <ymax>213</ymax>
            <ymin>168</ymin>
        </bndbox>
        <type>3</type>
        <direction>8</direction>
        <previous>14</previous>
    </vehicle>
    <vehicle>
        <id>14</id>
        <bndbox>
            <xmax>198</xmax>
            <xmin>159</xmin>
            <ymax>171</ymax>
            <ymin>150</ymin>
        </bndbox>
        <type>2</type>
        <direction>8</direction>
        <previous>15</previous>
    </vehicle>
    <vehicle>
        <id>15</id>
        <bndbox>
            <xmax>148</xmax>
            <xmin>122</xmin>
            <ymax>147</ymax>
            <ymin>133</ymin>
        </bndbox>
        <type>3</type>
        <direction>8</direction>
        <previous>16</previous>
    </vehicle>
    <vehicle>
        <id>16</id>
        <bndbox>
            <xmax>127</xmax>
            <xmin>109</xmin>
            <ymax>138</ymax>
            <ymin>127</ymin>
        </bndbox>
        <type>3</type>
        <direction>8</direction>
        <previous>17</previous>
    </vehicle>
    <vehicle>
        <id>17</id>
        <bndbox>
            <xmax>109</xmax>
            <xmin>96</xmin>
            <ymax>127</ymax>
            <ymin>117</ymin>
        </bndbox>
        <type>3</type>
        <direction>8</direction>
        <previous>18</previous>
    </vehicle>
    <vehicle>
        <id>18</id>
        <bndbox>
            <xmax>98</xmax>
            <xmin>89</xmin>
            <ymax>124</ymax>
            <ymin>116</ymin>
        </bndbox>
        <type>3</type>
        <direction>8</direction>
        <previous>19</previous>
    </vehicle>
    <vehicle>
        <id>19</id>
        <bndbox>
            <xmax>88</xmax>
            <xmin>80</xmin>
            <ymax>119</ymax>
            <ymin>111</ymin>
        </bndbox>
        <type>2</type>
        <direction>8</direction>
        <previous>20</previous>
    </vehicle>
    <vehicle>
        <id>20</id>
        <bndbox>
            <xmax>324</xmax>
            <xmin>258</xmin>
            <ymax>194</ymax>
            <ymin>159</ymin>
        </bndbox>
        <type>2</type>
        <direction>5</direction>
        <previous>0</previous>
    </vehicle>
    <vehicle>
        <id>21</id>
        <bndbox>
            <xmax>163</xmax>
            <xmin>138</xmin>
            <ymax>135</ymax>
            <ymin>121</ymin>
        </bndbox>
        <type>3</type>
        <direction>5</direction>
        <previous>21</previous>
    </vehicle>
    <vehicle>
        <id>22</id>
        <bndbox>
            <xmax>107</xmax>
            <xmin>93</xmin>
            <ymax>115</ymax>
            <ymin>108</ymin>
        </bndbox>
        <type>4</type>
        <direction>5</direction>
        <previous>22</previous>
    </vehicle>
    <vehicle>
        <id>23</id>
        <bndbox>
            <xmax>121</xmax>
            <xmin>109</xmin>
            <ymax>116</ymax>
            <ymin>107</ymin>
        </bndbox>
        <type>2</type>
        <direction>5</direction>
        <previous>24</previous>
    </vehicle>
    <vehicle>
        <id>24</id>
        <bndbox>
            <xmax>171</xmax>
            <xmin>152</xmin>
            <ymax>123</ymax>
            <ymin>115</ymin>
        </bndbox>
        <type>3</type>
        <direction>5</direction>
        <previous>26</previous>
    </vehicle>
</annotation>
