<annotation>
    <video>[Cam253]-2016_4_29_18h_150f.avi</video>
    <frame>000084</frame>
    <time>2016/04/29 18:01:53</time>
    <width>352</width>
    <height>240</height>
    <weather>1</weather>
    <facing>1</facing>
    <flow>2</flow>
    <vehicle>
        <id>1</id>
        <bndbox>
            <xmax>192</xmax>
            <xmin>135</xmin>
            <ymax>239</ymax>
            <ymin>218</ymin>
        </bndbox>
        <type>2</type>
        <direction>8</direction>
        <previous>1</previous>
    </vehicle>
    <vehicle>
        <id>2</id>
        <bndbox>
            <xmax>96</xmax>
            <xmin>72</xmin>
            <ymax>166</ymax>
            <ymin>146</ymin>
        </bndbox>
        <type>3</type>
        <direction>8</direction>
        <previous>2</previous>
    </vehicle>
    <vehicle>
        <id>3</id>
        <bndbox>
            <xmax>81</xmax>
            <xmin>64</xmin>
            <ymax>149</ymax>
            <ymin>133</ymin>
        </bndbox>
        <type>3</type>
        <direction>8</direction>
        <previous>3</previous>
    </vehicle>
    <vehicle>
        <id>4</id>
        <bndbox>
            <xmax>71</xmax>
            <xmin>48</xmin>
            <ymax>136</ymax>
            <ymin>109</ymin>
        </bndbox>
        <type>8</type>
        <direction>8</direction>
        <previous>4</previous>
    </vehicle>
    <vehicle>
        <id>5</id>
        <bndbox>
            <xmax>272</xmax>
            <xmin>186</xmin>
            <ymax>239</ymax>
            <ymin>200</ymin>
        </bndbox>
        <type>2</type>
        <direction>8</direction>
        <previous>5</previous>
    </vehicle>
    <vehicle>
        <id>6</id>
        <bndbox>
            <xmax>115</xmax>
            <xmin>91</xmin>
            <ymax>150</ymax>
            <ymin>129</ymin>
        </bndbox>
        <type>2</type>
        <direction>8</direction>
        <previous>6</previous>
    </vehicle>
    <vehicle>
        <id>7</id>
        <bndbox>
            <xmax>95</xmax>
            <xmin>79</xmin>
            <ymax>135</ymax>
            <ymin>122</ymin>
        </bndbox>
        <type>3</type>
        <direction>8</direction>
        <previous>7</previous>
    </vehicle>
    <vehicle>
        <id>8</id>
        <bndbox>
            <xmax>87</xmax>
            <xmin>73</xmin>
            <ymax>126</ymax>
            <ymin>118</ymin>
        </bndbox>
        <type>2</type>
        <direction>8</direction>
        <previous>8</previous>
    </vehicle>
    <vehicle>
        <id>9</id>
        <bndbox>
            <xmax>77</xmax>
            <xmin>67</xmin>
            <ymax>120</ymax>
            <ymin>112</ymin>
        </bndbox>
        <type>3</type>
        <direction>8</direction>
        <previous>9</previous>
    </vehicle>
    <vehicle>
        <id>10</id>
        <bndbox>
            <xmax>350</xmax>
            <xmin>304</xmin>
            <ymax>239</ymax>
            <ymin>211</ymin>
        </bndbox>
        <type>2</type>
        <direction>8</direction>
        <previous>10</previous>
    </vehicle>
    <vehicle>
        <id>11</id>
        <bndbox>
            <xmax>259</xmax>
            <xmin>199</xmin>
            <ymax>204</ymax>
            <ymin>168</ymin>
        </bndbox>
        <type>3</type>
        <direction>8</direction>
        <previous>11</previous>
    </vehicle>
    <vehicle>
        <id>12</id>
        <bndbox>
            <xmax>197</xmax>
            <xmin>160</xmin>
            <ymax>173</ymax>
            <ymin>149</ymin>
        </bndbox>
        <type>3</type>
        <direction>8</direction>
        <previous>12</previous>
    </vehicle>
    <vehicle>
        <id>13</id>
        <bndbox>
            <xmax>144</xmax>
            <xmin>118</xmin>
            <ymax>145</ymax>
            <ymin>127</ymin>
        </bndbox>
        <type>3</type>
        <direction>8</direction>
        <previous>13</previous>
    </vehicle>
    <vehicle>
        <id>14</id>
        <bndbox>
            <xmax>121</xmax>
            <xmin>103</xmin>
            <ymax>135</ymax>
            <ymin>123</ymin>
        </bndbox>
        <type>3</type>
        <direction>8</direction>
        <previous>14</previous>
    </vehicle>
    <vehicle>
        <id>15</id>
        <bndbox>
            <xmax>103</xmax>
            <xmin>88</xmin>
            <ymax>125</ymax>
            <ymin>114</ymin>
        </bndbox>
        <type>3</type>
        <direction>8</direction>
        <previous>15</previous>
    </vehicle>
    <vehicle>
        <id>16</id>
        <bndbox>
            <xmax>93</xmax>
            <xmin>82</xmin>
            <ymax>119</ymax>
            <ymin>113</ymin>
        </bndbox>
        <type>2</type>
        <direction>8</direction>
        <previous>16</previous>
    </vehicle>
    <vehicle>
        <id>17</id>
        <bndbox>
            <xmax>85</xmax>
            <xmin>76</xmin>
            <ymax>116</ymax>
            <ymin>110</ymin>
        </bndbox>
        <type>2</type>
        <direction>8</direction>
        <previous>17</previous>
    </vehicle>
    <vehicle>
        <id>18</id>
        <bndbox>
            <xmax>77</xmax>
            <xmin>68</xmin>
            <ymax>113</ymax>
            <ymin>106</ymin>
        </bndbox>
        <type>3</type>
        <direction>8</direction>
        <previous>18</previous>
    </vehicle>
    <vehicle>
        <id>19</id>
        <bndbox>
            <xmax>227</xmax>
            <xmin>193</xmin>
            <ymax>157</ymax>
            <ymin>139</ymin>
        </bndbox>
        <type>2</type>
        <direction>5</direction>
        <previous>0</previous>
    </vehicle>
    <vehicle>
        <id>20</id>
        <bndbox>
            <xmax>138</xmax>
            <xmin>122</xmin>
            <ymax>127</ymax>
            <ymin>117</ymin>
        </bndbox>
        <type>3</type>
        <direction>5</direction>
        <previous>19</previous>
    </vehicle>
    <vehicle>
        <id>21</id>
        <bndbox>
            <xmax>98</xmax>
            <xmin>87</xmin>
            <ymax>112</ymax>
            <ymin>105</ymin>
        </bndbox>
        <type>3</type>
        <direction>5</direction>
        <previous>20</previous>
    </vehicle>
    <vehicle>
        <id>22</id>
        <bndbox>
            <xmax>88</xmax>
            <xmin>80</xmin>
            <ymax>110</ymax>
            <ymin>103</ymin>
        </bndbox>
        <type>3</type>
        <direction>5</direction>
        <previous>21</previous>
    </vehicle>
    <vehicle>
        <id>23</id>
        <bndbox>
            <xmax>329</xmax>
            <xmin>275</xmin>
            <ymax>177</ymax>
            <ymin>153</ymin>
        </bndbox>
        <type>3</type>
        <direction>5</direction>
        <previous>0</previous>
    </vehicle>
    <vehicle>
        <id>24</id>
        <bndbox>
            <xmax>178</xmax>
            <xmin>156</xmin>
            <ymax>131</ymax>
            <ymin>117</ymin>
        </bndbox>
        <type>3</type>
        <direction>5</direction>
        <previous>22</previous>
    </vehicle>
    <vehicle>
        <id>25</id>
        <bndbox>
            <xmax>115</xmax>
            <xmin>104</xmin>
            <ymax>114</ymax>
            <ymin>107</ymin>
        </bndbox>
        <type>2</type>
        <direction>5</direction>
        <previous>23</previous>
    </vehicle>
    <vehicle>
        <id>26</id>
        <bndbox>
            <xmax>118</xmax>
            <xmin>107</xmin>
            <ymax>113</ymax>
            <ymin>104</ymin>
        </bndbox>
        <type>3</type>
        <direction>5</direction>
        <previous>25</previous>
    </vehicle>
    <vehicle>
        <id>27</id>
        <bndbox>
            <xmax>107</xmax>
            <xmin>96</xmin>
            <ymax>109</ymax>
            <ymin>102</ymin>
        </bndbox>
        <type>2</type>
        <direction>5</direction>
        <previous>26</previous>
    </vehicle>
</annotation>
