<annotation>
    <video>[Cam253]-2016_4_29_18h_150f.avi</video>
    <frame>000059</frame>
    <time>2016/04/29 18:01:24</time>
    <width>352</width>
    <height>240</height>
    <weather>1</weather>
    <facing>1</facing>
    <flow>2</flow>
    <vehicle>
        <id>1</id>
        <bndbox>
            <xmax>113</xmax>
            <xmin>81</xmin>
            <ymax>185</ymax>
            <ymin>154</ymin>
        </bndbox>
        <type>3</type>
        <direction>8</direction>
        <previous>2</previous>
    </vehicle>
    <vehicle>
        <id>2</id>
        <bndbox>
            <xmax>81</xmax>
            <xmin>63</xmin>
            <ymax>150</ymax>
            <ymin>132</ymin>
        </bndbox>
        <type>3</type>
        <direction>8</direction>
        <previous>3</previous>
    </vehicle>
    <vehicle>
        <id>3</id>
        <bndbox>
            <xmax>68</xmax>
            <xmin>54</xmin>
            <ymax>130</ymax>
            <ymin>119</ymin>
        </bndbox>
        <type>3</type>
        <direction>8</direction>
        <previous>4</previous>
    </vehicle>
    <vehicle>
        <id>4</id>
        <bndbox>
            <xmax>60</xmax>
            <xmin>51</xmin>
            <ymax>121</ymax>
            <ymin>115</ymin>
        </bndbox>
        <type>1</type>
        <direction>8</direction>
        <previous>5</previous>
    </vehicle>
    <vehicle>
        <id>5</id>
        <bndbox>
            <xmax>58</xmax>
            <xmin>48</xmin>
            <ymax>117</ymax>
            <ymin>112</ymin>
        </bndbox>
        <type>1</type>
        <direction>8</direction>
        <previous>0</previous>
    </vehicle>
    <vehicle>
        <id>6</id>
        <bndbox>
            <xmax>200</xmax>
            <xmin>149</xmin>
            <ymax>209</ymax>
            <ymin>172</ymin>
        </bndbox>
        <type>2</type>
        <direction>8</direction>
        <previous>6</previous>
    </vehicle>
    <vehicle>
        <id>7</id>
        <bndbox>
            <xmax>139</xmax>
            <xmin>111</xmin>
            <ymax>169</ymax>
            <ymin>149</ymin>
        </bndbox>
        <type>3</type>
        <direction>8</direction>
        <previous>7</previous>
    </vehicle>
    <vehicle>
        <id>8</id>
        <bndbox>
            <xmax>111</xmax>
            <xmin>92</xmin>
            <ymax>146</ymax>
            <ymin>131</ymin>
        </bndbox>
        <type>3</type>
        <direction>8</direction>
        <previous>8</previous>
    </vehicle>
    <vehicle>
        <id>9</id>
        <bndbox>
            <xmax>83</xmax>
            <xmin>73</xmin>
            <ymax>124</ymax>
            <ymin>115</ymin>
        </bndbox>
        <type>1</type>
        <direction>8</direction>
        <previous>9</previous>
    </vehicle>
    <vehicle>
        <id>10</id>
        <bndbox>
            <xmax>67</xmax>
            <xmin>59</xmin>
            <ymax>115</ymax>
            <ymin>107</ymin>
        </bndbox>
        <type>2</type>
        <direction>8</direction>
        <previous>10</previous>
    </vehicle>
    <vehicle>
        <id>11</id>
        <bndbox>
            <xmax>351</xmax>
            <xmin>279</xmin>
            <ymax>239</ymax>
            <ymin>194</ymin>
        </bndbox>
        <type>3</type>
        <direction>8</direction>
        <previous>11</previous>
    </vehicle>
    <vehicle>
        <id>12</id>
        <bndbox>
            <xmax>246</xmax>
            <xmin>188</xmin>
            <ymax>196</ymax>
            <ymin>158</ymin>
        </bndbox>
        <type>2</type>
        <direction>8</direction>
        <previous>12</previous>
    </vehicle>
    <vehicle>
        <id>13</id>
        <bndbox>
            <xmax>174</xmax>
            <xmin>143</xmin>
            <ymax>161</ymax>
            <ymin>142</ymin>
        </bndbox>
        <type>2</type>
        <direction>8</direction>
        <previous>13</previous>
    </vehicle>
    <vehicle>
        <id>14</id>
        <bndbox>
            <xmax>149</xmax>
            <xmin>125</xmin>
            <ymax>149</ymax>
            <ymin>130</ymin>
        </bndbox>
        <type>3</type>
        <direction>8</direction>
        <previous>14</previous>
    </vehicle>
    <vehicle>
        <id>15</id>
        <bndbox>
            <xmax>124</xmax>
            <xmin>106</xmin>
            <ymax>136</ymax>
            <ymin>125</ymin>
        </bndbox>
        <type>2</type>
        <direction>8</direction>
        <previous>15</previous>
    </vehicle>
    <vehicle>
        <id>16</id>
        <bndbox>
            <xmax>103</xmax>
            <xmin>90</xmin>
            <ymax>127</ymax>
            <ymin>117</ymin>
        </bndbox>
        <type>3</type>
        <direction>8</direction>
        <previous>16</previous>
    </vehicle>
    <vehicle>
        <id>17</id>
        <bndbox>
            <xmax>91</xmax>
            <xmin>83</xmin>
            <ymax>121</ymax>
            <ymin>113</ymin>
        </bndbox>
        <type>3</type>
        <direction>8</direction>
        <previous>17</previous>
    </vehicle>
    <vehicle>
        <id>18</id>
        <bndbox>
            <xmax>83</xmax>
            <xmin>75</xmin>
            <ymax>114</ymax>
            <ymin>108</ymin>
        </bndbox>
        <type>3</type>
        <direction>8</direction>
        <previous>18</previous>
    </vehicle>
    <vehicle>
        <id>19</id>
        <bndbox>
            <xmax>113</xmax>
            <xmin>101</xmin>
            <ymax>117</ymax>
            <ymin>109</ymin>
        </bndbox>
        <type>2</type>
        <direction>5</direction>
        <previous>19</previous>
    </vehicle>
    <vehicle>
        <id>20</id>
        <bndbox>
            <xmax>272</xmax>
            <xmin>228</xmin>
            <ymax>158</ymax>
            <ymin>137</ymin>
        </bndbox>
        <type>2</type>
        <direction>5</direction>
        <previous>0</previous>
    </vehicle>
    <vehicle>
        <id>21</id>
        <bndbox>
            <xmax>158</xmax>
            <xmin>142</xmin>
            <ymax>125</ymax>
            <ymin>116</ymin>
        </bndbox>
        <type>2</type>
        <direction>5</direction>
        <previous>20</previous>
    </vehicle>
    <vehicle>
        <id>22</id>
        <bndbox>
            <xmax>147</xmax>
            <xmin>132</xmin>
            <ymax>116</ymax>
            <ymin>110</ymin>
        </bndbox>
        <type>3</type>
        <direction>5</direction>
        <previous>21</previous>
    </vehicle>
</annotation>
