<annotation>
    <video>[Cam253]-2016_4_29_18h_150f.avi</video>
    <frame>000008</frame>
    <time>2016/04/29 18:00:29</time>
    <width>352</width>
    <height>240</height>
    <weather>1</weather>
    <facing>1</facing>
    <flow>2</flow>
    <vehicle>
        <id>1</id>
        <bndbox>
            <xmax>136</xmax>
            <xmin>88</xmin>
            <ymax>211</ymax>
            <ymin>164</ymin>
        </bndbox>
        <type>2</type>
        <direction>8</direction>
        <previous>2</previous>
    </vehicle>
    <vehicle>
        <id>2</id>
        <bndbox>
            <xmax>100</xmax>
            <xmin>75</xmin>
            <ymax>166</ymax>
            <ymin>144</ymin>
        </bndbox>
        <type>2</type>
        <direction>8</direction>
        <previous>3</previous>
    </vehicle>
    <vehicle>
        <id>3</id>
        <bndbox>
            <xmax>74</xmax>
            <xmin>58</xmin>
            <ymax>142</ymax>
            <ymin>129</ymin>
        </bndbox>
        <type>1</type>
        <direction>8</direction>
        <previous>4</previous>
    </vehicle>
    <vehicle>
        <id>4</id>
        <bndbox>
            <xmax>67</xmax>
            <xmin>56</xmin>
            <ymax>130</ymax>
            <ymin>122</ymin>
        </bndbox>
        <type>2</type>
        <direction>8</direction>
        <previous>5</previous>
    </vehicle>
    <vehicle>
        <id>5</id>
        <bndbox>
            <xmax>59</xmax>
            <xmin>49</xmin>
            <ymax>123</ymax>
            <ymin>117</ymin>
        </bndbox>
        <type>2</type>
        <direction>8</direction>
        <previous>6</previous>
    </vehicle>
    <vehicle>
        <id>6</id>
        <bndbox>
            <xmax>57</xmax>
            <xmin>47</xmin>
            <ymax>117</ymax>
            <ymin>110</ymin>
        </bndbox>
        <type>3</type>
        <direction>8</direction>
        <previous>7</previous>
    </vehicle>
    <vehicle>
        <id>7</id>
        <bndbox>
            <xmax>52</xmax>
            <xmin>45</xmin>
            <ymax>111</ymax>
            <ymin>107</ymin>
        </bndbox>
        <type>2</type>
        <direction>8</direction>
        <previous>0</previous>
    </vehicle>
    <vehicle>
        <id>8</id>
        <bndbox>
            <xmax>259</xmax>
            <xmin>179</xmin>
            <ymax>239</ymax>
            <ymin>197</ymin>
        </bndbox>
        <type>1</type>
        <direction>8</direction>
        <previous>8</previous>
    </vehicle>
    <vehicle>
        <id>9</id>
        <bndbox>
            <xmax>140</xmax>
            <xmin>105</xmin>
            <ymax>165</ymax>
            <ymin>139</ymin>
        </bndbox>
        <type>2</type>
        <direction>8</direction>
        <previous>9</previous>
    </vehicle>
    <vehicle>
        <id>10</id>
        <bndbox>
            <xmax>101</xmax>
            <xmin>82</xmin>
            <ymax>139</ymax>
            <ymin>126</ymin>
        </bndbox>
        <type>2</type>
        <direction>8</direction>
        <previous>10</previous>
    </vehicle>
    <vehicle>
        <id>11</id>
        <bndbox>
            <xmax>87</xmax>
            <xmin>73</xmin>
            <ymax>127</ymax>
            <ymin>118</ymin>
        </bndbox>
        <type>3</type>
        <direction>8</direction>
        <previous>11</previous>
    </vehicle>
    <vehicle>
        <id>12</id>
        <bndbox>
            <xmax>75</xmax>
            <xmin>66</xmin>
            <ymax>120</ymax>
            <ymin>114</ymin>
        </bndbox>
        <type>2</type>
        <direction>8</direction>
        <previous>12</previous>
    </vehicle>
    <vehicle>
        <id>13</id>
        <bndbox>
            <xmax>70</xmax>
            <xmin>64</xmin>
            <ymax>118</ymax>
            <ymin>110</ymin>
        </bndbox>
        <type>1</type>
        <direction>8</direction>
        <previous>13</previous>
    </vehicle>
    <vehicle>
        <id>14</id>
        <bndbox>
            <xmax>65</xmax>
            <xmin>59</xmin>
            <ymax>112</ymax>
            <ymin>107</ymin>
        </bndbox>
        <type>3</type>
        <direction>8</direction>
        <previous>14</previous>
    </vehicle>
    <vehicle>
        <id>15</id>
        <bndbox>
            <xmax>62</xmax>
            <xmin>55</xmin>
            <ymax>110</ymax>
            <ymin>107</ymin>
        </bndbox>
        <type>3</type>
        <direction>8</direction>
        <previous>0</previous>
    </vehicle>
    <vehicle>
        <id>16</id>
        <bndbox>
            <xmax>341</xmax>
            <xmin>252</xmin>
            <ymax>239</ymax>
            <ymin>193</ymin>
        </bndbox>
        <type>3</type>
        <direction>8</direction>
        <previous>15</previous>
    </vehicle>
    <vehicle>
        <id>17</id>
        <bndbox>
            <xmax>237</xmax>
            <xmin>185</xmin>
            <ymax>194</ymax>
            <ymin>163</ymin>
        </bndbox>
        <type>2</type>
        <direction>8</direction>
        <previous>16</previous>
    </vehicle>
    <vehicle>
        <id>18</id>
        <bndbox>
            <xmax>157</xmax>
            <xmin>129</xmin>
            <ymax>151</ymax>
            <ymin>132</ymin>
        </bndbox>
        <type>3</type>
        <direction>8</direction>
        <previous>17</previous>
    </vehicle>
    <vehicle>
        <id>19</id>
        <bndbox>
            <xmax>119</xmax>
            <xmin>101</xmin>
            <ymax>132</ymax>
            <ymin>121</ymin>
        </bndbox>
        <type>3</type>
        <direction>8</direction>
        <previous>18</previous>
    </vehicle>
    <vehicle>
        <id>20</id>
        <bndbox>
            <xmax>104</xmax>
            <xmin>93</xmin>
            <ymax>124</ymax>
            <ymin>117</ymin>
        </bndbox>
        <type>3</type>
        <direction>8</direction>
        <previous>19</previous>
    </vehicle>
    <vehicle>
        <id>21</id>
        <bndbox>
            <xmax>87</xmax>
            <xmin>79</xmin>
            <ymax>118</ymax>
            <ymin>112</ymin>
        </bndbox>
        <type>2</type>
        <direction>8</direction>
        <previous>20</previous>
    </vehicle>
    <vehicle>
        <id>22</id>
        <bndbox>
            <xmax>80</xmax>
            <xmin>74</xmin>
            <ymax>114</ymax>
            <ymin>109</ymin>
        </bndbox>
        <type>3</type>
        <direction>8</direction>
        <previous>21</previous>
    </vehicle>
    <vehicle>
        <id>23</id>
        <bndbox>
            <xmax>75</xmax>
            <xmin>68</xmin>
            <ymax>111</ymax>
            <ymin>105</ymin>
        </bndbox>
        <type>2</type>
        <direction>8</direction>
        <previous>22</previous>
    </vehicle>
    <vehicle>
        <id>24</id>
        <bndbox>
            <xmax>242</xmax>
            <xmin>201</xmin>
            <ymax>155</ymax>
            <ymin>134</ymin>
        </bndbox>
        <type>4</type>
        <direction>5</direction>
        <previous>0</previous>
    </vehicle>
    <vehicle>
        <id>25</id>
        <bndbox>
            <xmax>88</xmax>
            <xmin>81</xmin>
            <ymax>107</ymax>
            <ymin>102</ymin>
        </bndbox>
        <type>3</type>
        <direction>5</direction>
        <previous>24</previous>
    </vehicle>
    <vehicle>
        <id>26</id>
        <bndbox>
            <xmax>195</xmax>
            <xmin>171</xmin>
            <ymax>136</ymax>
            <ymin>122</ymin>
        </bndbox>
        <type>2</type>
        <direction>5</direction>
        <previous>23</previous>
    </vehicle>
    <vehicle>
        <id>27</id>
        <bndbox>
            <xmax>225</xmax>
            <xmin>200</xmin>
            <ymax>136</ymax>
            <ymin>123</ymin>
        </bndbox>
        <type>2</type>
        <direction>5</direction>
        <previous>0</previous>
    </vehicle>
</annotation>
