<annotation>
    <video>[Cam253]-2016_4_29_18h_150f.avi</video>
    <frame>000055</frame>
    <time>2016/04/29 18:01:20</time>
    <width>352</width>
    <height>240</height>
    <weather>1</weather>
    <facing>1</facing>
    <flow>2</flow>
    <vehicle>
        <id>1</id>
        <bndbox>
            <xmax>171</xmax>
            <xmin>110</xmin>
            <ymax>239</ymax>
            <ymin>195</ymin>
        </bndbox>
        <type>1</type>
        <direction>8</direction>
        <previous>1</previous>
    </vehicle>
    <vehicle>
        <id>2</id>
        <bndbox>
            <xmax>86</xmax>
            <xmin>66</xmin>
            <ymax>152</ymax>
            <ymin>135</ymin>
        </bndbox>
        <type>2</type>
        <direction>8</direction>
        <previous>2</previous>
    </vehicle>
    <vehicle>
        <id>3</id>
        <bndbox>
            <xmax>71</xmax>
            <xmin>56</xmin>
            <ymax>133</ymax>
            <ymin>121</ymin>
        </bndbox>
        <type>3</type>
        <direction>8</direction>
        <previous>3</previous>
    </vehicle>
    <vehicle>
        <id>4</id>
        <bndbox>
            <xmax>63</xmax>
            <xmin>51</xmin>
            <ymax>123</ymax>
            <ymin>116</ymin>
        </bndbox>
        <type>3</type>
        <direction>8</direction>
        <previous>4</previous>
    </vehicle>
    <vehicle>
        <id>5</id>
        <bndbox>
            <xmax>189</xmax>
            <xmin>133</xmin>
            <ymax>214</ymax>
            <ymin>167</ymin>
        </bndbox>
        <type>2</type>
        <direction>8</direction>
        <previous>5</previous>
    </vehicle>
    <vehicle>
        <id>6</id>
        <bndbox>
            <xmax>127</xmax>
            <xmin>101</xmin>
            <ymax>156</ymax>
            <ymin>140</ymin>
        </bndbox>
        <type>2</type>
        <direction>8</direction>
        <previous>6</previous>
    </vehicle>
    <vehicle>
        <id>7</id>
        <bndbox>
            <xmax>99</xmax>
            <xmin>83</xmin>
            <ymax>138</ymax>
            <ymin>128</ymin>
        </bndbox>
        <type>3</type>
        <direction>8</direction>
        <previous>7</previous>
    </vehicle>
    <vehicle>
        <id>8</id>
        <bndbox>
            <xmax>86</xmax>
            <xmin>72</xmin>
            <ymax>126</ymax>
            <ymin>118</ymin>
        </bndbox>
        <type>3</type>
        <direction>8</direction>
        <previous>8</previous>
    </vehicle>
    <vehicle>
        <id>9</id>
        <bndbox>
            <xmax>68</xmax>
            <xmin>58</xmin>
            <ymax>115</ymax>
            <ymin>108</ymin>
        </bndbox>
        <type>1</type>
        <direction>8</direction>
        <previous>9</previous>
    </vehicle>
    <vehicle>
        <id>10</id>
        <bndbox>
            <xmax>351</xmax>
            <xmin>293</xmin>
            <ymax>239</ymax>
            <ymin>204</ymin>
        </bndbox>
        <type>2</type>
        <direction>8</direction>
        <previous>10</previous>
    </vehicle>
    <vehicle>
        <id>11</id>
        <bndbox>
            <xmax>254</xmax>
            <xmin>200</xmin>
            <ymax>199</ymax>
            <ymin>162</ymin>
        </bndbox>
        <type>3</type>
        <direction>8</direction>
        <previous>11</previous>
    </vehicle>
    <vehicle>
        <id>12</id>
        <bndbox>
            <xmax>188</xmax>
            <xmin>147</xmin>
            <ymax>168</ymax>
            <ymin>142</ymin>
        </bndbox>
        <type>2</type>
        <direction>8</direction>
        <previous>12</previous>
    </vehicle>
    <vehicle>
        <id>13</id>
        <bndbox>
            <xmax>147</xmax>
            <xmin>123</xmin>
            <ymax>148</ymax>
            <ymin>131</ymin>
        </bndbox>
        <type>2</type>
        <direction>8</direction>
        <previous>13</previous>
    </vehicle>
    <vehicle>
        <id>14</id>
        <bndbox>
            <xmax>127</xmax>
            <xmin>109</xmin>
            <ymax>137</ymax>
            <ymin>125</ymin>
        </bndbox>
        <type>3</type>
        <direction>8</direction>
        <previous>14</previous>
    </vehicle>
    <vehicle>
        <id>15</id>
        <bndbox>
            <xmax>111</xmax>
            <xmin>97</xmin>
            <ymax>128</ymax>
            <ymin>120</ymin>
        </bndbox>
        <type>2</type>
        <direction>8</direction>
        <previous>15</previous>
    </vehicle>
    <vehicle>
        <id>16</id>
        <bndbox>
            <xmax>91</xmax>
            <xmin>84</xmin>
            <ymax>119</ymax>
            <ymin>113</ymin>
        </bndbox>
        <type>3</type>
        <direction>8</direction>
        <previous>16</previous>
    </vehicle>
    <vehicle>
        <id>17</id>
        <bndbox>
            <xmax>85</xmax>
            <xmin>76</xmin>
            <ymax>115</ymax>
            <ymin>111</ymin>
        </bndbox>
        <type>3</type>
        <direction>8</direction>
        <previous>17</previous>
    </vehicle>
    <vehicle>
        <id>18</id>
        <bndbox>
            <xmax>75</xmax>
            <xmin>69</xmin>
            <ymax>112</ymax>
            <ymin>105</ymin>
        </bndbox>
        <type>3</type>
        <direction>8</direction>
        <previous>18</previous>
    </vehicle>
    <vehicle>
        <id>19</id>
        <bndbox>
            <xmax>348</xmax>
            <xmin>279</xmin>
            <ymax>201</ymax>
            <ymin>169</ymin>
        </bndbox>
        <type>3</type>
        <direction>5</direction>
        <previous>0</previous>
    </vehicle>
    <vehicle>
        <id>20</id>
        <bndbox>
            <xmax>158</xmax>
            <xmin>138</xmin>
            <ymax>132</ymax>
            <ymin>119</ymin>
        </bndbox>
        <type>2</type>
        <direction>5</direction>
        <previous>19</previous>
    </vehicle>
    <vehicle>
        <id>21</id>
        <bndbox>
            <xmax>116</xmax>
            <xmin>103</xmin>
            <ymax>118</ymax>
            <ymin>111</ymin>
        </bndbox>
        <type>2</type>
        <direction>5</direction>
        <previous>20</previous>
    </vehicle>
    <vehicle>
        <id>22</id>
        <bndbox>
            <xmax>92</xmax>
            <xmin>86</xmin>
            <ymax>109</ymax>
            <ymin>103</ymin>
        </bndbox>
        <type>3</type>
        <direction>5</direction>
        <previous>21</previous>
    </vehicle>
    <vehicle>
        <id>23</id>
        <bndbox>
            <xmax>203</xmax>
            <xmin>182</xmin>
            <ymax>139</ymax>
            <ymin>126</ymin>
        </bndbox>
        <type>2</type>
        <direction>5</direction>
        <previous>22</previous>
    </vehicle>
    <vehicle>
        <id>24</id>
        <bndbox>
            <xmax>133</xmax>
            <xmin>123</xmin>
            <ymax>118</ymax>
            <ymin>111</ymin>
        </bndbox>
        <type>3</type>
        <direction>5</direction>
        <previous>23</previous>
    </vehicle>
    <vehicle>
        <id>25</id>
        <bndbox>
            <xmax>97</xmax>
            <xmin>89</xmin>
            <ymax>107</ymax>
            <ymin>101</ymin>
        </bndbox>
        <type>3</type>
        <direction>5</direction>
        <previous>24</previous>
    </vehicle>
    <vehicle>
        <id>26</id>
        <bndbox>
            <xmax>199</xmax>
            <xmin>178</xmin>
            <ymax>129</ymax>
            <ymin>119</ymin>
        </bndbox>
        <type>2</type>
        <direction>5</direction>
        <previous>25</previous>
    </vehicle>
    <vehicle>
        <id>27</id>
        <bndbox>
            <xmax>120</xmax>
            <xmin>108</xmin>
            <ymax>111</ymax>
            <ymin>105</ymin>
        </bndbox>
        <type>2</type>
        <direction>5</direction>
        <previous>26</previous>
    </vehicle>
</annotation>
