<annotation>
    <video>[Cam253]-2016_4_29_18h_150f.avi</video>
    <frame>000019</frame>
    <time>2016/04/29 18:00:41</time>
    <width>352</width>
    <height>240</height>
    <weather>1</weather>
    <facing>1</facing>
    <flow>2</flow>
    <vehicle>
        <id>1</id>
        <bndbox>
            <xmax>156</xmax>
            <xmin>100</xmin>
            <ymax>238</ymax>
            <ymin>191</ymin>
        </bndbox>
        <type>2</type>
        <direction>8</direction>
        <previous>1</previous>
    </vehicle>
    <vehicle>
        <id>2</id>
        <bndbox>
            <xmax>93</xmax>
            <xmin>68</xmin>
            <ymax>163</ymax>
            <ymin>145</ymin>
        </bndbox>
        <type>3</type>
        <direction>8</direction>
        <previous>2</previous>
    </vehicle>
    <vehicle>
        <id>3</id>
        <bndbox>
            <xmax>75</xmax>
            <xmin>59</xmin>
            <ymax>138</ymax>
            <ymin>125</ymin>
        </bndbox>
        <type>2</type>
        <direction>8</direction>
        <previous>3</previous>
    </vehicle>
    <vehicle>
        <id>4</id>
        <bndbox>
            <xmax>63</xmax>
            <xmin>53</xmin>
            <ymax>125</ymax>
            <ymin>117</ymin>
        </bndbox>
        <type>2</type>
        <direction>8</direction>
        <previous>4</previous>
    </vehicle>
    <vehicle>
        <id>5</id>
        <bndbox>
            <xmax>60</xmax>
            <xmin>51</xmin>
            <ymax>119</ymax>
            <ymin>113</ymin>
        </bndbox>
        <type>2</type>
        <direction>8</direction>
        <previous>5</previous>
    </vehicle>
    <vehicle>
        <id>6</id>
        <bndbox>
            <xmax>53</xmax>
            <xmin>45</xmin>
            <ymax>115</ymax>
            <ymin>108</ymin>
        </bndbox>
        <type>2</type>
        <direction>8</direction>
        <previous>0</previous>
    </vehicle>
    <vehicle>
        <id>7</id>
        <bndbox>
            <xmax>209</xmax>
            <xmin>152</xmin>
            <ymax>223</ymax>
            <ymin>181</ymin>
        </bndbox>
        <type>2</type>
        <direction>8</direction>
        <previous>6</previous>
    </vehicle>
    <vehicle>
        <id>8</id>
        <bndbox>
            <xmax>137</xmax>
            <xmin>110</xmin>
            <ymax>166</ymax>
            <ymin>139</ymin>
        </bndbox>
        <type>1</type>
        <direction>8</direction>
        <previous>7</previous>
    </vehicle>
    <vehicle>
        <id>9</id>
        <bndbox>
            <xmax>99</xmax>
            <xmin>84</xmin>
            <ymax>139</ymax>
            <ymin>127</ymin>
        </bndbox>
        <type>3</type>
        <direction>8</direction>
        <previous>8</previous>
    </vehicle>
    <vehicle>
        <id>10</id>
        <bndbox>
            <xmax>82</xmax>
            <xmin>70</xmin>
            <ymax>123</ymax>
            <ymin>114</ymin>
        </bndbox>
        <type>3</type>
        <direction>8</direction>
        <previous>9</previous>
    </vehicle>
    <vehicle>
        <id>11</id>
        <bndbox>
            <xmax>74</xmax>
            <xmin>64</xmin>
            <ymax>119</ymax>
            <ymin>112</ymin>
        </bndbox>
        <type>2</type>
        <direction>8</direction>
        <previous>10</previous>
    </vehicle>
    <vehicle>
        <id>12</id>
        <bndbox>
            <xmax>67</xmax>
            <xmin>59</xmin>
            <ymax>115</ymax>
            <ymin>110</ymin>
        </bndbox>
        <type>2</type>
        <direction>8</direction>
        <previous>0</previous>
    </vehicle>
    <vehicle>
        <id>13</id>
        <bndbox>
            <xmax>64</xmax>
            <xmin>58</xmin>
            <ymax>112</ymax>
            <ymin>107</ymin>
        </bndbox>
        <type>3</type>
        <direction>8</direction>
        <previous>11</previous>
    </vehicle>
    <vehicle>
        <id>14</id>
        <bndbox>
            <xmax>351</xmax>
            <xmin>254</xmin>
            <ymax>239</ymax>
            <ymin>188</ymin>
        </bndbox>
        <type>3</type>
        <direction>8</direction>
        <previous>12</previous>
    </vehicle>
    <vehicle>
        <id>15</id>
        <bndbox>
            <xmax>243</xmax>
            <xmin>193</xmin>
            <ymax>191</ymax>
            <ymin>160</ymin>
        </bndbox>
        <type>3</type>
        <direction>8</direction>
        <previous>13</previous>
    </vehicle>
    <vehicle>
        <id>16</id>
        <bndbox>
            <xmax>144</xmax>
            <xmin>119</xmin>
            <ymax>148</ymax>
            <ymin>133</ymin>
        </bndbox>
        <type>2</type>
        <direction>8</direction>
        <previous>14</previous>
    </vehicle>
    <vehicle>
        <id>17</id>
        <bndbox>
            <xmax>124</xmax>
            <xmin>104</xmin>
            <ymax>136</ymax>
            <ymin>123</ymin>
        </bndbox>
        <type>3</type>
        <direction>8</direction>
        <previous>15</previous>
    </vehicle>
    <vehicle>
        <id>18</id>
        <bndbox>
            <xmax>104</xmax>
            <xmin>89</xmin>
            <ymax>126</ymax>
            <ymin>116</ymin>
        </bndbox>
        <type>2</type>
        <direction>8</direction>
        <previous>16</previous>
    </vehicle>
    <vehicle>
        <id>19</id>
        <bndbox>
            <xmax>92</xmax>
            <xmin>83</xmin>
            <ymax>120</ymax>
            <ymin>112</ymin>
        </bndbox>
        <type>3</type>
        <direction>8</direction>
        <previous>17</previous>
    </vehicle>
    <vehicle>
        <id>20</id>
        <bndbox>
            <xmax>85</xmax>
            <xmin>77</xmin>
            <ymax>116</ymax>
            <ymin>110</ymin>
        </bndbox>
        <type>3</type>
        <direction>8</direction>
        <previous>18</previous>
    </vehicle>
    <vehicle>
        <id>21</id>
        <bndbox>
            <xmax>77</xmax>
            <xmin>66</xmin>
            <ymax>110</ymax>
            <ymin>103</ymin>
        </bndbox>
        <type>3</type>
        <direction>8</direction>
        <previous>19</previous>
    </vehicle>
    <vehicle>
        <id>22</id>
        <bndbox>
            <xmax>137</xmax>
            <xmin>117</xmin>
            <ymax>127</ymax>
            <ymin>112</ymin>
        </bndbox>
        <type>7</type>
        <direction>5</direction>
        <previous>20</previous>
    </vehicle>
    <vehicle>
        <id>23</id>
        <bndbox>
            <xmax>100</xmax>
            <xmin>92</xmin>
            <ymax>115</ymax>
            <ymin>106</ymin>
        </bndbox>
        <type>3</type>
        <direction>5</direction>
        <previous>21</previous>
    </vehicle>
    <vehicle>
        <id>24</id>
        <bndbox>
            <xmax>89</xmax>
            <xmin>82</xmin>
            <ymax>110</ymax>
            <ymin>103</ymin>
        </bndbox>
        <type>3</type>
        <direction>5</direction>
        <previous>22</previous>
    </vehicle>
    <vehicle>
        <id>25</id>
        <bndbox>
            <xmax>212</xmax>
            <xmin>184</xmin>
            <ymax>145</ymax>
            <ymin>132</ymin>
        </bndbox>
        <type>3</type>
        <direction>5</direction>
        <previous>0</previous>
    </vehicle>
    <vehicle>
        <id>26</id>
        <bndbox>
            <xmax>139</xmax>
            <xmin>128</xmin>
            <ymax>115</ymax>
            <ymin>108</ymin>
        </bndbox>
        <type>2</type>
        <direction>5</direction>
        <previous>0</previous>
    </vehicle>
    <vehicle>
        <id>27</id>
        <bndbox>
            <xmax>118</xmax>
            <xmin>111</xmin>
            <ymax>111</ymax>
            <ymin>106</ymin>
        </bndbox>
        <type>3</type>
        <direction>5</direction>
        <previous>25</previous>
    </vehicle>
</annotation>
