<annotation>
    <video>[Cam253]-2016_4_29_18h_150f.avi</video>
    <frame>000071</frame>
    <time>2016/04/29 18:01:39</time>
    <width>352</width>
    <height>240</height>
    <weather>1</weather>
    <facing>1</facing>
    <flow>2</flow>
    <vehicle>
        <id>1</id>
        <bndbox>
            <xmax>123</xmax>
            <xmin>87</xmin>
            <ymax>196</ymax>
            <ymin>162</ymin>
        </bndbox>
        <type>3</type>
        <direction>8</direction>
        <previous>1</previous>
    </vehicle>
    <vehicle>
        <id>2</id>
        <bndbox>
            <xmax>92</xmax>
            <xmin>68</xmin>
            <ymax>163</ymax>
            <ymin>139</ymin>
        </bndbox>
        <type>2</type>
        <direction>8</direction>
        <previous>2</previous>
    </vehicle>
    <vehicle>
        <id>3</id>
        <bndbox>
            <xmax>67</xmax>
            <xmin>52</xmin>
            <ymax>134</ymax>
            <ymin>124</ymin>
        </bndbox>
        <type>2</type>
        <direction>8</direction>
        <previous>3</previous>
    </vehicle>
    <vehicle>
        <id>4</id>
        <bndbox>
            <xmax>62</xmax>
            <xmin>53</xmin>
            <ymax>122</ymax>
            <ymin>115</ymin>
        </bndbox>
        <type>2</type>
        <direction>8</direction>
        <previous>4</previous>
    </vehicle>
    <vehicle>
        <id>5</id>
        <bndbox>
            <xmax>54</xmax>
            <xmin>45</xmin>
            <ymax>115</ymax>
            <ymin>110</ymin>
        </bndbox>
        <type>3</type>
        <direction>8</direction>
        <previous>5</previous>
    </vehicle>
    <vehicle>
        <id>6</id>
        <bndbox>
            <xmax>221</xmax>
            <xmin>164</xmin>
            <ymax>218</ymax>
            <ymin>174</ymin>
        </bndbox>
        <type>1</type>
        <direction>8</direction>
        <previous>6</previous>
    </vehicle>
    <vehicle>
        <id>7</id>
        <bndbox>
            <xmax>130</xmax>
            <xmin>103</xmin>
            <ymax>163</ymax>
            <ymin>144</ymin>
        </bndbox>
        <type>2</type>
        <direction>8</direction>
        <previous>7</previous>
    </vehicle>
    <vehicle>
        <id>8</id>
        <bndbox>
            <xmax>107</xmax>
            <xmin>92</xmin>
            <ymax>145</ymax>
            <ymin>132</ymin>
        </bndbox>
        <type>3</type>
        <direction>8</direction>
        <previous>8</previous>
    </vehicle>
    <vehicle>
        <id>9</id>
        <bndbox>
            <xmax>85</xmax>
            <xmin>70</xmin>
            <ymax>141</ymax>
            <ymin>127</ymin>
        </bndbox>
        <type>2</type>
        <direction>8</direction>
        <previous>9</previous>
    </vehicle>
    <vehicle>
        <id>10</id>
        <bndbox>
            <xmax>81</xmax>
            <xmin>68</xmin>
            <ymax>126</ymax>
            <ymin>115</ymin>
        </bndbox>
        <type>1</type>
        <direction>8</direction>
        <previous>10</previous>
    </vehicle>
    <vehicle>
        <id>11</id>
        <bndbox>
            <xmax>70</xmax>
            <xmin>63</xmin>
            <ymax>121</ymax>
            <ymin>113</ymin>
        </bndbox>
        <type>2</type>
        <direction>8</direction>
        <previous>11</previous>
    </vehicle>
    <vehicle>
        <id>12</id>
        <bndbox>
            <xmax>63</xmax>
            <xmin>57</xmin>
            <ymax>112</ymax>
            <ymin>108</ymin>
        </bndbox>
        <type>2</type>
        <direction>8</direction>
        <previous>12</previous>
    </vehicle>
    <vehicle>
        <id>13</id>
        <bndbox>
            <xmax>351</xmax>
            <xmin>261</xmin>
            <ymax>239</ymax>
            <ymin>193</ymin>
        </bndbox>
        <type>2</type>
        <direction>8</direction>
        <previous>13</previous>
    </vehicle>
    <vehicle>
        <id>14</id>
        <bndbox>
            <xmax>262</xmax>
            <xmin>201</xmin>
            <ymax>205</ymax>
            <ymin>163</ymin>
        </bndbox>
        <type>3</type>
        <direction>8</direction>
        <previous>14</previous>
    </vehicle>
    <vehicle>
        <id>15</id>
        <bndbox>
            <xmax>186</xmax>
            <xmin>152</xmin>
            <ymax>168</ymax>
            <ymin>147</ymin>
        </bndbox>
        <type>2</type>
        <direction>8</direction>
        <previous>15</previous>
    </vehicle>
    <vehicle>
        <id>16</id>
        <bndbox>
            <xmax>144</xmax>
            <xmin>120</xmin>
            <ymax>147</ymax>
            <ymin>132</ymin>
        </bndbox>
        <type>3</type>
        <direction>8</direction>
        <previous>16</previous>
    </vehicle>
    <vehicle>
        <id>17</id>
        <bndbox>
            <xmax>124</xmax>
            <xmin>106</xmin>
            <ymax>135</ymax>
            <ymin>126</ymin>
        </bndbox>
        <type>3</type>
        <direction>8</direction>
        <previous>17</previous>
    </vehicle>
    <vehicle>
        <id>18</id>
        <bndbox>
            <xmax>105</xmax>
            <xmin>92</xmin>
            <ymax>125</ymax>
            <ymin>117</ymin>
        </bndbox>
        <type>3</type>
        <direction>8</direction>
        <previous>18</previous>
    </vehicle>
    <vehicle>
        <id>19</id>
        <bndbox>
            <xmax>93</xmax>
            <xmin>85</xmin>
            <ymax>122</ymax>
            <ymin>115</ymin>
        </bndbox>
        <type>3</type>
        <direction>8</direction>
        <previous>19</previous>
    </vehicle>
    <vehicle>
        <id>20</id>
        <bndbox>
            <xmax>85</xmax>
            <xmin>77</xmin>
            <ymax>117</ymax>
            <ymin>110</ymin>
        </bndbox>
        <type>2</type>
        <direction>8</direction>
        <previous>20</previous>
    </vehicle>
    <vehicle>
        <id>21</id>
        <bndbox>
            <xmax>187</xmax>
            <xmin>154</xmin>
            <ymax>145</ymax>
            <ymin>127</ymin>
        </bndbox>
        <type>4</type>
        <direction>5</direction>
        <previous>21</previous>
    </vehicle>
    <vehicle>
        <id>22</id>
        <bndbox>
            <xmax>126</xmax>
            <xmin>111</xmin>
            <ymax>123</ymax>
            <ymin>113</ymin>
        </bndbox>
        <type>2</type>
        <direction>5</direction>
        <previous>22</previous>
    </vehicle>
    <vehicle>
        <id>23</id>
        <bndbox>
            <xmax>89</xmax>
            <xmin>80</xmin>
            <ymax>108</ymax>
            <ymin>103</ymin>
        </bndbox>
        <type>3</type>
        <direction>5</direction>
        <previous>23</previous>
    </vehicle>
    <vehicle>
        <id>24</id>
        <bndbox>
            <xmax>233</xmax>
            <xmin>199</xmin>
            <ymax>149</ymax>
            <ymin>130</ymin>
        </bndbox>
        <type>2</type>
        <direction>5</direction>
        <previous>0</previous>
    </vehicle>
    <vehicle>
        <id>25</id>
        <bndbox>
            <xmax>144</xmax>
            <xmin>130</xmin>
            <ymax>122</ymax>
            <ymin>113</ymin>
        </bndbox>
        <type>3</type>
        <direction>5</direction>
        <previous>24</previous>
    </vehicle>
    <vehicle>
        <id>26</id>
        <bndbox>
            <xmax>103</xmax>
            <xmin>95</xmin>
            <ymax>110</ymax>
            <ymin>103</ymin>
        </bndbox>
        <type>3</type>
        <direction>5</direction>
        <previous>25</previous>
    </vehicle>
</annotation>
