<annotation>
    <video>[Cam253]-2016_4_29_18h_150f.avi</video>
    <frame>000054</frame>
    <time>2016/04/29 18:01:19</time>
    <width>352</width>
    <height>240</height>
    <weather>1</weather>
    <facing>1</facing>
    <flow>2</flow>
    <vehicle>
        <id>1</id>
        <bndbox>
            <xmax>120</xmax>
            <xmin>84</xmin>
            <ymax>195</ymax>
            <ymin>161</ymin>
        </bndbox>
        <type>1</type>
        <direction>8</direction>
        <previous>1</previous>
    </vehicle>
    <vehicle>
        <id>2</id>
        <bndbox>
            <xmax>77</xmax>
            <xmin>63</xmin>
            <ymax>143</ymax>
            <ymin>128</ymin>
        </bndbox>
        <type>2</type>
        <direction>8</direction>
        <previous>2</previous>
    </vehicle>
    <vehicle>
        <id>3</id>
        <bndbox>
            <xmax>67</xmax>
            <xmin>55</xmin>
            <ymax>128</ymax>
            <ymin>117</ymin>
        </bndbox>
        <type>3</type>
        <direction>8</direction>
        <previous>3</previous>
    </vehicle>
    <vehicle>
        <id>4</id>
        <bndbox>
            <xmax>59</xmax>
            <xmin>52</xmin>
            <ymax>121</ymax>
            <ymin>113</ymin>
        </bndbox>
        <type>3</type>
        <direction>8</direction>
        <previous>4</previous>
    </vehicle>
    <vehicle>
        <id>5</id>
        <bndbox>
            <xmax>158</xmax>
            <xmin>119</xmin>
            <ymax>188</ymax>
            <ymin>154</ymin>
        </bndbox>
        <type>2</type>
        <direction>8</direction>
        <previous>6</previous>
    </vehicle>
    <vehicle>
        <id>6</id>
        <bndbox>
            <xmax>113</xmax>
            <xmin>93</xmin>
            <ymax>148</ymax>
            <ymin>134</ymin>
        </bndbox>
        <type>2</type>
        <direction>8</direction>
        <previous>7</previous>
    </vehicle>
    <vehicle>
        <id>7</id>
        <bndbox>
            <xmax>91</xmax>
            <xmin>78</xmin>
            <ymax>134</ymax>
            <ymin>123</ymin>
        </bndbox>
        <type>3</type>
        <direction>8</direction>
        <previous>8</previous>
    </vehicle>
    <vehicle>
        <id>8</id>
        <bndbox>
            <xmax>79</xmax>
            <xmin>68</xmin>
            <ymax>124</ymax>
            <ymin>115</ymin>
        </bndbox>
        <type>3</type>
        <direction>8</direction>
        <previous>9</previous>
    </vehicle>
    <vehicle>
        <id>9</id>
        <bndbox>
            <xmax>63</xmax>
            <xmin>55</xmin>
            <ymax>112</ymax>
            <ymin>105</ymin>
        </bndbox>
        <type>1</type>
        <direction>8</direction>
        <previous>0</previous>
    </vehicle>
    <vehicle>
        <id>10</id>
        <bndbox>
            <xmax>351</xmax>
            <xmin>264</xmin>
            <ymax>239</ymax>
            <ymin>191</ymin>
        </bndbox>
        <type>2</type>
        <direction>8</direction>
        <previous>10</previous>
    </vehicle>
    <vehicle>
        <id>11</id>
        <bndbox>
            <xmax>236</xmax>
            <xmin>186</xmin>
            <ymax>191</ymax>
            <ymin>157</ymin>
        </bndbox>
        <type>3</type>
        <direction>8</direction>
        <previous>11</previous>
    </vehicle>
    <vehicle>
        <id>12</id>
        <bndbox>
            <xmax>178</xmax>
            <xmin>143</xmin>
            <ymax>164</ymax>
            <ymin>141</ymin>
        </bndbox>
        <type>2</type>
        <direction>8</direction>
        <previous>12</previous>
    </vehicle>
    <vehicle>
        <id>13</id>
        <bndbox>
            <xmax>143</xmax>
            <xmin>119</xmin>
            <ymax>146</ymax>
            <ymin>130</ymin>
        </bndbox>
        <type>2</type>
        <direction>8</direction>
        <previous>13</previous>
    </vehicle>
    <vehicle>
        <id>14</id>
        <bndbox>
            <xmax>123</xmax>
            <xmin>105</xmin>
            <ymax>135</ymax>
            <ymin>122</ymin>
        </bndbox>
        <type>3</type>
        <direction>8</direction>
        <previous>14</previous>
    </vehicle>
    <vehicle>
        <id>15</id>
        <bndbox>
            <xmax>104</xmax>
            <xmin>92</xmin>
            <ymax>126</ymax>
            <ymin>118</ymin>
        </bndbox>
        <type>2</type>
        <direction>8</direction>
        <previous>15</previous>
    </vehicle>
    <vehicle>
        <id>16</id>
        <bndbox>
            <xmax>88</xmax>
            <xmin>80</xmin>
            <ymax>116</ymax>
            <ymin>112</ymin>
        </bndbox>
        <type>3</type>
        <direction>8</direction>
        <previous>16</previous>
    </vehicle>
    <vehicle>
        <id>17</id>
        <bndbox>
            <xmax>80</xmax>
            <xmin>73</xmin>
            <ymax>115</ymax>
            <ymin>109</ymin>
        </bndbox>
        <type>3</type>
        <direction>8</direction>
        <previous>17</previous>
    </vehicle>
    <vehicle>
        <id>18</id>
        <bndbox>
            <xmax>75</xmax>
            <xmin>67</xmin>
            <ymax>111</ymax>
            <ymin>106</ymin>
        </bndbox>
        <type>3</type>
        <direction>8</direction>
        <previous>0</previous>
    </vehicle>
    <vehicle>
        <id>19</id>
        <bndbox>
            <xmax>258</xmax>
            <xmin>217</xmin>
            <ymax>167</ymax>
            <ymin>144</ymin>
        </bndbox>
        <type>2</type>
        <direction>5</direction>
        <previous>0</previous>
    </vehicle>
    <vehicle>
        <id>20</id>
        <bndbox>
            <xmax>153</xmax>
            <xmin>133</xmin>
            <ymax>132</ymax>
            <ymin>121</ymin>
        </bndbox>
        <type>2</type>
        <direction>5</direction>
        <previous>18</previous>
    </vehicle>
    <vehicle>
        <id>21</id>
        <bndbox>
            <xmax>108</xmax>
            <xmin>98</xmin>
            <ymax>115</ymax>
            <ymin>108</ymin>
        </bndbox>
        <type>3</type>
        <direction>5</direction>
        <previous>19</previous>
    </vehicle>
    <vehicle>
        <id>22</id>
        <bndbox>
            <xmax>351</xmax>
            <xmin>305</xmin>
            <ymax>185</ymax>
            <ymin>158</ymin>
        </bndbox>
        <type>2</type>
        <direction>5</direction>
        <previous>0</previous>
    </vehicle>
    <vehicle>
        <id>23</id>
        <bndbox>
            <xmax>177</xmax>
            <xmin>159</xmin>
            <ymax>131</ymax>
            <ymin>121</ymin>
        </bndbox>
        <type>3</type>
        <direction>5</direction>
        <previous>20</previous>
    </vehicle>
    <vehicle>
        <id>24</id>
        <bndbox>
            <xmax>110</xmax>
            <xmin>100</xmin>
            <ymax>111</ymax>
            <ymin>106</ymin>
        </bndbox>
        <type>3</type>
        <direction>5</direction>
        <previous>21</previous>
    </vehicle>
    <vehicle>
        <id>25</id>
        <bndbox>
            <xmax>331</xmax>
            <xmin>281</xmin>
            <ymax>162</ymax>
            <ymin>142</ymin>
        </bndbox>
        <type>2</type>
        <direction>5</direction>
        <previous>0</previous>
    </vehicle>
    <vehicle>
        <id>26</id>
        <bndbox>
            <xmax>142</xmax>
            <xmin>130</xmin>
            <ymax>116</ymax>
            <ymin>108</ymin>
        </bndbox>
        <type>2</type>
        <direction>5</direction>
        <previous>22</previous>
    </vehicle>
</annotation>
