<annotation>
    <video>[Cam253]-2016_4_29_18h_150f.avi</video>
    <frame>000092</frame>
    <time>2016/04/29 18:02:02</time>
    <width>352</width>
    <height>240</height>
    <weather>1</weather>
    <facing>1</facing>
    <flow>2</flow>
    <vehicle>
        <id>1</id>
        <bndbox>
            <xmax>196</xmax>
            <xmin>128</xmin>
            <ymax>239</ymax>
            <ymin>213</ymin>
        </bndbox>
        <type>3</type>
        <direction>8</direction>
        <previous>1</previous>
    </vehicle>
    <vehicle>
        <id>2</id>
        <bndbox>
            <xmax>138</xmax>
            <xmin>65</xmin>
            <ymax>207</ymax>
            <ymin>129</ymin>
        </bndbox>
        <type>8</type>
        <direction>8</direction>
        <previous>2</previous>
    </vehicle>
    <vehicle>
        <id>3</id>
        <bndbox>
            <xmax>72</xmax>
            <xmin>58</xmin>
            <ymax>136</ymax>
            <ymin>123</ymin>
        </bndbox>
        <type>2</type>
        <direction>8</direction>
        <previous>3</previous>
    </vehicle>
    <vehicle>
        <id>4</id>
        <bndbox>
            <xmax>63</xmax>
            <xmin>52</xmin>
            <ymax>125</ymax>
            <ymin>115</ymin>
        </bndbox>
        <type>1</type>
        <direction>8</direction>
        <previous>4</previous>
    </vehicle>
    <vehicle>
        <id>5</id>
        <bndbox>
            <xmax>56</xmax>
            <xmin>48</xmin>
            <ymax>118</ymax>
            <ymin>110</ymin>
        </bndbox>
        <type>2</type>
        <direction>8</direction>
        <previous>5</previous>
    </vehicle>
    <vehicle>
        <id>6</id>
        <bndbox>
            <xmax>54</xmax>
            <xmin>46</xmin>
            <ymax>112</ymax>
            <ymin>107</ymin>
        </bndbox>
        <type>2</type>
        <direction>8</direction>
        <previous>0</previous>
    </vehicle>
    <vehicle>
        <id>7</id>
        <bndbox>
            <xmax>236</xmax>
            <xmin>165</xmin>
            <ymax>230</ymax>
            <ymin>177</ymin>
        </bndbox>
        <type>2</type>
        <direction>8</direction>
        <previous>6</previous>
    </vehicle>
    <vehicle>
        <id>8</id>
        <bndbox>
            <xmax>157</xmax>
            <xmin>126</xmin>
            <ymax>178</ymax>
            <ymin>148</ymin>
        </bndbox>
        <type>3</type>
        <direction>8</direction>
        <previous>7</previous>
    </vehicle>
    <vehicle>
        <id>9</id>
        <bndbox>
            <xmax>128</xmax>
            <xmin>108</xmin>
            <ymax>152</ymax>
            <ymin>138</ymin>
        </bndbox>
        <type>2</type>
        <direction>8</direction>
        <previous>8</previous>
    </vehicle>
    <vehicle>
        <id>10</id>
        <bndbox>
            <xmax>106</xmax>
            <xmin>89</xmin>
            <ymax>140</ymax>
            <ymin>125</ymin>
        </bndbox>
        <type>3</type>
        <direction>8</direction>
        <previous>9</previous>
    </vehicle>
    <vehicle>
        <id>11</id>
        <bndbox>
            <xmax>93</xmax>
            <xmin>78</xmin>
            <ymax>129</ymax>
            <ymin>122</ymin>
        </bndbox>
        <type>2</type>
        <direction>7</direction>
        <previous>10</previous>
    </vehicle>
    <vehicle>
        <id>12</id>
        <bndbox>
            <xmax>80</xmax>
            <xmin>70</xmin>
            <ymax>123</ymax>
            <ymin>114</ymin>
        </bndbox>
        <type>2</type>
        <direction>8</direction>
        <previous>11</previous>
    </vehicle>
    <vehicle>
        <id>13</id>
        <bndbox>
            <xmax>72</xmax>
            <xmin>63</xmin>
            <ymax>119</ymax>
            <ymin>110</ymin>
        </bndbox>
        <type>3</type>
        <direction>8</direction>
        <previous>12</previous>
    </vehicle>
    <vehicle>
        <id>14</id>
        <bndbox>
            <xmax>65</xmax>
            <xmin>59</xmin>
            <ymax>115</ymax>
            <ymin>109</ymin>
        </bndbox>
        <type>2</type>
        <direction>8</direction>
        <previous>13</previous>
    </vehicle>
    <vehicle>
        <id>15</id>
        <bndbox>
            <xmax>63</xmax>
            <xmin>56</xmin>
            <ymax>111</ymax>
            <ymin>105</ymin>
        </bndbox>
        <type>3</type>
        <direction>8</direction>
        <previous>0</previous>
    </vehicle>
    <vehicle>
        <id>16</id>
        <bndbox>
            <xmax>214</xmax>
            <xmin>177</xmin>
            <ymax>154</ymax>
            <ymin>137</ymin>
        </bndbox>
        <type>1</type>
        <direction>5</direction>
        <previous>24</previous>
    </vehicle>
    <vehicle>
        <id>17</id>
        <bndbox>
            <xmax>87</xmax>
            <xmin>79</xmin>
            <ymax>110</ymax>
            <ymin>104</ymin>
        </bndbox>
        <type>2</type>
        <direction>5</direction>
        <previous>26</previous>
    </vehicle>
    <vehicle>
        <id>18</id>
        <bndbox>
            <xmax>335</xmax>
            <xmin>283</xmin>
            <ymax>177</ymax>
            <ymin>151</ymin>
        </bndbox>
        <type>3</type>
        <direction>5</direction>
        <previous>0</previous>
    </vehicle>
    <vehicle>
        <id>19</id>
        <bndbox>
            <xmax>239</xmax>
            <xmin>208</xmin>
            <ymax>141</ymax>
            <ymin>125</ymin>
        </bndbox>
        <type>2</type>
        <direction>5</direction>
        <previous>0</previous>
    </vehicle>
    <vehicle>
        <id>20</id>
        <bndbox>
            <xmax>108</xmax>
            <xmin>98</xmin>
            <ymax>110</ymax>
            <ymin>103</ymin>
        </bndbox>
        <type>3</type>
        <direction>5</direction>
        <previous>25</previous>
    </vehicle>
    <vehicle>
        <id>21</id>
        <bndbox>
            <xmax>336</xmax>
            <xmin>247</xmin>
            <ymax>239</ymax>
            <ymin>189</ymin>
        </bndbox>
        <type>3</type>
        <direction>8</direction>
        <previous>14</previous>
    </vehicle>
    <vehicle>
        <id>22</id>
        <bndbox>
            <xmax>228</xmax>
            <xmin>180</xmin>
            <ymax>188</ymax>
            <ymin>160</ymin>
        </bndbox>
        <type>3</type>
        <direction>8</direction>
        <previous>15</previous>
    </vehicle>
    <vehicle>
        <id>23</id>
        <bndbox>
            <xmax>168</xmax>
            <xmin>139</xmin>
            <ymax>156</ymax>
            <ymin>133</ymin>
        </bndbox>
        <type>3</type>
        <direction>8</direction>
        <previous>16</previous>
    </vehicle>
    <vehicle>
        <id>24</id>
        <bndbox>
            <xmax>139</xmax>
            <xmin>118</xmin>
            <ymax>144</ymax>
            <ymin>129</ymin>
        </bndbox>
        <type>3</type>
        <direction>8</direction>
        <previous>17</previous>
    </vehicle>
    <vehicle>
        <id>25</id>
        <bndbox>
            <xmax>121</xmax>
            <xmin>106</xmin>
            <ymax>135</ymax>
            <ymin>122</ymin>
        </bndbox>
        <type>2</type>
        <direction>8</direction>
        <previous>18</previous>
    </vehicle>
    <vehicle>
        <id>26</id>
        <bndbox>
            <xmax>113</xmax>
            <xmin>98</xmin>
            <ymax>130</ymax>
            <ymin>120</ymin>
        </bndbox>
        <type>2</type>
        <direction>8</direction>
        <previous>19</previous>
    </vehicle>
    <vehicle>
        <id>27</id>
        <bndbox>
            <xmax>100</xmax>
            <xmin>86</xmin>
            <ymax>123</ymax>
            <ymin>115</ymin>
        </bndbox>
        <type>2</type>
        <direction>8</direction>
        <previous>20</previous>
    </vehicle>
    <vehicle>
        <id>28</id>
        <bndbox>
            <xmax>87</xmax>
            <xmin>77</xmin>
            <ymax>118</ymax>
            <ymin>110</ymin>
        </bndbox>
        <type>3</type>
        <direction>8</direction>
        <previous>21</previous>
    </vehicle>
    <vehicle>
        <id>29</id>
        <bndbox>
            <xmax>78</xmax>
            <xmin>70</xmin>
            <ymax>114</ymax>
            <ymin>107</ymin>
        </bndbox>
        <type>3</type>
        <direction>8</direction>
        <previous>22</previous>
    </vehicle>
    <vehicle>
        <id>30</id>
        <bndbox>
            <xmax>71</xmax>
            <xmin>64</xmin>
            <ymax>111</ymax>
            <ymin>103</ymin>
        </bndbox>
        <type>3</type>
        <direction>8</direction>
        <previous>23</previous>
    </vehicle>
</annotation>
