<annotation>
    <video>[Cam253]-2016_4_29_18h_150f.avi</video>
    <frame>000004</frame>
    <time>2016/04/29 18:00:24</time>
    <width>352</width>
    <height>240</height>
    <weather>1</weather>
    <facing>1</facing>
    <flow>2</flow>
    <vehicle>
        <id>1</id>
        <bndbox>
            <xmax>190</xmax>
            <xmin>124</xmin>
            <ymax>239</ymax>
            <ymin>213</ymin>
        </bndbox>
        <type>2</type>
        <direction>8</direction>
        <previous>1</previous>
    </vehicle>
    <vehicle>
        <id>2</id>
        <bndbox>
            <xmax>112</xmax>
            <xmin>82</xmin>
            <ymax>183</ymax>
            <ymin>157</ymin>
        </bndbox>
        <type>3</type>
        <direction>8</direction>
        <previous>2</previous>
    </vehicle>
    <vehicle>
        <id>3</id>
        <bndbox>
            <xmax>80</xmax>
            <xmin>63</xmin>
            <ymax>145</ymax>
            <ymin>129</ymin>
        </bndbox>
        <type>2</type>
        <direction>8</direction>
        <previous>3</previous>
    </vehicle>
    <vehicle>
        <id>4</id>
        <bndbox>
            <xmax>70</xmax>
            <xmin>59</xmin>
            <ymax>132</ymax>
            <ymin>123</ymin>
        </bndbox>
        <type>2</type>
        <direction>8</direction>
        <previous>4</previous>
    </vehicle>
    <vehicle>
        <id>5</id>
        <bndbox>
            <xmax>61</xmax>
            <xmin>52</xmin>
            <ymax>123</ymax>
            <ymin>117</ymin>
        </bndbox>
        <type>1</type>
        <direction>8</direction>
        <previous>5</previous>
    </vehicle>
    <vehicle>
        <id>6</id>
        <bndbox>
            <xmax>52</xmax>
            <xmin>44</xmin>
            <ymax>116</ymax>
            <ymin>108</ymin>
        </bndbox>
        <type>2</type>
        <direction>8</direction>
        <previous>6</previous>
    </vehicle>
    <vehicle>
        <id>7</id>
        <bndbox>
            <xmax>235</xmax>
            <xmin>166</xmin>
            <ymax>238</ymax>
            <ymin>187</ymin>
        </bndbox>
        <type>2</type>
        <direction>8</direction>
        <previous>7</previous>
    </vehicle>
    <vehicle>
        <id>8</id>
        <bndbox>
            <xmax>117</xmax>
            <xmin>93</xmin>
            <ymax>153</ymax>
            <ymin>136</ymin>
        </bndbox>
        <type>1</type>
        <direction>8</direction>
        <previous>8</previous>
    </vehicle>
    <vehicle>
        <id>9</id>
        <bndbox>
            <xmax>95</xmax>
            <xmin>75</xmin>
            <ymax>133</ymax>
            <ymin>120</ymin>
        </bndbox>
        <type>2</type>
        <direction>8</direction>
        <previous>9</previous>
    </vehicle>
    <vehicle>
        <id>10</id>
        <bndbox>
            <xmax>81</xmax>
            <xmin>68</xmin>
            <ymax>124</ymax>
            <ymin>116</ymin>
        </bndbox>
        <type>2</type>
        <direction>8</direction>
        <previous>10</previous>
    </vehicle>
    <vehicle>
        <id>11</id>
        <bndbox>
            <xmax>72</xmax>
            <xmin>62</xmin>
            <ymax>119</ymax>
            <ymin>112</ymin>
        </bndbox>
        <type>3</type>
        <direction>8</direction>
        <previous>11</previous>
    </vehicle>
    <vehicle>
        <id>12</id>
        <bndbox>
            <xmax>65</xmax>
            <xmin>57</xmin>
            <ymax>113</ymax>
            <ymin>108</ymin>
        </bndbox>
        <type>2</type>
        <direction>8</direction>
        <previous>12</previous>
    </vehicle>
    <vehicle>
        <id>13</id>
        <bndbox>
            <xmax>64</xmax>
            <xmin>55</xmin>
            <ymax>111</ymax>
            <ymin>106</ymin>
        </bndbox>
        <type>1</type>
        <direction>8</direction>
        <previous>0</previous>
    </vehicle>
    <vehicle>
        <id>14</id>
        <bndbox>
            <xmax>351</xmax>
            <xmin>272</xmin>
            <ymax>239</ymax>
            <ymin>191</ymin>
        </bndbox>
        <type>3</type>
        <direction>8</direction>
        <previous>13</previous>
    </vehicle>
    <vehicle>
        <id>15</id>
        <bndbox>
            <xmax>176</xmax>
            <xmin>142</xmin>
            <ymax>163</ymax>
            <ymin>142</ymin>
        </bndbox>
        <type>3</type>
        <direction>8</direction>
        <previous>14</previous>
    </vehicle>
    <vehicle>
        <id>16</id>
        <bndbox>
            <xmax>136</xmax>
            <xmin>111</xmin>
            <ymax>143</ymax>
            <ymin>130</ymin>
        </bndbox>
        <type>2</type>
        <direction>8</direction>
        <previous>15</previous>
    </vehicle>
    <vehicle>
        <id>17</id>
        <bndbox>
            <xmax>116</xmax>
            <xmin>99</xmin>
            <ymax>131</ymax>
            <ymin>119</ymin>
        </bndbox>
        <type>3</type>
        <direction>8</direction>
        <previous>16</previous>
    </vehicle>
    <vehicle>
        <id>18</id>
        <bndbox>
            <xmax>97</xmax>
            <xmin>84</xmin>
            <ymax>122</ymax>
            <ymin>113</ymin>
        </bndbox>
        <type>3</type>
        <direction>8</direction>
        <previous>17</previous>
    </vehicle>
    <vehicle>
        <id>19</id>
        <bndbox>
            <xmax>79</xmax>
            <xmin>70</xmin>
            <ymax>114</ymax>
            <ymin>109</ymin>
        </bndbox>
        <type>2</type>
        <direction>8</direction>
        <previous>18</previous>
    </vehicle>
    <vehicle>
        <id>20</id>
        <bndbox>
            <xmax>76</xmax>
            <xmin>69</xmin>
            <ymax>110</ymax>
            <ymin>107</ymin>
        </bndbox>
        <type>3</type>
        <direction>8</direction>
        <previous>19</previous>
    </vehicle>
    <vehicle>
        <id>21</id>
        <bndbox>
            <xmax>69</xmax>
            <xmin>64</xmin>
            <ymax>109</ymax>
            <ymin>104</ymin>
        </bndbox>
        <type>2</type>
        <direction>8</direction>
        <previous>0</previous>
    </vehicle>
    <vehicle>
        <id>22</id>
        <bndbox>
            <xmax>118</xmax>
            <xmin>108</xmin>
            <ymax>119</ymax>
            <ymin>113</ymin>
        </bndbox>
        <type>3</type>
        <direction>5</direction>
        <previous>21</previous>
    </vehicle>
    <vehicle>
        <id>23</id>
        <bndbox>
            <xmax>88</xmax>
            <xmin>81</xmin>
            <ymax>109</ymax>
            <ymin>104</ymin>
        </bndbox>
        <type>1</type>
        <direction>5</direction>
        <previous>22</previous>
    </vehicle>
    <vehicle>
        <id>24</id>
        <bndbox>
            <xmax>348</xmax>
            <xmin>287</xmin>
            <ymax>183</ymax>
            <ymin>149</ymin>
        </bndbox>
        <type>3</type>
        <direction>5</direction>
        <previous>0</previous>
    </vehicle>
    <vehicle>
        <id>25</id>
        <bndbox>
            <xmax>160</xmax>
            <xmin>143</xmin>
            <ymax>127</ymax>
            <ymin>117</ymin>
        </bndbox>
        <type>2</type>
        <direction>5</direction>
        <previous>24</previous>
    </vehicle>
    <vehicle>
        <id>26</id>
        <bndbox>
            <xmax>103</xmax>
            <xmin>95</xmin>
            <ymax>109</ymax>
            <ymin>103</ymin>
        </bndbox>
        <type>2</type>
        <direction>5</direction>
        <previous>26</previous>
    </vehicle>
    <vehicle>
        <id>27</id>
        <bndbox>
            <xmax>215</xmax>
            <xmin>189</xmin>
            <ymax>137</ymax>
            <ymin>126</ymin>
        </bndbox>
        <type>2</type>
        <direction>5</direction>
        <previous>27</previous>
    </vehicle>
    <vehicle>
        <id>28</id>
        <bndbox>
            <xmax>175</xmax>
            <xmin>156</xmin>
            <ymax>125</ymax>
            <ymin>115</ymin>
        </bndbox>
        <type>2</type>
        <direction>5</direction>
        <previous>28</previous>
    </vehicle>
    <vehicle>
        <id>29</id>
        <bndbox>
            <xmax>117</xmax>
            <xmin>102</xmin>
            <ymax>112</ymax>
            <ymin>102</ymin>
        </bndbox>
        <type>5</type>
        <direction>5</direction>
        <previous>29</previous>
    </vehicle>
</annotation>
