<annotation>
    <video>[Cam253]-2016_4_29_18h_150f.avi</video>
    <frame>000093</frame>
    <time>2016/04/29 18:02:03</time>
    <width>352</width>
    <height>240</height>
    <weather>1</weather>
    <facing>1</facing>
    <flow>2</flow>
    <vehicle>
        <id>1</id>
        <bndbox>
            <xmax>159</xmax>
            <xmin>67</xmin>
            <ymax>230</ymax>
            <ymin>133</ymin>
        </bndbox>
        <type>8</type>
        <direction>8</direction>
        <previous>2</previous>
    </vehicle>
    <vehicle>
        <id>2</id>
        <bndbox>
            <xmax>73</xmax>
            <xmin>58</xmin>
            <ymax>138</ymax>
            <ymin>125</ymin>
        </bndbox>
        <type>2</type>
        <direction>8</direction>
        <previous>3</previous>
    </vehicle>
    <vehicle>
        <id>3</id>
        <bndbox>
            <xmax>65</xmax>
            <xmin>54</xmin>
            <ymax>127</ymax>
            <ymin>117</ymin>
        </bndbox>
        <type>1</type>
        <direction>8</direction>
        <previous>4</previous>
    </vehicle>
    <vehicle>
        <id>4</id>
        <bndbox>
            <xmax>57</xmax>
            <xmin>47</xmin>
            <ymax>120</ymax>
            <ymin>112</ymin>
        </bndbox>
        <type>2</type>
        <direction>8</direction>
        <previous>5</previous>
    </vehicle>
    <vehicle>
        <id>5</id>
        <bndbox>
            <xmax>56</xmax>
            <xmin>48</xmin>
            <ymax>114</ymax>
            <ymin>107</ymin>
        </bndbox>
        <type>2</type>
        <direction>8</direction>
        <previous>6</previous>
    </vehicle>
    <vehicle>
        <id>6</id>
        <bndbox>
            <xmax>261</xmax>
            <xmin>180</xmin>
            <ymax>239</ymax>
            <ymin>187</ymin>
        </bndbox>
        <type>2</type>
        <direction>8</direction>
        <previous>7</previous>
    </vehicle>
    <vehicle>
        <id>7</id>
        <bndbox>
            <xmax>168</xmax>
            <xmin>130</xmin>
            <ymax>186</ymax>
            <ymin>151</ymin>
        </bndbox>
        <type>3</type>
        <direction>8</direction>
        <previous>8</previous>
    </vehicle>
    <vehicle>
        <id>8</id>
        <bndbox>
            <xmax>132</xmax>
            <xmin>111</xmin>
            <ymax>159</ymax>
            <ymin>142</ymin>
        </bndbox>
        <type>2</type>
        <direction>8</direction>
        <previous>9</previous>
    </vehicle>
    <vehicle>
        <id>9</id>
        <bndbox>
            <xmax>110</xmax>
            <xmin>86</xmin>
            <ymax>143</ymax>
            <ymin>129</ymin>
        </bndbox>
        <type>3</type>
        <direction>8</direction>
        <previous>10</previous>
    </vehicle>
    <vehicle>
        <id>10</id>
        <bndbox>
            <xmax>95</xmax>
            <xmin>81</xmin>
            <ymax>135</ymax>
            <ymin>123</ymin>
        </bndbox>
        <type>2</type>
        <direction>7</direction>
        <previous>11</previous>
    </vehicle>
    <vehicle>
        <id>11</id>
        <bndbox>
            <xmax>84</xmax>
            <xmin>72</xmin>
            <ymax>124</ymax>
            <ymin>117</ymin>
        </bndbox>
        <type>2</type>
        <direction>8</direction>
        <previous>12</previous>
    </vehicle>
    <vehicle>
        <id>12</id>
        <bndbox>
            <xmax>75</xmax>
            <xmin>64</xmin>
            <ymax>121</ymax>
            <ymin>113</ymin>
        </bndbox>
        <type>3</type>
        <direction>8</direction>
        <previous>13</previous>
    </vehicle>
    <vehicle>
        <id>13</id>
        <bndbox>
            <xmax>68</xmax>
            <xmin>60</xmin>
            <ymax>116</ymax>
            <ymin>110</ymin>
        </bndbox>
        <type>2</type>
        <direction>8</direction>
        <previous>14</previous>
    </vehicle>
    <vehicle>
        <id>14</id>
        <bndbox>
            <xmax>65</xmax>
            <xmin>55</xmin>
            <ymax>113</ymax>
            <ymin>106</ymin>
        </bndbox>
        <type>3</type>
        <direction>8</direction>
        <previous>15</previous>
    </vehicle>
    <vehicle>
        <id>15</id>
        <bndbox>
            <xmax>341</xmax>
            <xmin>252</xmin>
            <ymax>239</ymax>
            <ymin>191</ymin>
        </bndbox>
        <type>3</type>
        <direction>8</direction>
        <previous>21</previous>
    </vehicle>
    <vehicle>
        <id>16</id>
        <bndbox>
            <xmax>240</xmax>
            <xmin>189</xmin>
            <ymax>193</ymax>
            <ymin>165</ymin>
        </bndbox>
        <type>3</type>
        <direction>8</direction>
        <previous>22</previous>
    </vehicle>
    <vehicle>
        <id>17</id>
        <bndbox>
            <xmax>175</xmax>
            <xmin>143</xmin>
            <ymax>161</ymax>
            <ymin>137</ymin>
        </bndbox>
        <type>3</type>
        <direction>8</direction>
        <previous>23</previous>
    </vehicle>
    <vehicle>
        <id>18</id>
        <bndbox>
            <xmax>144</xmax>
            <xmin>120</xmin>
            <ymax>148</ymax>
            <ymin>132</ymin>
        </bndbox>
        <type>3</type>
        <direction>8</direction>
        <previous>24</previous>
    </vehicle>
    <vehicle>
        <id>19</id>
        <bndbox>
            <xmax>121</xmax>
            <xmin>103</xmin>
            <ymax>134</ymax>
            <ymin>121</ymin>
        </bndbox>
        <type>2</type>
        <direction>8</direction>
        <previous>25</previous>
    </vehicle>
    <vehicle>
        <id>20</id>
        <bndbox>
            <xmax>112</xmax>
            <xmin>98</xmin>
            <ymax>129</ymax>
            <ymin>119</ymin>
        </bndbox>
        <type>2</type>
        <direction>8</direction>
        <previous>26</previous>
    </vehicle>
    <vehicle>
        <id>21</id>
        <bndbox>
            <xmax>101</xmax>
            <xmin>89</xmin>
            <ymax>124</ymax>
            <ymin>116</ymin>
        </bndbox>
        <type>2</type>
        <direction>8</direction>
        <previous>27</previous>
    </vehicle>
    <vehicle>
        <id>22</id>
        <bndbox>
            <xmax>91</xmax>
            <xmin>79</xmin>
            <ymax>118</ymax>
            <ymin>110</ymin>
        </bndbox>
        <type>3</type>
        <direction>8</direction>
        <previous>28</previous>
    </vehicle>
    <vehicle>
        <id>23</id>
        <bndbox>
            <xmax>82</xmax>
            <xmin>71</xmin>
            <ymax>114</ymax>
            <ymin>107</ymin>
        </bndbox>
        <type>3</type>
        <direction>8</direction>
        <previous>29</previous>
    </vehicle>
    <vehicle>
        <id>24</id>
        <bndbox>
            <xmax>72</xmax>
            <xmin>65</xmin>
            <ymax>112</ymax>
            <ymin>105</ymin>
        </bndbox>
        <type>2</type>
        <direction>8</direction>
        <previous>0</previous>
    </vehicle>
    <vehicle>
        <id>25</id>
        <bndbox>
            <xmax>231</xmax>
            <xmin>197</xmin>
            <ymax>155</ymax>
            <ymin>138</ymin>
        </bndbox>
        <type>3</type>
        <direction>5</direction>
        <previous>0</previous>
    </vehicle>
    <vehicle>
        <id>26</id>
        <bndbox>
            <xmax>144</xmax>
            <xmin>125</xmin>
            <ymax>131</ymax>
            <ymin>118</ymin>
        </bndbox>
        <type>1</type>
        <direction>5</direction>
        <previous>16</previous>
    </vehicle>
    <vehicle>
        <id>27</id>
        <bndbox>
            <xmax>172</xmax>
            <xmin>152</xmin>
            <ymax>130</ymax>
            <ymin>118</ymin>
        </bndbox>
        <type>3</type>
        <direction>5</direction>
        <previous>18</previous>
    </vehicle>
    <vehicle>
        <id>28</id>
        <bndbox>
            <xmax>160</xmax>
            <xmin>143</xmin>
            <ymax>121</ymax>
            <ymin>112</ymin>
        </bndbox>
        <type>2</type>
        <direction>5</direction>
        <previous>19</previous>
    </vehicle>
    <vehicle>
        <id>29</id>
        <bndbox>
            <xmax>93</xmax>
            <xmin>84</xmin>
            <ymax>107</ymax>
            <ymin>101</ymin>
        </bndbox>
        <type>3</type>
        <direction>5</direction>
        <previous>20</previous>
    </vehicle>
</annotation>
