<annotation>
    <video>[Cam253]-2016_4_29_18h_150f.avi</video>
    <frame>000048</frame>
    <time>2016/04/29 18:01:12</time>
    <width>352</width>
    <height>240</height>
    <weather>1</weather>
    <facing>1</facing>
    <flow>2</flow>
    <vehicle>
        <id>1</id>
        <bndbox>
            <xmax>170</xmax>
            <xmin>104</xmin>
            <ymax>239</ymax>
            <ymin>194</ymin>
        </bndbox>
        <type>2</type>
        <direction>8</direction>
        <previous>1</previous>
    </vehicle>
    <vehicle>
        <id>2</id>
        <bndbox>
            <xmax>87</xmax>
            <xmin>68</xmin>
            <ymax>162</ymax>
            <ymin>143</ymin>
        </bndbox>
        <type>2</type>
        <direction>8</direction>
        <previous>2</previous>
    </vehicle>
    <vehicle>
        <id>3</id>
        <bndbox>
            <xmax>77</xmax>
            <xmin>61</xmin>
            <ymax>142</ymax>
            <ymin>127</ymin>
        </bndbox>
        <type>2</type>
        <direction>8</direction>
        <previous>3</previous>
    </vehicle>
    <vehicle>
        <id>4</id>
        <bndbox>
            <xmax>68</xmax>
            <xmin>56</xmin>
            <ymax>127</ymax>
            <ymin>117</ymin>
        </bndbox>
        <type>1</type>
        <direction>8</direction>
        <previous>4</previous>
    </vehicle>
    <vehicle>
        <id>5</id>
        <bndbox>
            <xmax>60</xmax>
            <xmin>51</xmin>
            <ymax>120</ymax>
            <ymin>114</ymin>
        </bndbox>
        <type>2</type>
        <direction>8</direction>
        <previous>5</previous>
    </vehicle>
    <vehicle>
        <id>6</id>
        <bndbox>
            <xmax>56</xmax>
            <xmin>47</xmin>
            <ymax>118</ymax>
            <ymin>110</ymin>
        </bndbox>
        <type>3</type>
        <direction>8</direction>
        <previous>6</previous>
    </vehicle>
    <vehicle>
        <id>7</id>
        <bndbox>
            <xmax>51</xmax>
            <xmin>46</xmin>
            <ymax>113</ymax>
            <ymin>107</ymin>
        </bndbox>
        <type>3</type>
        <direction>8</direction>
        <previous>0</previous>
    </vehicle>
    <vehicle>
        <id>8</id>
        <bndbox>
            <xmax>218</xmax>
            <xmin>158</xmin>
            <ymax>225</ymax>
            <ymin>181</ymin>
        </bndbox>
        <type>2</type>
        <direction>8</direction>
        <previous>7</previous>
    </vehicle>
    <vehicle>
        <id>9</id>
        <bndbox>
            <xmax>123</xmax>
            <xmin>97</xmin>
            <ymax>159</ymax>
            <ymin>140</ymin>
        </bndbox>
        <type>3</type>
        <direction>8</direction>
        <previous>8</previous>
    </vehicle>
    <vehicle>
        <id>10</id>
        <bndbox>
            <xmax>87</xmax>
            <xmin>72</xmin>
            <ymax>129</ymax>
            <ymin>119</ymin>
        </bndbox>
        <type>2</type>
        <direction>8</direction>
        <previous>9</previous>
    </vehicle>
    <vehicle>
        <id>11</id>
        <bndbox>
            <xmax>77</xmax>
            <xmin>67</xmin>
            <ymax>121</ymax>
            <ymin>113</ymin>
        </bndbox>
        <type>2</type>
        <direction>8</direction>
        <previous>10</previous>
    </vehicle>
    <vehicle>
        <id>12</id>
        <bndbox>
            <xmax>68</xmax>
            <xmin>60</xmin>
            <ymax>115</ymax>
            <ymin>108</ymin>
        </bndbox>
        <type>3</type>
        <direction>8</direction>
        <previous>11</previous>
    </vehicle>
    <vehicle>
        <id>13</id>
        <bndbox>
            <xmax>351</xmax>
            <xmin>276</xmin>
            <ymax>239</ymax>
            <ymin>195</ymin>
        </bndbox>
        <type>2</type>
        <direction>8</direction>
        <previous>12</previous>
    </vehicle>
    <vehicle>
        <id>14</id>
        <bndbox>
            <xmax>233</xmax>
            <xmin>183</xmin>
            <ymax>193</ymax>
            <ymin>156</ymin>
        </bndbox>
        <type>2</type>
        <direction>8</direction>
        <previous>13</previous>
    </vehicle>
    <vehicle>
        <id>15</id>
        <bndbox>
            <xmax>169</xmax>
            <xmin>139</xmin>
            <ymax>157</ymax>
            <ymin>137</ymin>
        </bndbox>
        <type>3</type>
        <direction>8</direction>
        <previous>14</previous>
    </vehicle>
    <vehicle>
        <id>16</id>
        <bndbox>
            <xmax>132</xmax>
            <xmin>110</xmin>
            <ymax>140</ymax>
            <ymin>126</ymin>
        </bndbox>
        <type>2</type>
        <direction>8</direction>
        <previous>15</previous>
    </vehicle>
    <vehicle>
        <id>17</id>
        <bndbox>
            <xmax>105</xmax>
            <xmin>93</xmin>
            <ymax>127</ymax>
            <ymin>119</ymin>
        </bndbox>
        <type>2</type>
        <direction>8</direction>
        <previous>16</previous>
    </vehicle>
    <vehicle>
        <id>18</id>
        <bndbox>
            <xmax>95</xmax>
            <xmin>85</xmin>
            <ymax>120</ymax>
            <ymin>112</ymin>
        </bndbox>
        <type>3</type>
        <direction>8</direction>
        <previous>17</previous>
    </vehicle>
    <vehicle>
        <id>19</id>
        <bndbox>
            <xmax>85</xmax>
            <xmin>76</xmin>
            <ymax>117</ymax>
            <ymin>111</ymin>
        </bndbox>
        <type>2</type>
        <direction>8</direction>
        <previous>18</previous>
    </vehicle>
    <vehicle>
        <id>20</id>
        <bndbox>
            <xmax>78</xmax>
            <xmin>70</xmin>
            <ymax>113</ymax>
            <ymin>107</ymin>
        </bndbox>
        <type>3</type>
        <direction>8</direction>
        <previous>19</previous>
    </vehicle>
    <vehicle>
        <id>21</id>
        <bndbox>
            <xmax>351</xmax>
            <xmin>292</xmin>
            <ymax>204</ymax>
            <ymin>167</ymin>
        </bndbox>
        <type>3</type>
        <direction>5</direction>
        <previous>0</previous>
    </vehicle>
    <vehicle>
        <id>22</id>
        <bndbox>
            <xmax>100</xmax>
            <xmin>90</xmin>
            <ymax>114</ymax>
            <ymin>108</ymin>
        </bndbox>
        <type>3</type>
        <direction>5</direction>
        <previous>20</previous>
    </vehicle>
    <vehicle>
        <id>23</id>
        <bndbox>
            <xmax>229</xmax>
            <xmin>198</xmin>
            <ymax>144</ymax>
            <ymin>131</ymin>
        </bndbox>
        <type>3</type>
        <direction>5</direction>
        <previous>22</previous>
    </vehicle>
    <vehicle>
        <id>24</id>
        <bndbox>
            <xmax>126</xmax>
            <xmin>113</xmin>
            <ymax>116</ymax>
            <ymin>107</ymin>
        </bndbox>
        <type>2</type>
        <direction>5</direction>
        <previous>23</previous>
    </vehicle>
    <vehicle>
        <id>25</id>
        <bndbox>
            <xmax>95</xmax>
            <xmin>84</xmin>
            <ymax>106</ymax>
            <ymin>101</ymin>
        </bndbox>
        <type>2</type>
        <direction>5</direction>
        <previous>24</previous>
    </vehicle>
    <vehicle>
        <id>26</id>
        <bndbox>
            <xmax>247</xmax>
            <xmin>225</xmin>
            <ymax>140</ymax>
            <ymin>128</ymin>
        </bndbox>
        <type>3</type>
        <direction>5</direction>
        <previous>0</previous>
    </vehicle>
</annotation>
