<annotation>
    <video>[Cam253]-2016_4_29_18h_150f.avi</video>
    <frame>000087</frame>
    <time>2016/04/29 18:01:56</time>
    <width>352</width>
    <height>240</height>
    <weather>1</weather>
    <facing>1</facing>
    <flow>2</flow>
    <vehicle>
        <id>1</id>
        <bndbox>
            <xmax>142</xmax>
            <xmin>95</xmin>
            <ymax>222</ymax>
            <ymin>180</ymin>
        </bndbox>
        <type>3</type>
        <direction>8</direction>
        <previous>1</previous>
    </vehicle>
    <vehicle>
        <id>2</id>
        <bndbox>
            <xmax>109</xmax>
            <xmin>78</xmin>
            <ymax>180</ymax>
            <ymin>153</ymin>
        </bndbox>
        <type>3</type>
        <direction>8</direction>
        <previous>2</previous>
    </vehicle>
    <vehicle>
        <id>3</id>
        <bndbox>
            <xmax>91</xmax>
            <xmin>53</xmin>
            <ymax>157</ymax>
            <ymin>116</ymin>
        </bndbox>
        <type>8</type>
        <direction>8</direction>
        <previous>3</previous>
    </vehicle>
    <vehicle>
        <id>4</id>
        <bndbox>
            <xmax>59</xmax>
            <xmin>49</xmin>
            <ymax>123</ymax>
            <ymin>115</ymin>
        </bndbox>
        <type>1</type>
        <direction>8</direction>
        <previous>4</previous>
    </vehicle>
    <vehicle>
        <id>5</id>
        <bndbox>
            <xmax>54</xmax>
            <xmin>45</xmin>
            <ymax>116</ymax>
            <ymin>107</ymin>
        </bndbox>
        <type>1</type>
        <direction>8</direction>
        <previous>0</previous>
    </vehicle>
    <vehicle>
        <id>6</id>
        <bndbox>
            <xmax>156</xmax>
            <xmin>118</xmin>
            <ymax>179</ymax>
            <ymin>148</ymin>
        </bndbox>
        <type>2</type>
        <direction>8</direction>
        <previous>5</previous>
    </vehicle>
    <vehicle>
        <id>7</id>
        <bndbox>
            <xmax>116</xmax>
            <xmin>91</xmin>
            <ymax>150</ymax>
            <ymin>130</ymin>
        </bndbox>
        <type>3</type>
        <direction>8</direction>
        <previous>6</previous>
    </vehicle>
    <vehicle>
        <id>8</id>
        <bndbox>
            <xmax>96</xmax>
            <xmin>86</xmin>
            <ymax>135</ymax>
            <ymin>126</ymin>
        </bndbox>
        <type>2</type>
        <direction>8</direction>
        <previous>7</previous>
    </vehicle>
    <vehicle>
        <id>9</id>
        <bndbox>
            <xmax>87</xmax>
            <xmin>75</xmin>
            <ymax>127</ymax>
            <ymin>116</ymin>
        </bndbox>
        <type>3</type>
        <direction>8</direction>
        <previous>8</previous>
    </vehicle>
    <vehicle>
        <id>10</id>
        <bndbox>
            <xmax>72</xmax>
            <xmin>64</xmin>
            <ymax>116</ymax>
            <ymin>110</ymin>
        </bndbox>
        <type>2</type>
        <direction>7</direction>
        <previous>9</previous>
    </vehicle>
    <vehicle>
        <id>11</id>
        <bndbox>
            <xmax>65</xmax>
            <xmin>59</xmin>
            <ymax>114</ymax>
            <ymin>108</ymin>
        </bndbox>
        <type>3</type>
        <direction>8</direction>
        <previous>10</previous>
    </vehicle>
    <vehicle>
        <id>12</id>
        <bndbox>
            <xmax>62</xmax>
            <xmin>55</xmin>
            <ymax>111</ymax>
            <ymin>106</ymin>
        </bndbox>
        <type>2</type>
        <direction>8</direction>
        <previous>0</previous>
    </vehicle>
    <vehicle>
        <id>13</id>
        <bndbox>
            <xmax>265</xmax>
            <xmin>202</xmin>
            <ymax>209</ymax>
            <ymin>170</ymin>
        </bndbox>
        <type>3</type>
        <direction>8</direction>
        <previous>11</previous>
    </vehicle>
    <vehicle>
        <id>14</id>
        <bndbox>
            <xmax>201</xmax>
            <xmin>162</xmin>
            <ymax>176</ymax>
            <ymin>151</ymin>
        </bndbox>
        <type>3</type>
        <direction>8</direction>
        <previous>12</previous>
    </vehicle>
    <vehicle>
        <id>15</id>
        <bndbox>
            <xmax>160</xmax>
            <xmin>131</xmin>
            <ymax>153</ymax>
            <ymin>132</ymin>
        </bndbox>
        <type>3</type>
        <direction>8</direction>
        <previous>13</previous>
    </vehicle>
    <vehicle>
        <id>16</id>
        <bndbox>
            <xmax>136</xmax>
            <xmin>115</xmin>
            <ymax>143</ymax>
            <ymin>129</ymin>
        </bndbox>
        <type>3</type>
        <direction>8</direction>
        <previous>14</previous>
    </vehicle>
    <vehicle>
        <id>17</id>
        <bndbox>
            <xmax>114</xmax>
            <xmin>96</xmin>
            <ymax>132</ymax>
            <ymin>118</ymin>
        </bndbox>
        <type>3</type>
        <direction>8</direction>
        <previous>15</previous>
    </vehicle>
    <vehicle>
        <id>18</id>
        <bndbox>
            <xmax>98</xmax>
            <xmin>87</xmin>
            <ymax>124</ymax>
            <ymin>118</ymin>
        </bndbox>
        <type>2</type>
        <direction>8</direction>
        <previous>16</previous>
    </vehicle>
    <vehicle>
        <id>19</id>
        <bndbox>
            <xmax>87</xmax>
            <xmin>77</xmin>
            <ymax>117</ymax>
            <ymin>110</ymin>
        </bndbox>
        <type>2</type>
        <direction>8</direction>
        <previous>17</previous>
    </vehicle>
    <vehicle>
        <id>20</id>
        <bndbox>
            <xmax>80</xmax>
            <xmin>71</xmin>
            <ymax>113</ymax>
            <ymin>107</ymin>
        </bndbox>
        <type>2</type>
        <direction>8</direction>
        <previous>18</previous>
    </vehicle>
    <vehicle>
        <id>21</id>
        <bndbox>
            <xmax>71</xmax>
            <xmin>63</xmin>
            <ymax>111</ymax>
            <ymin>104</ymin>
        </bndbox>
        <type>3</type>
        <direction>8</direction>
        <previous>0</previous>
    </vehicle>
    <vehicle>
        <id>22</id>
        <bndbox>
            <xmax>203</xmax>
            <xmin>178</xmin>
            <ymax>138</ymax>
            <ymin>123</ymin>
        </bndbox>
        <type>2</type>
        <direction>5</direction>
        <previous>21</previous>
    </vehicle>
    <vehicle>
        <id>23</id>
        <bndbox>
            <xmax>137</xmax>
            <xmin>124</xmin>
            <ymax>117</ymax>
            <ymin>109</ymin>
        </bndbox>
        <type>2</type>
        <direction>5</direction>
        <previous>22</previous>
    </vehicle>
    <vehicle>
        <id>24</id>
        <bndbox>
            <xmax>99</xmax>
            <xmin>89</xmin>
            <ymax>113</ymax>
            <ymin>107</ymin>
        </bndbox>
        <type>2</type>
        <direction>5</direction>
        <previous>19</previous>
    </vehicle>
    <vehicle>
        <id>25</id>
        <bndbox>
            <xmax>104</xmax>
            <xmin>95</xmin>
            <ymax>110</ymax>
            <ymin>103</ymin>
        </bndbox>
        <type>3</type>
        <direction>5</direction>
        <previous>23</previous>
    </vehicle>
    <vehicle>
        <id>26</id>
        <bndbox>
            <xmax>84</xmax>
            <xmin>75</xmin>
            <ymax>109</ymax>
            <ymin>103</ymin>
        </bndbox>
        <type>3</type>
        <direction>5</direction>
        <previous>20</previous>
    </vehicle>
    <vehicle>
        <id>27</id>
        <bndbox>
            <xmax>94</xmax>
            <xmin>87</xmin>
            <ymax>107</ymax>
            <ymin>101</ymin>
        </bndbox>
        <type>3</type>
        <direction>5</direction>
        <previous>24</previous>
    </vehicle>
</annotation>
