<annotation>
    <video>[Cam253]-2016_4_29_18h_150f.avi</video>
    <frame>000014</frame>
    <time>2016/04/29 18:00:35</time>
    <width>352</width>
    <height>240</height>
    <weather>1</weather>
    <facing>1</facing>
    <flow>2</flow>
    <vehicle>
        <id>1</id>
        <bndbox>
            <xmax>174</xmax>
            <xmin>106</xmin>
            <ymax>239</ymax>
            <ymin>208</ymin>
        </bndbox>
        <type>1</type>
        <direction>8</direction>
        <previous>1</previous>
    </vehicle>
    <vehicle>
        <id>2</id>
        <bndbox>
            <xmax>110</xmax>
            <xmin>81</xmin>
            <ymax>182</ymax>
            <ymin>157</ymin>
        </bndbox>
        <type>2</type>
        <direction>8</direction>
        <previous>2</previous>
    </vehicle>
    <vehicle>
        <id>3</id>
        <bndbox>
            <xmax>77</xmax>
            <xmin>58</xmin>
            <ymax>144</ymax>
            <ymin>131</ymin>
        </bndbox>
        <type>2</type>
        <direction>8</direction>
        <previous>3</previous>
    </vehicle>
    <vehicle>
        <id>4</id>
        <bndbox>
            <xmax>65</xmax>
            <xmin>52</xmin>
            <ymax>130</ymax>
            <ymin>121</ymin>
        </bndbox>
        <type>3</type>
        <direction>8</direction>
        <previous>4</previous>
    </vehicle>
    <vehicle>
        <id>5</id>
        <bndbox>
            <xmax>60</xmax>
            <xmin>50</xmin>
            <ymax>120</ymax>
            <ymin>114</ymin>
        </bndbox>
        <type>2</type>
        <direction>8</direction>
        <previous>5</previous>
    </vehicle>
    <vehicle>
        <id>6</id>
        <bndbox>
            <xmax>56</xmax>
            <xmin>48</xmin>
            <ymax>115</ymax>
            <ymin>110</ymin>
        </bndbox>
        <type>2</type>
        <direction>8</direction>
        <previous>6</previous>
    </vehicle>
    <vehicle>
        <id>7</id>
        <bndbox>
            <xmax>54</xmax>
            <xmin>47</xmin>
            <ymax>110</ymax>
            <ymin>106</ymin>
        </bndbox>
        <type>2</type>
        <direction>8</direction>
        <previous>0</previous>
    </vehicle>
    <vehicle>
        <id>8</id>
        <bndbox>
            <xmax>241</xmax>
            <xmin>168</xmin>
            <ymax>239</ymax>
            <ymin>184</ymin>
        </bndbox>
        <type>2</type>
        <direction>8</direction>
        <previous>7</previous>
    </vehicle>
    <vehicle>
        <id>9</id>
        <bndbox>
            <xmax>145</xmax>
            <xmin>111</xmin>
            <ymax>172</ymax>
            <ymin>145</ymin>
        </bndbox>
        <type>3</type>
        <direction>8</direction>
        <previous>8</previous>
    </vehicle>
    <vehicle>
        <id>10</id>
        <bndbox>
            <xmax>99</xmax>
            <xmin>82</xmin>
            <ymax>140</ymax>
            <ymin>128</ymin>
        </bndbox>
        <type>2</type>
        <direction>8</direction>
        <previous>9</previous>
    </vehicle>
    <vehicle>
        <id>11</id>
        <bndbox>
            <xmax>87</xmax>
            <xmin>75</xmin>
            <ymax>130</ymax>
            <ymin>119</ymin>
        </bndbox>
        <type>1</type>
        <direction>8</direction>
        <previous>10</previous>
    </vehicle>
    <vehicle>
        <id>12</id>
        <bndbox>
            <xmax>78</xmax>
            <xmin>67</xmin>
            <ymax>121</ymax>
            <ymin>116</ymin>
        </bndbox>
        <type>3</type>
        <direction>8</direction>
        <previous>11</previous>
    </vehicle>
    <vehicle>
        <id>13</id>
        <bndbox>
            <xmax>70</xmax>
            <xmin>60</xmin>
            <ymax>115</ymax>
            <ymin>109</ymin>
        </bndbox>
        <type>3</type>
        <direction>8</direction>
        <previous>12</previous>
    </vehicle>
    <vehicle>
        <id>14</id>
        <bndbox>
            <xmax>63</xmax>
            <xmin>57</xmin>
            <ymax>111</ymax>
            <ymin>106</ymin>
        </bndbox>
        <type>2</type>
        <direction>8</direction>
        <previous>13</previous>
    </vehicle>
    <vehicle>
        <id>15</id>
        <bndbox>
            <xmax>265</xmax>
            <xmin>201</xmin>
            <ymax>206</ymax>
            <ymin>164</ymin>
        </bndbox>
        <type>3</type>
        <direction>8</direction>
        <previous>14</previous>
    </vehicle>
    <vehicle>
        <id>16</id>
        <bndbox>
            <xmax>178</xmax>
            <xmin>143</xmin>
            <ymax>163</ymax>
            <ymin>140</ymin>
        </bndbox>
        <type>3</type>
        <direction>8</direction>
        <previous>15</previous>
    </vehicle>
    <vehicle>
        <id>17</id>
        <bndbox>
            <xmax>146</xmax>
            <xmin>125</xmin>
            <ymax>144</ymax>
            <ymin>131</ymin>
        </bndbox>
        <type>3</type>
        <direction>8</direction>
        <previous>16</previous>
    </vehicle>
    <vehicle>
        <id>18</id>
        <bndbox>
            <xmax>117</xmax>
            <xmin>97</xmin>
            <ymax>132</ymax>
            <ymin>122</ymin>
        </bndbox>
        <type>2</type>
        <direction>8</direction>
        <previous>17</previous>
    </vehicle>
    <vehicle>
        <id>19</id>
        <bndbox>
            <xmax>103</xmax>
            <xmin>88</xmin>
            <ymax>124</ymax>
            <ymin>116</ymin>
        </bndbox>
        <type>3</type>
        <direction>8</direction>
        <previous>18</previous>
    </vehicle>
    <vehicle>
        <id>20</id>
        <bndbox>
            <xmax>88</xmax>
            <xmin>81</xmin>
            <ymax>118</ymax>
            <ymin>112</ymin>
        </bndbox>
        <type>2</type>
        <direction>8</direction>
        <previous>19</previous>
    </vehicle>
    <vehicle>
        <id>21</id>
        <bndbox>
            <xmax>80</xmax>
            <xmin>72</xmin>
            <ymax>113</ymax>
            <ymin>109</ymin>
        </bndbox>
        <type>3</type>
        <direction>8</direction>
        <previous>20</previous>
    </vehicle>
    <vehicle>
        <id>22</id>
        <bndbox>
            <xmax>73</xmax>
            <xmin>67</xmin>
            <ymax>110</ymax>
            <ymin>106</ymin>
        </bndbox>
        <type>3</type>
        <direction>8</direction>
        <previous>21</previous>
    </vehicle>
    <vehicle>
        <id>23</id>
        <bndbox>
            <xmax>155</xmax>
            <xmin>136</xmin>
            <ymax>132</ymax>
            <ymin>121</ymin>
        </bndbox>
        <type>3</type>
        <direction>5</direction>
        <previous>22</previous>
    </vehicle>
    <vehicle>
        <id>24</id>
        <bndbox>
            <xmax>115</xmax>
            <xmin>104</xmin>
            <ymax>118</ymax>
            <ymin>112</ymin>
        </bndbox>
        <type>2</type>
        <direction>5</direction>
        <previous>23</previous>
    </vehicle>
    <vehicle>
        <id>25</id>
        <bndbox>
            <xmax>96</xmax>
            <xmin>88</xmin>
            <ymax>111</ymax>
            <ymin>105</ymin>
        </bndbox>
        <type>3</type>
        <direction>5</direction>
        <previous>24</previous>
    </vehicle>
    <vehicle>
        <id>26</id>
        <bndbox>
            <xmax>327</xmax>
            <xmin>271</xmin>
            <ymax>173</ymax>
            <ymin>147</ymin>
        </bndbox>
        <type>1</type>
        <direction>5</direction>
        <previous>0</previous>
    </vehicle>
    <vehicle>
        <id>27</id>
        <bndbox>
            <xmax>196</xmax>
            <xmin>173</xmin>
            <ymax>137</ymax>
            <ymin>125</ymin>
        </bndbox>
        <type>3</type>
        <direction>5</direction>
        <previous>26</previous>
    </vehicle>
    <vehicle>
        <id>28</id>
        <bndbox>
            <xmax>116</xmax>
            <xmin>105</xmin>
            <ymax>115</ymax>
            <ymin>107</ymin>
        </bndbox>
        <type>2</type>
        <direction>5</direction>
        <previous>27</previous>
    </vehicle>
    <vehicle>
        <id>29</id>
        <bndbox>
            <xmax>97</xmax>
            <xmin>90</xmin>
            <ymax>108</ymax>
            <ymin>102</ymin>
        </bndbox>
        <type>3</type>
        <direction>5</direction>
        <previous>28</previous>
    </vehicle>
    <vehicle>
        <id>30</id>
        <bndbox>
            <xmax>190</xmax>
            <xmin>171</xmin>
            <ymax>128</ymax>
            <ymin>118</ymin>
        </bndbox>
        <type>2</type>
        <direction>5</direction>
        <previous>30</previous>
    </vehicle>
</annotation>
