<annotation>
    <video>[Cam253]-2016_4_29_18h_150f.avi</video>
    <frame>000080</frame>
    <time>2016/04/29 18:01:49</time>
    <width>352</width>
    <height>240</height>
    <weather>1</weather>
    <facing>1</facing>
    <flow>2</flow>
    <vehicle>
        <id>1</id>
        <bndbox>
            <xmax>181</xmax>
            <xmin>115</xmin>
            <ymax>239</ymax>
            <ymin>185</ymin>
        </bndbox>
        <type>1</type>
        <direction>8</direction>
        <previous>2</previous>
    </vehicle>
    <vehicle>
        <id>2</id>
        <bndbox>
            <xmax>98</xmax>
            <xmin>72</xmin>
            <ymax>168</ymax>
            <ymin>145</ymin>
        </bndbox>
        <type>2</type>
        <direction>8</direction>
        <previous>3</previous>
    </vehicle>
    <vehicle>
        <id>3</id>
        <bndbox>
            <xmax>68</xmax>
            <xmin>55</xmin>
            <ymax>132</ymax>
            <ymin>121</ymin>
        </bndbox>
        <type>3</type>
        <direction>8</direction>
        <previous>4</previous>
    </vehicle>
    <vehicle>
        <id>4</id>
        <bndbox>
            <xmax>62</xmax>
            <xmin>52</xmin>
            <ymax>125</ymax>
            <ymin>117</ymin>
        </bndbox>
        <type>3</type>
        <direction>8</direction>
        <previous>5</previous>
    </vehicle>
    <vehicle>
        <id>5</id>
        <bndbox>
            <xmax>57</xmax>
            <xmin>44</xmin>
            <ymax>120</ymax>
            <ymin>113</ymin>
        </bndbox>
        <type>8</type>
        <direction>8</direction>
        <previous>6</previous>
    </vehicle>
    <vehicle>
        <id>6</id>
        <bndbox>
            <xmax>255</xmax>
            <xmin>190</xmin>
            <ymax>239</ymax>
            <ymin>201</ymin>
        </bndbox>
        <type>3</type>
        <direction>8</direction>
        <previous>7</previous>
    </vehicle>
    <vehicle>
        <id>7</id>
        <bndbox>
            <xmax>132</xmax>
            <xmin>103</xmin>
            <ymax>163</ymax>
            <ymin>142</ymin>
        </bndbox>
        <type>2</type>
        <direction>8</direction>
        <previous>8</previous>
    </vehicle>
    <vehicle>
        <id>8</id>
        <bndbox>
            <xmax>87</xmax>
            <xmin>72</xmin>
            <ymax>130</ymax>
            <ymin>118</ymin>
        </bndbox>
        <type>2</type>
        <direction>8</direction>
        <previous>9</previous>
    </vehicle>
    <vehicle>
        <id>9</id>
        <bndbox>
            <xmax>76</xmax>
            <xmin>64</xmin>
            <ymax>121</ymax>
            <ymin>111</ymin>
        </bndbox>
        <type>3</type>
        <direction>8</direction>
        <previous>10</previous>
    </vehicle>
    <vehicle>
        <id>10</id>
        <bndbox>
            <xmax>69</xmax>
            <xmin>60</xmin>
            <ymax>114</ymax>
            <ymin>108</ymin>
        </bndbox>
        <type>2</type>
        <direction>8</direction>
        <previous>11</previous>
    </vehicle>
    <vehicle>
        <id>11</id>
        <bndbox>
            <xmax>350</xmax>
            <xmin>267</xmin>
            <ymax>239</ymax>
            <ymin>197</ymin>
        </bndbox>
        <type>2</type>
        <direction>8</direction>
        <previous>12</previous>
    </vehicle>
    <vehicle>
        <id>12</id>
        <bndbox>
            <xmax>198</xmax>
            <xmin>157</xmin>
            <ymax>175</ymax>
            <ymin>149</ymin>
        </bndbox>
        <type>3</type>
        <direction>8</direction>
        <previous>13</previous>
    </vehicle>
    <vehicle>
        <id>13</id>
        <bndbox>
            <xmax>148</xmax>
            <xmin>125</xmin>
            <ymax>148</ymax>
            <ymin>133</ymin>
        </bndbox>
        <type>3</type>
        <direction>8</direction>
        <previous>14</previous>
    </vehicle>
    <vehicle>
        <id>14</id>
        <bndbox>
            <xmax>117</xmax>
            <xmin>100</xmin>
            <ymax>132</ymax>
            <ymin>119</ymin>
        </bndbox>
        <type>3</type>
        <direction>8</direction>
        <previous>15</previous>
    </vehicle>
    <vehicle>
        <id>15</id>
        <bndbox>
            <xmax>104</xmax>
            <xmin>92</xmin>
            <ymax>126</ymax>
            <ymin>118</ymin>
        </bndbox>
        <type>3</type>
        <direction>8</direction>
        <previous>16</previous>
    </vehicle>
    <vehicle>
        <id>16</id>
        <bndbox>
            <xmax>95</xmax>
            <xmin>84</xmin>
            <ymax>121</ymax>
            <ymin>114</ymin>
        </bndbox>
        <type>3</type>
        <direction>8</direction>
        <previous>17</previous>
    </vehicle>
    <vehicle>
        <id>17</id>
        <bndbox>
            <xmax>84</xmax>
            <xmin>76</xmin>
            <ymax>117</ymax>
            <ymin>110</ymin>
        </bndbox>
        <type>2</type>
        <direction>8</direction>
        <previous>18</previous>
    </vehicle>
    <vehicle>
        <id>18</id>
        <bndbox>
            <xmax>77</xmax>
            <xmin>69</xmin>
            <ymax>111</ymax>
            <ymin>105</ymin>
        </bndbox>
        <type>2</type>
        <direction>8</direction>
        <previous>19</previous>
    </vehicle>
    <vehicle>
        <id>19</id>
        <bndbox>
            <xmax>351</xmax>
            <xmin>320</xmin>
            <ymax>206</ymax>
            <ymin>181</ymin>
        </bndbox>
        <type>3</type>
        <direction>5</direction>
        <previous>0</previous>
    </vehicle>
    <vehicle>
        <id>20</id>
        <bndbox>
            <xmax>228</xmax>
            <xmin>191</xmin>
            <ymax>158</ymax>
            <ymin>140</ymin>
        </bndbox>
        <type>3</type>
        <direction>5</direction>
        <previous>0</previous>
    </vehicle>
    <vehicle>
        <id>21</id>
        <bndbox>
            <xmax>111</xmax>
            <xmin>100</xmin>
            <ymax>119</ymax>
            <ymin>111</ymin>
        </bndbox>
        <type>2</type>
        <direction>5</direction>
        <previous>21</previous>
    </vehicle>
    <vehicle>
        <id>22</id>
        <bndbox>
            <xmax>351</xmax>
            <xmin>320</xmin>
            <ymax>170</ymax>
            <ymin>148</ymin>
        </bndbox>
        <type>2</type>
        <direction>5</direction>
        <previous>0</previous>
    </vehicle>
    <vehicle>
        <id>23</id>
        <bndbox>
            <xmax>216</xmax>
            <xmin>188</xmin>
            <ymax>141</ymax>
            <ymin>127</ymin>
        </bndbox>
        <type>2</type>
        <direction>5</direction>
        <previous>20</previous>
    </vehicle>
    <vehicle>
        <id>24</id>
        <bndbox>
            <xmax>124</xmax>
            <xmin>111</xmin>
            <ymax>115</ymax>
            <ymin>107</ymin>
        </bndbox>
        <type>2</type>
        <direction>5</direction>
        <previous>22</previous>
    </vehicle>
</annotation>
