<annotation>
    <video>[Cam253]-2016_4_29_18h_150f.avi</video>
    <frame>000095</frame>
    <time>2016/04/29 18:02:05</time>
    <width>352</width>
    <height>240</height>
    <weather>1</weather>
    <facing>1</facing>
    <flow>2</flow>
    <vehicle>
        <id>1</id>
        <bndbox>
            <xmax>222</xmax>
            <xmin>78</xmin>
            <ymax>239</ymax>
            <ymin>145</ymin>
        </bndbox>
        <type>8</type>
        <direction>8</direction>
        <previous>1</previous>
    </vehicle>
    <vehicle>
        <id>2</id>
        <bndbox>
            <xmax>91</xmax>
            <xmin>75</xmin>
            <ymax>158</ymax>
            <ymin>143</ymin>
        </bndbox>
        <type>1</type>
        <direction>8</direction>
        <previous>2</previous>
    </vehicle>
    <vehicle>
        <id>3</id>
        <bndbox>
            <xmax>78</xmax>
            <xmin>61</xmin>
            <ymax>145</ymax>
            <ymin>128</ymin>
        </bndbox>
        <type>2</type>
        <direction>8</direction>
        <previous>3</previous>
    </vehicle>
    <vehicle>
        <id>4</id>
        <bndbox>
            <xmax>68</xmax>
            <xmin>55</xmin>
            <ymax>131</ymax>
            <ymin>121</ymin>
        </bndbox>
        <type>1</type>
        <direction>8</direction>
        <previous>4</previous>
    </vehicle>
    <vehicle>
        <id>5</id>
        <bndbox>
            <xmax>63</xmax>
            <xmin>51</xmin>
            <ymax>123</ymax>
            <ymin>115</ymin>
        </bndbox>
        <type>2</type>
        <direction>8</direction>
        <previous>5</previous>
    </vehicle>
    <vehicle>
        <id>6</id>
        <bndbox>
            <xmax>60</xmax>
            <xmin>48</xmin>
            <ymax>119</ymax>
            <ymin>110</ymin>
        </bndbox>
        <type>2</type>
        <direction>8</direction>
        <previous>6</previous>
    </vehicle>
    <vehicle>
        <id>7</id>
        <bndbox>
            <xmax>54</xmax>
            <xmin>45</xmin>
            <ymax>115</ymax>
            <ymin>107</ymin>
        </bndbox>
        <type>1</type>
        <direction>8</direction>
        <previous>7</previous>
    </vehicle>
    <vehicle>
        <id>8</id>
        <bndbox>
            <xmax>299</xmax>
            <xmin>222</xmin>
            <ymax>239</ymax>
            <ymin>211</ymin>
        </bndbox>
        <type>2</type>
        <direction>8</direction>
        <previous>8</previous>
    </vehicle>
    <vehicle>
        <id>9</id>
        <bndbox>
            <xmax>193</xmax>
            <xmin>146</xmin>
            <ymax>196</ymax>
            <ymin>160</ymin>
        </bndbox>
        <type>3</type>
        <direction>8</direction>
        <previous>9</previous>
    </vehicle>
    <vehicle>
        <id>10</id>
        <bndbox>
            <xmax>149</xmax>
            <xmin>126</xmin>
            <ymax>166</ymax>
            <ymin>151</ymin>
        </bndbox>
        <type>2</type>
        <direction>8</direction>
        <previous>10</previous>
    </vehicle>
    <vehicle>
        <id>11</id>
        <bndbox>
            <xmax>121</xmax>
            <xmin>97</xmin>
            <ymax>148</ymax>
            <ymin>133</ymin>
        </bndbox>
        <type>3</type>
        <direction>8</direction>
        <previous>11</previous>
    </vehicle>
    <vehicle>
        <id>12</id>
        <bndbox>
            <xmax>102</xmax>
            <xmin>85</xmin>
            <ymax>140</ymax>
            <ymin>128</ymin>
        </bndbox>
        <type>2</type>
        <direction>7</direction>
        <previous>12</previous>
    </vehicle>
    <vehicle>
        <id>13</id>
        <bndbox>
            <xmax>90</xmax>
            <xmin>77</xmin>
            <ymax>130</ymax>
            <ymin>120</ymin>
        </bndbox>
        <type>2</type>
        <direction>8</direction>
        <previous>13</previous>
    </vehicle>
    <vehicle>
        <id>14</id>
        <bndbox>
            <xmax>78</xmax>
            <xmin>68</xmin>
            <ymax>124</ymax>
            <ymin>115</ymin>
        </bndbox>
        <type>3</type>
        <direction>8</direction>
        <previous>14</previous>
    </vehicle>
    <vehicle>
        <id>15</id>
        <bndbox>
            <xmax>70</xmax>
            <xmin>62</xmin>
            <ymax>118</ymax>
            <ymin>110</ymin>
        </bndbox>
        <type>2</type>
        <direction>8</direction>
        <previous>15</previous>
    </vehicle>
    <vehicle>
        <id>16</id>
        <bndbox>
            <xmax>67</xmax>
            <xmin>57</xmin>
            <ymax>114</ymax>
            <ymin>107</ymin>
        </bndbox>
        <type>3</type>
        <direction>8</direction>
        <previous>16</previous>
    </vehicle>
    <vehicle>
        <id>17</id>
        <bndbox>
            <xmax>342</xmax>
            <xmin>251</xmin>
            <ymax>239</ymax>
            <ymin>192</ymin>
        </bndbox>
        <type>3</type>
        <direction>8</direction>
        <previous>17</previous>
    </vehicle>
    <vehicle>
        <id>18</id>
        <bndbox>
            <xmax>244</xmax>
            <xmin>191</xmin>
            <ymax>196</ymax>
            <ymin>166</ymin>
        </bndbox>
        <type>3</type>
        <direction>8</direction>
        <previous>18</previous>
    </vehicle>
    <vehicle>
        <id>19</id>
        <bndbox>
            <xmax>186</xmax>
            <xmin>150</xmin>
            <ymax>166</ymax>
            <ymin>140</ymin>
        </bndbox>
        <type>3</type>
        <direction>8</direction>
        <previous>19</previous>
    </vehicle>
    <vehicle>
        <id>20</id>
        <bndbox>
            <xmax>152</xmax>
            <xmin>128</xmin>
            <ymax>153</ymax>
            <ymin>134</ymin>
        </bndbox>
        <type>3</type>
        <direction>8</direction>
        <previous>20</previous>
    </vehicle>
    <vehicle>
        <id>21</id>
        <bndbox>
            <xmax>123</xmax>
            <xmin>104</xmin>
            <ymax>136</ymax>
            <ymin>123</ymin>
        </bndbox>
        <type>2</type>
        <direction>8</direction>
        <previous>21</previous>
    </vehicle>
    <vehicle>
        <id>22</id>
        <bndbox>
            <xmax>111</xmax>
            <xmin>99</xmin>
            <ymax>129</ymax>
            <ymin>121</ymin>
        </bndbox>
        <type>2</type>
        <direction>8</direction>
        <previous>22</previous>
    </vehicle>
    <vehicle>
        <id>23</id>
        <bndbox>
            <xmax>102</xmax>
            <xmin>91</xmin>
            <ymax>124</ymax>
            <ymin>116</ymin>
        </bndbox>
        <type>2</type>
        <direction>8</direction>
        <previous>23</previous>
    </vehicle>
    <vehicle>
        <id>24</id>
        <bndbox>
            <xmax>92</xmax>
            <xmin>80</xmin>
            <ymax>120</ymax>
            <ymin>112</ymin>
        </bndbox>
        <type>3</type>
        <direction>8</direction>
        <previous>24</previous>
    </vehicle>
    <vehicle>
        <id>25</id>
        <bndbox>
            <xmax>82</xmax>
            <xmin>74</xmin>
            <ymax>116</ymax>
            <ymin>108</ymin>
        </bndbox>
        <type>2</type>
        <direction>8</direction>
        <previous>25</previous>
    </vehicle>
    <vehicle>
        <id>26</id>
        <bndbox>
            <xmax>76</xmax>
            <xmin>67</xmin>
            <ymax>113</ymax>
            <ymin>106</ymin>
        </bndbox>
        <type>2</type>
        <direction>8</direction>
        <previous>0</previous>
    </vehicle>
    <vehicle>
        <id>27</id>
        <bndbox>
            <xmax>179</xmax>
            <xmin>156</xmin>
            <ymax>141</ymax>
            <ymin>127</ymin>
        </bndbox>
        <type>2</type>
        <direction>5</direction>
        <previous>26</previous>
    </vehicle>
    <vehicle>
        <id>28</id>
        <bndbox>
            <xmax>122</xmax>
            <xmin>111</xmin>
            <ymax>117</ymax>
            <ymin>109</ymin>
        </bndbox>
        <type>3</type>
        <direction>5</direction>
        <previous>27</previous>
    </vehicle>
    <vehicle>
        <id>29</id>
        <bndbox>
            <xmax>95</xmax>
            <xmin>87</xmin>
            <ymax>113</ymax>
            <ymin>105</ymin>
        </bndbox>
        <type>1</type>
        <direction>5</direction>
        <previous>28</previous>
    </vehicle>
    <vehicle>
        <id>30</id>
        <bndbox>
            <xmax>98</xmax>
            <xmin>91</xmin>
            <ymax>110</ymax>
            <ymin>103</ymin>
        </bndbox>
        <type>3</type>
        <direction>5</direction>
        <previous>29</previous>
    </vehicle>
    <vehicle>
        <id>31</id>
        <bndbox>
            <xmax>105</xmax>
            <xmin>96</xmin>
            <ymax>108</ymax>
            <ymin>102</ymin>
        </bndbox>
        <type>2</type>
        <direction>5</direction>
        <previous>30</previous>
    </vehicle>
</annotation>
