<annotation>
    <video>[Cam253]-2016_4_29_18h_150f.avi</video>
    <frame>000106</frame>
    <time>2016/04/29 18:02:17</time>
    <width>352</width>
    <height>240</height>
    <weather>1</weather>
    <facing>1</facing>
    <flow>2</flow>
    <vehicle>
        <id>1</id>
        <bndbox>
            <xmax>210</xmax>
            <xmin>151</xmin>
            <ymax>239</ymax>
            <ymin>217</ymin>
        </bndbox>
        <type>2</type>
        <direction>7</direction>
        <previous>1</previous>
    </vehicle>
    <vehicle>
        <id>2</id>
        <bndbox>
            <xmax>107</xmax>
            <xmin>77</xmin>
            <ymax>180</ymax>
            <ymin>152</ymin>
        </bndbox>
        <type>1</type>
        <direction>8</direction>
        <previous>2</previous>
    </vehicle>
    <vehicle>
        <id>3</id>
        <bndbox>
            <xmax>84</xmax>
            <xmin>65</xmin>
            <ymax>150</ymax>
            <ymin>135</ymin>
        </bndbox>
        <type>2</type>
        <direction>8</direction>
        <previous>3</previous>
    </vehicle>
    <vehicle>
        <id>4</id>
        <bndbox>
            <xmax>76</xmax>
            <xmin>60</xmin>
            <ymax>137</ymax>
            <ymin>124</ymin>
        </bndbox>
        <type>2</type>
        <direction>8</direction>
        <previous>4</previous>
    </vehicle>
    <vehicle>
        <id>5</id>
        <bndbox>
            <xmax>63</xmax>
            <xmin>51</xmin>
            <ymax>126</ymax>
            <ymin>116</ymin>
        </bndbox>
        <type>1</type>
        <direction>8</direction>
        <previous>5</previous>
    </vehicle>
    <vehicle>
        <id>6</id>
        <bndbox>
            <xmax>59</xmax>
            <xmin>50</xmin>
            <ymax>120</ymax>
            <ymin>115</ymin>
        </bndbox>
        <type>2</type>
        <direction>8</direction>
        <previous>6</previous>
    </vehicle>
    <vehicle>
        <id>7</id>
        <bndbox>
            <xmax>55</xmax>
            <xmin>45</xmin>
            <ymax>116</ymax>
            <ymin>109</ymin>
        </bndbox>
        <type>2</type>
        <direction>8</direction>
        <previous>0</previous>
    </vehicle>
    <vehicle>
        <id>8</id>
        <bndbox>
            <xmax>148</xmax>
            <xmin>114</xmin>
            <ymax>170</ymax>
            <ymin>148</ymin>
        </bndbox>
        <type>2</type>
        <direction>8</direction>
        <previous>7</previous>
    </vehicle>
    <vehicle>
        <id>9</id>
        <bndbox>
            <xmax>109</xmax>
            <xmin>89</xmin>
            <ymax>144</ymax>
            <ymin>130</ymin>
        </bndbox>
        <type>3</type>
        <direction>8</direction>
        <previous>8</previous>
    </vehicle>
    <vehicle>
        <id>10</id>
        <bndbox>
            <xmax>91</xmax>
            <xmin>76</xmin>
            <ymax>132</ymax>
            <ymin>120</ymin>
        </bndbox>
        <type>2</type>
        <direction>8</direction>
        <previous>9</previous>
    </vehicle>
    <vehicle>
        <id>11</id>
        <bndbox>
            <xmax>80</xmax>
            <xmin>68</xmin>
            <ymax>124</ymax>
            <ymin>115</ymin>
        </bndbox>
        <type>3</type>
        <direction>8</direction>
        <previous>10</previous>
    </vehicle>
    <vehicle>
        <id>12</id>
        <bndbox>
            <xmax>72</xmax>
            <xmin>65</xmin>
            <ymax>120</ymax>
            <ymin>111</ymin>
        </bndbox>
        <type>3</type>
        <direction>8</direction>
        <previous>11</previous>
    </vehicle>
    <vehicle>
        <id>13</id>
        <bndbox>
            <xmax>68</xmax>
            <xmin>60</xmin>
            <ymax>116</ymax>
            <ymin>109</ymin>
        </bndbox>
        <type>2</type>
        <direction>8</direction>
        <previous>12</previous>
    </vehicle>
    <vehicle>
        <id>14</id>
        <bndbox>
            <xmax>63</xmax>
            <xmin>56</xmin>
            <ymax>111</ymax>
            <ymin>106</ymin>
        </bndbox>
        <type>3</type>
        <direction>8</direction>
        <previous>13</previous>
    </vehicle>
    <vehicle>
        <id>15</id>
        <bndbox>
            <xmax>223</xmax>
            <xmin>177</xmin>
            <ymax>189</ymax>
            <ymin>157</ymin>
        </bndbox>
        <type>3</type>
        <direction>8</direction>
        <previous>15</previous>
    </vehicle>
    <vehicle>
        <id>16</id>
        <bndbox>
            <xmax>155</xmax>
            <xmin>127</xmin>
            <ymax>153</ymax>
            <ymin>132</ymin>
        </bndbox>
        <type>2</type>
        <direction>8</direction>
        <previous>16</previous>
    </vehicle>
    <vehicle>
        <id>17</id>
        <bndbox>
            <xmax>128</xmax>
            <xmin>110</xmin>
            <ymax>137</ymax>
            <ymin>125</ymin>
        </bndbox>
        <type>2</type>
        <direction>8</direction>
        <previous>17</previous>
    </vehicle>
    <vehicle>
        <id>18</id>
        <bndbox>
            <xmax>112</xmax>
            <xmin>97</xmin>
            <ymax>129</ymax>
            <ymin>118</ymin>
        </bndbox>
        <type>2</type>
        <direction>8</direction>
        <previous>18</previous>
    </vehicle>
    <vehicle>
        <id>19</id>
        <bndbox>
            <xmax>98</xmax>
            <xmin>85</xmin>
            <ymax>124</ymax>
            <ymin>114</ymin>
        </bndbox>
        <type>2</type>
        <direction>8</direction>
        <previous>19</previous>
    </vehicle>
    <vehicle>
        <id>20</id>
        <bndbox>
            <xmax>88</xmax>
            <xmin>78</xmin>
            <ymax>117</ymax>
            <ymin>110</ymin>
        </bndbox>
        <type>3</type>
        <direction>8</direction>
        <previous>20</previous>
    </vehicle>
    <vehicle>
        <id>21</id>
        <bndbox>
            <xmax>79</xmax>
            <xmin>74</xmin>
            <ymax>116</ymax>
            <ymin>110</ymin>
        </bndbox>
        <type>2</type>
        <direction>8</direction>
        <previous>21</previous>
    </vehicle>
    <vehicle>
        <id>22</id>
        <bndbox>
            <xmax>81</xmax>
            <xmin>71</xmin>
            <ymax>113</ymax>
            <ymin>107</ymin>
        </bndbox>
        <type>3</type>
        <direction>8</direction>
        <previous>22</previous>
    </vehicle>
    <vehicle>
        <id>23</id>
        <bndbox>
            <xmax>76</xmax>
            <xmin>68</xmin>
            <ymax>112</ymax>
            <ymin>107</ymin>
        </bndbox>
        <type>2</type>
        <direction>8</direction>
        <previous>23</previous>
    </vehicle>
    <vehicle>
        <id>24</id>
        <bndbox>
            <xmax>351</xmax>
            <xmin>293</xmin>
            <ymax>210</ymax>
            <ymin>176</ymin>
        </bndbox>
        <type>3</type>
        <direction>5</direction>
        <previous>0</previous>
    </vehicle>
    <vehicle>
        <id>25</id>
        <bndbox>
            <xmax>351</xmax>
            <xmin>282</xmin>
            <ymax>177</ymax>
            <ymin>144</ymin>
        </bndbox>
        <type>10</type>
        <direction>5</direction>
        <previous>0</previous>
    </vehicle>
    <vehicle>
        <id>26</id>
        <bndbox>
            <xmax>265</xmax>
            <xmin>230</xmin>
            <ymax>147</ymax>
            <ymin>128</ymin>
        </bndbox>
        <type>7</type>
        <direction>5</direction>
        <previous>0</previous>
    </vehicle>
    <vehicle>
        <id>27</id>
        <bndbox>
            <xmax>235</xmax>
            <xmin>207</xmin>
            <ymax>149</ymax>
            <ymin>133</ymin>
        </bndbox>
        <type>2</type>
        <direction>5</direction>
        <previous>0</previous>
    </vehicle>
    <vehicle>
        <id>28</id>
        <bndbox>
            <xmax>193</xmax>
            <xmin>171</xmin>
            <ymax>130</ymax>
            <ymin>117</ymin>
        </bndbox>
        <type>2</type>
        <direction>5</direction>
        <previous>25</previous>
    </vehicle>
    <vehicle>
        <id>29</id>
        <bndbox>
            <xmax>135</xmax>
            <xmin>118</xmin>
            <ymax>126</ymax>
            <ymin>117</ymin>
        </bndbox>
        <type>2</type>
        <direction>5</direction>
        <previous>26</previous>
    </vehicle>
    <vehicle>
        <id>30</id>
        <bndbox>
            <xmax>110</xmax>
            <xmin>101</xmin>
            <ymax>113</ymax>
            <ymin>107</ymin>
        </bndbox>
        <type>3</type>
        <direction>5</direction>
        <previous>27</previous>
    </vehicle>
    <vehicle>
        <id>31</id>
        <bndbox>
            <xmax>101</xmax>
            <xmin>93</xmin>
            <ymax>111</ymax>
            <ymin>105</ymin>
        </bndbox>
        <type>3</type>
        <direction>5</direction>
        <previous>28</previous>
    </vehicle>
    <vehicle>
        <id>32</id>
        <bndbox>
            <xmax>89</xmax>
            <xmin>81</xmin>
            <ymax>110</ymax>
            <ymin>104</ymin>
        </bndbox>
        <type>1</type>
        <direction>5</direction>
        <previous>29</previous>
    </vehicle>
</annotation>
