<annotation>
    <video>[Cam253]-2016_4_29_18h_150f.avi</video>
    <frame>000149</frame>
    <time>2016/04/29 18:03:04</time>
    <width>352</width>
    <height>240</height>
    <weather>1</weather>
    <facing>1</facing>
    <flow>2</flow>
    <vehicle>
        <id>1</id>
        <bndbox>
            <xmax>131</xmax>
            <xmin>91</xmin>
            <ymax>205</ymax>
            <ymin>166</ymin>
        </bndbox>
        <type>2</type>
        <direction>8</direction>
        <previous>2</previous>
    </vehicle>
    <vehicle>
        <id>2</id>
        <bndbox>
            <xmax>92</xmax>
            <xmin>69</xmin>
            <ymax>162</ymax>
            <ymin>142</ymin>
        </bndbox>
        <type>2</type>
        <direction>8</direction>
        <previous>3</previous>
    </vehicle>
    <vehicle>
        <id>3</id>
        <bndbox>
            <xmax>75</xmax>
            <xmin>59</xmin>
            <ymax>141</ymax>
            <ymin>123</ymin>
        </bndbox>
        <type>1</type>
        <direction>8</direction>
        <previous>4</previous>
    </vehicle>
    <vehicle>
        <id>4</id>
        <bndbox>
            <xmax>65</xmax>
            <xmin>53</xmin>
            <ymax>128</ymax>
            <ymin>117</ymin>
        </bndbox>
        <type>3</type>
        <direction>8</direction>
        <previous>5</previous>
    </vehicle>
    <vehicle>
        <id>5</id>
        <bndbox>
            <xmax>62</xmax>
            <xmin>52</xmin>
            <ymax>122</ymax>
            <ymin>111</ymin>
        </bndbox>
        <type>3</type>
        <direction>8</direction>
        <previous>7</previous>
    </vehicle>
    <vehicle>
        <id>6</id>
        <bndbox>
            <xmax>55</xmax>
            <xmin>46</xmin>
            <ymax>116</ymax>
            <ymin>106</ymin>
        </bndbox>
        <type>2</type>
        <direction>8</direction>
        <previous>6</previous>
    </vehicle>
    <vehicle>
        <id>7</id>
        <bndbox>
            <xmax>174</xmax>
            <xmin>131</xmin>
            <ymax>191</ymax>
            <ymin>159</ymin>
        </bndbox>
        <type>2</type>
        <direction>8</direction>
        <previous>9</previous>
    </vehicle>
    <vehicle>
        <id>8</id>
        <bndbox>
            <xmax>124</xmax>
            <xmin>99</xmin>
            <ymax>155</ymax>
            <ymin>137</ymin>
        </bndbox>
        <type>3</type>
        <direction>8</direction>
        <previous>10</previous>
    </vehicle>
    <vehicle>
        <id>9</id>
        <bndbox>
            <xmax>105</xmax>
            <xmin>87</xmin>
            <ymax>142</ymax>
            <ymin>127</ymin>
        </bndbox>
        <type>2</type>
        <direction>8</direction>
        <previous>11</previous>
    </vehicle>
    <vehicle>
        <id>10</id>
        <bndbox>
            <xmax>90</xmax>
            <xmin>80</xmin>
            <ymax>132</ymax>
            <ymin>120</ymin>
        </bndbox>
        <type>2</type>
        <direction>8</direction>
        <previous>12</previous>
    </vehicle>
    <vehicle>
        <id>11</id>
        <bndbox>
            <xmax>80</xmax>
            <xmin>67</xmin>
            <ymax>125</ymax>
            <ymin>115</ymin>
        </bndbox>
        <type>2</type>
        <direction>8</direction>
        <previous>13</previous>
    </vehicle>
    <vehicle>
        <id>12</id>
        <bndbox>
            <xmax>68</xmax>
            <xmin>58</xmin>
            <ymax>116</ymax>
            <ymin>109</ymin>
        </bndbox>
        <type>2</type>
        <direction>8</direction>
        <previous>0</previous>
    </vehicle>
    <vehicle>
        <id>13</id>
        <bndbox>
            <xmax>248</xmax>
            <xmin>187</xmin>
            <ymax>203</ymax>
            <ymin>160</ymin>
        </bndbox>
        <type>3</type>
        <direction>8</direction>
        <previous>15</previous>
    </vehicle>
    <vehicle>
        <id>14</id>
        <bndbox>
            <xmax>155</xmax>
            <xmin>128</xmin>
            <ymax>151</ymax>
            <ymin>132</ymin>
        </bndbox>
        <type>1</type>
        <direction>8</direction>
        <previous>16</previous>
    </vehicle>
    <vehicle>
        <id>15</id>
        <bndbox>
            <xmax>118</xmax>
            <xmin>100</xmin>
            <ymax>133</ymax>
            <ymin>121</ymin>
        </bndbox>
        <type>2</type>
        <direction>8</direction>
        <previous>17</previous>
    </vehicle>
    <vehicle>
        <id>16</id>
        <bndbox>
            <xmax>97</xmax>
            <xmin>84</xmin>
            <ymax>122</ymax>
            <ymin>113</ymin>
        </bndbox>
        <type>2</type>
        <direction>8</direction>
        <previous>18</previous>
    </vehicle>
    <vehicle>
        <id>17</id>
        <bndbox>
            <xmax>86</xmax>
            <xmin>78</xmin>
            <ymax>119</ymax>
            <ymin>111</ymin>
        </bndbox>
        <type>2</type>
        <direction>8</direction>
        <previous>19</previous>
    </vehicle>
    <vehicle>
        <id>18</id>
        <bndbox>
            <xmax>79</xmax>
            <xmin>69</xmin>
            <ymax>113</ymax>
            <ymin>106</ymin>
        </bndbox>
        <type>2</type>
        <direction>8</direction>
        <previous>20</previous>
    </vehicle>
    <vehicle>
        <id>19</id>
        <bndbox>
            <xmax>346</xmax>
            <xmin>285</xmin>
            <ymax>183</ymax>
            <ymin>154</ymin>
        </bndbox>
        <type>3</type>
        <direction>5</direction>
        <previous>0</previous>
    </vehicle>
    <vehicle>
        <id>20</id>
        <bndbox>
            <xmax>179</xmax>
            <xmin>153</xmin>
            <ymax>142</ymax>
            <ymin>125</ymin>
        </bndbox>
        <type>2</type>
        <direction>5</direction>
        <previous>21</previous>
    </vehicle>
    <vehicle>
        <id>21</id>
        <bndbox>
            <xmax>222</xmax>
            <xmin>195</xmin>
            <ymax>137</ymax>
            <ymin>122</ymin>
        </bndbox>
        <type>2</type>
        <direction>5</direction>
        <previous>22</previous>
    </vehicle>
    <vehicle>
        <id>22</id>
        <bndbox>
            <xmax>138</xmax>
            <xmin>122</xmin>
            <ymax>120</ymax>
            <ymin>111</ymin>
        </bndbox>
        <type>2</type>
        <direction>5</direction>
        <previous>23</previous>
    </vehicle>
    <vehicle>
        <id>23</id>
        <bndbox>
            <xmax>113</xmax>
            <xmin>99</xmin>
            <ymax>119</ymax>
            <ymin>109</ymin>
        </bndbox>
        <type>2</type>
        <direction>5</direction>
        <previous>24</previous>
    </vehicle>
    <vehicle>
        <id>24</id>
        <bndbox>
            <xmax>126</xmax>
            <xmin>116</xmin>
            <ymax>113</ymax>
            <ymin>107</ymin>
        </bndbox>
        <type>3</type>
        <direction>5</direction>
        <previous>25</previous>
    </vehicle>
    <vehicle>
        <id>25</id>
        <bndbox>
            <xmax>93</xmax>
            <xmin>84</xmin>
            <ymax>109</ymax>
            <ymin>100</ymin>
        </bndbox>
        <type>2</type>
        <direction>5</direction>
        <previous>26</previous>
    </vehicle>
</annotation>
