<annotation>
    <video>[Cam253]-2016_4_29_18h_150f.avi</video>
    <frame>000124</frame>
    <time>2016/04/29 18:02:37</time>
    <width>352</width>
    <height>240</height>
    <weather>1</weather>
    <facing>1</facing>
    <flow>2</flow>
    <vehicle>
        <id>1</id>
        <bndbox>
            <xmax>118</xmax>
            <xmin>81</xmin>
            <ymax>199</ymax>
            <ymin>166</ymin>
        </bndbox>
        <type>3</type>
        <direction>8</direction>
        <previous>1</previous>
    </vehicle>
    <vehicle>
        <id>2</id>
        <bndbox>
            <xmax>85</xmax>
            <xmin>63</xmin>
            <ymax>156</ymax>
            <ymin>136</ymin>
        </bndbox>
        <type>2</type>
        <direction>8</direction>
        <previous>2</previous>
    </vehicle>
    <vehicle>
        <id>3</id>
        <bndbox>
            <xmax>75</xmax>
            <xmin>59</xmin>
            <ymax>138</ymax>
            <ymin>125</ymin>
        </bndbox>
        <type>2</type>
        <direction>8</direction>
        <previous>3</previous>
    </vehicle>
    <vehicle>
        <id>4</id>
        <bndbox>
            <xmax>61</xmax>
            <xmin>50</xmin>
            <ymax>128</ymax>
            <ymin>116</ymin>
        </bndbox>
        <type>1</type>
        <direction>8</direction>
        <previous>4</previous>
    </vehicle>
    <vehicle>
        <id>5</id>
        <bndbox>
            <xmax>55</xmax>
            <xmin>45</xmin>
            <ymax>116</ymax>
            <ymin>110</ymin>
        </bndbox>
        <type>2</type>
        <direction>8</direction>
        <previous>5</previous>
    </vehicle>
    <vehicle>
        <id>6</id>
        <bndbox>
            <xmax>190</xmax>
            <xmin>139</xmin>
            <ymax>206</ymax>
            <ymin>163</ymin>
        </bndbox>
        <type>2</type>
        <direction>8</direction>
        <previous>7</previous>
    </vehicle>
    <vehicle>
        <id>7</id>
        <bndbox>
            <xmax>123</xmax>
            <xmin>97</xmin>
            <ymax>157</ymax>
            <ymin>136</ymin>
        </bndbox>
        <type>3</type>
        <direction>8</direction>
        <previous>8</previous>
    </vehicle>
    <vehicle>
        <id>8</id>
        <bndbox>
            <xmax>97</xmax>
            <xmin>80</xmin>
            <ymax>136</ymax>
            <ymin>125</ymin>
        </bndbox>
        <type>2</type>
        <direction>8</direction>
        <previous>9</previous>
    </vehicle>
    <vehicle>
        <id>9</id>
        <bndbox>
            <xmax>81</xmax>
            <xmin>71</xmin>
            <ymax>126</ymax>
            <ymin>117</ymin>
        </bndbox>
        <type>3</type>
        <direction>8</direction>
        <previous>10</previous>
    </vehicle>
    <vehicle>
        <id>10</id>
        <bndbox>
            <xmax>73</xmax>
            <xmin>63</xmin>
            <ymax>120</ymax>
            <ymin>111</ymin>
        </bndbox>
        <type>3</type>
        <direction>8</direction>
        <previous>11</previous>
    </vehicle>
    <vehicle>
        <id>11</id>
        <bndbox>
            <xmax>68</xmax>
            <xmin>59</xmin>
            <ymax>114</ymax>
            <ymin>107</ymin>
        </bndbox>
        <type>2</type>
        <direction>8</direction>
        <previous>12</previous>
    </vehicle>
    <vehicle>
        <id>12</id>
        <bndbox>
            <xmax>351</xmax>
            <xmin>308</xmin>
            <ymax>238</ymax>
            <ymin>208</ymin>
        </bndbox>
        <type>2</type>
        <direction>8</direction>
        <previous>13</previous>
    </vehicle>
    <vehicle>
        <id>13</id>
        <bndbox>
            <xmax>292</xmax>
            <xmin>218</xmin>
            <ymax>227</ymax>
            <ymin>178</ymin>
        </bndbox>
        <type>3</type>
        <direction>8</direction>
        <previous>14</previous>
    </vehicle>
    <vehicle>
        <id>14</id>
        <bndbox>
            <xmax>205</xmax>
            <xmin>165</xmin>
            <ymax>182</ymax>
            <ymin>154</ymin>
        </bndbox>
        <type>2</type>
        <direction>8</direction>
        <previous>15</previous>
    </vehicle>
    <vehicle>
        <id>15</id>
        <bndbox>
            <xmax>159</xmax>
            <xmin>127</xmin>
            <ymax>154</ymax>
            <ymin>132</ymin>
        </bndbox>
        <type>3</type>
        <direction>8</direction>
        <previous>16</previous>
    </vehicle>
    <vehicle>
        <id>16</id>
        <bndbox>
            <xmax>122</xmax>
            <xmin>104</xmin>
            <ymax>136</ymax>
            <ymin>123</ymin>
        </bndbox>
        <type>2</type>
        <direction>8</direction>
        <previous>17</previous>
    </vehicle>
    <vehicle>
        <id>17</id>
        <bndbox>
            <xmax>95</xmax>
            <xmin>83</xmin>
            <ymax>122</ymax>
            <ymin>114</ymin>
        </bndbox>
        <type>2</type>
        <direction>8</direction>
        <previous>18</previous>
    </vehicle>
    <vehicle>
        <id>18</id>
        <bndbox>
            <xmax>84</xmax>
            <xmin>74</xmin>
            <ymax>117</ymax>
            <ymin>108</ymin>
        </bndbox>
        <type>3</type>
        <direction>8</direction>
        <previous>19</previous>
    </vehicle>
    <vehicle>
        <id>19</id>
        <bndbox>
            <xmax>76</xmax>
            <xmin>68</xmin>
            <ymax>113</ymax>
            <ymin>106</ymin>
        </bndbox>
        <type>3</type>
        <direction>8</direction>
        <previous>20</previous>
    </vehicle>
    <vehicle>
        <id>20</id>
        <bndbox>
            <xmax>248</xmax>
            <xmin>209</xmin>
            <ymax>164</ymax>
            <ymin>143</ymin>
        </bndbox>
        <type>1</type>
        <direction>5</direction>
        <previous>0</previous>
    </vehicle>
    <vehicle>
        <id>21</id>
        <bndbox>
            <xmax>141</xmax>
            <xmin>121</xmin>
            <ymax>128</ymax>
            <ymin>115</ymin>
        </bndbox>
        <type>4</type>
        <direction>5</direction>
        <previous>21</previous>
    </vehicle>
    <vehicle>
        <id>22</id>
        <bndbox>
            <xmax>114</xmax>
            <xmin>99</xmin>
            <ymax>119</ymax>
            <ymin>110</ymin>
        </bndbox>
        <type>2</type>
        <direction>5</direction>
        <previous>22</previous>
    </vehicle>
    <vehicle>
        <id>23</id>
        <bndbox>
            <xmax>348</xmax>
            <xmin>290</xmin>
            <ymax>180</ymax>
            <ymin>153</ymin>
        </bndbox>
        <type>1</type>
        <direction>5</direction>
        <previous>0</previous>
    </vehicle>
    <vehicle>
        <id>24</id>
        <bndbox>
            <xmax>179</xmax>
            <xmin>158</xmin>
            <ymax>133</ymax>
            <ymin>118</ymin>
        </bndbox>
        <type>2</type>
        <direction>5</direction>
        <previous>24</previous>
    </vehicle>
    <vehicle>
        <id>25</id>
        <bndbox>
            <xmax>125</xmax>
            <xmin>113</xmin>
            <ymax>116</ymax>
            <ymin>107</ymin>
        </bndbox>
        <type>2</type>
        <direction>5</direction>
        <previous>25</previous>
    </vehicle>
    <vehicle>
        <id>26</id>
        <bndbox>
            <xmax>118</xmax>
            <xmin>107</xmin>
            <ymax>113</ymax>
            <ymin>104</ymin>
        </bndbox>
        <type>3</type>
        <direction>5</direction>
        <previous>26</previous>
    </vehicle>
    <vehicle>
        <id>27</id>
        <bndbox>
            <xmax>102</xmax>
            <xmin>93</xmin>
            <ymax>111</ymax>
            <ymin>103</ymin>
        </bndbox>
        <type>3</type>
        <direction>5</direction>
        <previous>27</previous>
    </vehicle>
    <vehicle>
        <id>28</id>
        <bndbox>
            <xmax>92</xmax>
            <xmin>85</xmin>
            <ymax>108</ymax>
            <ymin>101</ymin>
        </bndbox>
        <type>3</type>
        <direction>5</direction>
        <previous>28</previous>
    </vehicle>
</annotation>
