<annotation>
    <video>[Cam253]-2016_4_29_18h_150f.avi</video>
    <frame>000104</frame>
    <time>2016/04/29 18:02:15</time>
    <width>352</width>
    <height>240</height>
    <weather>1</weather>
    <facing>1</facing>
    <flow>2</flow>
    <vehicle>
        <id>1</id>
        <bndbox>
            <xmax>180</xmax>
            <xmin>113</xmin>
            <ymax>239</ymax>
            <ymin>197</ymin>
        </bndbox>
        <type>2</type>
        <direction>8</direction>
        <previous>1</previous>
    </vehicle>
    <vehicle>
        <id>2</id>
        <bndbox>
            <xmax>94</xmax>
            <xmin>71</xmin>
            <ymax>163</ymax>
            <ymin>141</ymin>
        </bndbox>
        <type>1</type>
        <direction>8</direction>
        <previous>2</previous>
    </vehicle>
    <vehicle>
        <id>3</id>
        <bndbox>
            <xmax>77</xmax>
            <xmin>60</xmin>
            <ymax>142</ymax>
            <ymin>128</ymin>
        </bndbox>
        <type>2</type>
        <direction>8</direction>
        <previous>3</previous>
    </vehicle>
    <vehicle>
        <id>4</id>
        <bndbox>
            <xmax>69</xmax>
            <xmin>56</xmin>
            <ymax>130</ymax>
            <ymin>120</ymin>
        </bndbox>
        <type>2</type>
        <direction>8</direction>
        <previous>4</previous>
    </vehicle>
    <vehicle>
        <id>5</id>
        <bndbox>
            <xmax>59</xmax>
            <xmin>49</xmin>
            <ymax>120</ymax>
            <ymin>111</ymin>
        </bndbox>
        <type>1</type>
        <direction>8</direction>
        <previous>5</previous>
    </vehicle>
    <vehicle>
        <id>6</id>
        <bndbox>
            <xmax>54</xmax>
            <xmin>45</xmin>
            <ymax>115</ymax>
            <ymin>107</ymin>
        </bndbox>
        <type>2</type>
        <direction>8</direction>
        <previous>6</previous>
    </vehicle>
    <vehicle>
        <id>7</id>
        <bndbox>
            <xmax>291</xmax>
            <xmin>215</xmin>
            <ymax>239</ymax>
            <ymin>204</ymin>
        </bndbox>
        <type>3</type>
        <direction>8</direction>
        <previous>7</previous>
    </vehicle>
    <vehicle>
        <id>8</id>
        <bndbox>
            <xmax>149</xmax>
            <xmin>111</xmin>
            <ymax>198</ymax>
            <ymin>166</ymin>
        </bndbox>
        <type>2</type>
        <direction>7</direction>
        <previous>8</previous>
    </vehicle>
    <vehicle>
        <id>9</id>
        <bndbox>
            <xmax>120</xmax>
            <xmin>96</xmin>
            <ymax>152</ymax>
            <ymin>135</ymin>
        </bndbox>
        <type>2</type>
        <direction>8</direction>
        <previous>9</previous>
    </vehicle>
    <vehicle>
        <id>10</id>
        <bndbox>
            <xmax>97</xmax>
            <xmin>81</xmin>
            <ymax>136</ymax>
            <ymin>124</ymin>
        </bndbox>
        <type>3</type>
        <direction>8</direction>
        <previous>10</previous>
    </vehicle>
    <vehicle>
        <id>11</id>
        <bndbox>
            <xmax>85</xmax>
            <xmin>74</xmin>
            <ymax>129</ymax>
            <ymin>118</ymin>
        </bndbox>
        <type>2</type>
        <direction>8</direction>
        <previous>11</previous>
    </vehicle>
    <vehicle>
        <id>12</id>
        <bndbox>
            <xmax>78</xmax>
            <xmin>67</xmin>
            <ymax>121</ymax>
            <ymin>112</ymin>
        </bndbox>
        <type>3</type>
        <direction>8</direction>
        <previous>12</previous>
    </vehicle>
    <vehicle>
        <id>13</id>
        <bndbox>
            <xmax>72</xmax>
            <xmin>62</xmin>
            <ymax>116</ymax>
            <ymin>109</ymin>
        </bndbox>
        <type>3</type>
        <direction>8</direction>
        <previous>13</previous>
    </vehicle>
    <vehicle>
        <id>14</id>
        <bndbox>
            <xmax>66</xmax>
            <xmin>59</xmin>
            <ymax>113</ymax>
            <ymin>107</ymin>
        </bndbox>
        <type>2</type>
        <direction>8</direction>
        <previous>14</previous>
    </vehicle>
    <vehicle>
        <id>15</id>
        <bndbox>
            <xmax>62</xmax>
            <xmin>55</xmin>
            <ymax>111</ymax>
            <ymin>105</ymin>
        </bndbox>
        <type>3</type>
        <direction>8</direction>
        <previous>15</previous>
    </vehicle>
    <vehicle>
        <id>16</id>
        <bndbox>
            <xmax>273</xmax>
            <xmin>210</xmin>
            <ymax>206</ymax>
            <ymin>163</ymin>
        </bndbox>
        <type>3</type>
        <direction>8</direction>
        <previous>17</previous>
    </vehicle>
    <vehicle>
        <id>17</id>
        <bndbox>
            <xmax>178</xmax>
            <xmin>146</xmin>
            <ymax>163</ymax>
            <ymin>142</ymin>
        </bndbox>
        <type>3</type>
        <direction>8</direction>
        <previous>18</previous>
    </vehicle>
    <vehicle>
        <id>18</id>
        <bndbox>
            <xmax>135</xmax>
            <xmin>113</xmin>
            <ymax>142</ymax>
            <ymin>125</ymin>
        </bndbox>
        <type>2</type>
        <direction>8</direction>
        <previous>19</previous>
    </vehicle>
    <vehicle>
        <id>19</id>
        <bndbox>
            <xmax>120</xmax>
            <xmin>106</xmin>
            <ymax>133</ymax>
            <ymin>122</ymin>
        </bndbox>
        <type>2</type>
        <direction>8</direction>
        <previous>20</previous>
    </vehicle>
    <vehicle>
        <id>20</id>
        <bndbox>
            <xmax>109</xmax>
            <xmin>97</xmin>
            <ymax>127</ymax>
            <ymin>117</ymin>
        </bndbox>
        <type>2</type>
        <direction>8</direction>
        <previous>21</previous>
    </vehicle>
    <vehicle>
        <id>21</id>
        <bndbox>
            <xmax>97</xmax>
            <xmin>85</xmin>
            <ymax>120</ymax>
            <ymin>111</ymin>
        </bndbox>
        <type>2</type>
        <direction>8</direction>
        <previous>22</previous>
    </vehicle>
    <vehicle>
        <id>22</id>
        <bndbox>
            <xmax>87</xmax>
            <xmin>78</xmin>
            <ymax>117</ymax>
            <ymin>110</ymin>
        </bndbox>
        <type>3</type>
        <direction>8</direction>
        <previous>23</previous>
    </vehicle>
    <vehicle>
        <id>23</id>
        <bndbox>
            <xmax>79</xmax>
            <xmin>71</xmin>
            <ymax>114</ymax>
            <ymin>107</ymin>
        </bndbox>
        <type>2</type>
        <direction>8</direction>
        <previous>24</previous>
    </vehicle>
    <vehicle>
        <id>24</id>
        <bndbox>
            <xmax>78</xmax>
            <xmin>74</xmin>
            <ymax>113</ymax>
            <ymin>108</ymin>
        </bndbox>
        <type>3</type>
        <direction>8</direction>
        <previous>25</previous>
    </vehicle>
    <vehicle>
        <id>25</id>
        <bndbox>
            <xmax>74</xmax>
            <xmin>67</xmin>
            <ymax>112</ymax>
            <ymin>106</ymin>
        </bndbox>
        <type>2</type>
        <direction>8</direction>
        <previous>26</previous>
    </vehicle>
    <vehicle>
        <id>26</id>
        <bndbox>
            <xmax>192</xmax>
            <xmin>166</xmin>
            <ymax>139</ymax>
            <ymin>125</ymin>
        </bndbox>
        <type>3</type>
        <direction>5</direction>
        <previous>27</previous>
    </vehicle>
    <vehicle>
        <id>27</id>
        <bndbox>
            <xmax>162</xmax>
            <xmin>142</xmin>
            <ymax>127</ymax>
            <ymin>116</ymin>
        </bndbox>
        <type>3</type>
        <direction>5</direction>
        <previous>28</previous>
    </vehicle>
    <vehicle>
        <id>28</id>
        <bndbox>
            <xmax>127</xmax>
            <xmin>112</xmin>
            <ymax>123</ymax>
            <ymin>112</ymin>
        </bndbox>
        <type>1</type>
        <direction>5</direction>
        <previous>29</previous>
    </vehicle>
    <vehicle>
        <id>29</id>
        <bndbox>
            <xmax>80</xmax>
            <xmin>73</xmin>
            <ymax>107</ymax>
            <ymin>101</ymin>
        </bndbox>
        <type>2</type>
        <direction>5</direction>
        <previous>30</previous>
    </vehicle>
</annotation>
