<annotation>
    <video>[Cam253]-2016_4_29_18h_150f.avi</video>
    <frame>000107</frame>
    <time>2016/04/29 18:02:18</time>
    <width>352</width>
    <height>240</height>
    <weather>1</weather>
    <facing>1</facing>
    <flow>2</flow>
    <vehicle>
        <id>1</id>
        <bndbox>
            <xmax>116</xmax>
            <xmin>82</xmin>
            <ymax>193</ymax>
            <ymin>162</ymin>
        </bndbox>
        <type>1</type>
        <direction>8</direction>
        <previous>2</previous>
    </vehicle>
    <vehicle>
        <id>2</id>
        <bndbox>
            <xmax>87</xmax>
            <xmin>67</xmin>
            <ymax>154</ymax>
            <ymin>138</ymin>
        </bndbox>
        <type>2</type>
        <direction>8</direction>
        <previous>3</previous>
    </vehicle>
    <vehicle>
        <id>3</id>
        <bndbox>
            <xmax>84</xmax>
            <xmin>65</xmin>
            <ymax>140</ymax>
            <ymin>128</ymin>
        </bndbox>
        <type>2</type>
        <direction>8</direction>
        <previous>4</previous>
    </vehicle>
    <vehicle>
        <id>4</id>
        <bndbox>
            <xmax>65</xmax>
            <xmin>54</xmin>
            <ymax>129</ymax>
            <ymin>118</ymin>
        </bndbox>
        <type>1</type>
        <direction>8</direction>
        <previous>5</previous>
    </vehicle>
    <vehicle>
        <id>5</id>
        <bndbox>
            <xmax>60</xmax>
            <xmin>50</xmin>
            <ymax>123</ymax>
            <ymin>115</ymin>
        </bndbox>
        <type>2</type>
        <direction>8</direction>
        <previous>6</previous>
    </vehicle>
    <vehicle>
        <id>6</id>
        <bndbox>
            <xmax>55</xmax>
            <xmin>45</xmin>
            <ymax>116</ymax>
            <ymin>109</ymin>
        </bndbox>
        <type>2</type>
        <direction>8</direction>
        <previous>7</previous>
    </vehicle>
    <vehicle>
        <id>7</id>
        <bndbox>
            <xmax>174</xmax>
            <xmin>132</xmin>
            <ymax>186</ymax>
            <ymin>159</ymin>
        </bndbox>
        <type>2</type>
        <direction>8</direction>
        <previous>8</previous>
    </vehicle>
    <vehicle>
        <id>8</id>
        <bndbox>
            <xmax>116</xmax>
            <xmin>94</xmin>
            <ymax>151</ymax>
            <ymin>134</ymin>
        </bndbox>
        <type>3</type>
        <direction>8</direction>
        <previous>9</previous>
    </vehicle>
    <vehicle>
        <id>9</id>
        <bndbox>
            <xmax>93</xmax>
            <xmin>78</xmin>
            <ymax>133</ymax>
            <ymin>122</ymin>
        </bndbox>
        <type>2</type>
        <direction>8</direction>
        <previous>10</previous>
    </vehicle>
    <vehicle>
        <id>10</id>
        <bndbox>
            <xmax>80</xmax>
            <xmin>68</xmin>
            <ymax>125</ymax>
            <ymin>116</ymin>
        </bndbox>
        <type>3</type>
        <direction>8</direction>
        <previous>11</previous>
    </vehicle>
    <vehicle>
        <id>11</id>
        <bndbox>
            <xmax>73</xmax>
            <xmin>65</xmin>
            <ymax>118</ymax>
            <ymin>111</ymin>
        </bndbox>
        <type>3</type>
        <direction>8</direction>
        <previous>12</previous>
    </vehicle>
    <vehicle>
        <id>12</id>
        <bndbox>
            <xmax>67</xmax>
            <xmin>59</xmin>
            <ymax>116</ymax>
            <ymin>109</ymin>
        </bndbox>
        <type>2</type>
        <direction>8</direction>
        <previous>13</previous>
    </vehicle>
    <vehicle>
        <id>13</id>
        <bndbox>
            <xmax>64</xmax>
            <xmin>55</xmin>
            <ymax>113</ymax>
            <ymin>106</ymin>
        </bndbox>
        <type>3</type>
        <direction>8</direction>
        <previous>14</previous>
    </vehicle>
    <vehicle>
        <id>14</id>
        <bndbox>
            <xmax>256</xmax>
            <xmin>198</xmin>
            <ymax>205</ymax>
            <ymin>170</ymin>
        </bndbox>
        <type>3</type>
        <direction>8</direction>
        <previous>15</previous>
    </vehicle>
    <vehicle>
        <id>15</id>
        <bndbox>
            <xmax>174</xmax>
            <xmin>140</xmin>
            <ymax>161</ymax>
            <ymin>138</ymin>
        </bndbox>
        <type>2</type>
        <direction>8</direction>
        <previous>16</previous>
    </vehicle>
    <vehicle>
        <id>16</id>
        <bndbox>
            <xmax>135</xmax>
            <xmin>115</xmin>
            <ymax>140</ymax>
            <ymin>126</ymin>
        </bndbox>
        <type>2</type>
        <direction>8</direction>
        <previous>17</previous>
    </vehicle>
    <vehicle>
        <id>17</id>
        <bndbox>
            <xmax>113</xmax>
            <xmin>98</xmin>
            <ymax>130</ymax>
            <ymin>119</ymin>
        </bndbox>
        <type>2</type>
        <direction>8</direction>
        <previous>18</previous>
    </vehicle>
    <vehicle>
        <id>18</id>
        <bndbox>
            <xmax>99</xmax>
            <xmin>86</xmin>
            <ymax>123</ymax>
            <ymin>113</ymin>
        </bndbox>
        <type>2</type>
        <direction>8</direction>
        <previous>19</previous>
    </vehicle>
    <vehicle>
        <id>19</id>
        <bndbox>
            <xmax>88</xmax>
            <xmin>79</xmin>
            <ymax>119</ymax>
            <ymin>111</ymin>
        </bndbox>
        <type>3</type>
        <direction>8</direction>
        <previous>20</previous>
    </vehicle>
    <vehicle>
        <id>20</id>
        <bndbox>
            <xmax>81</xmax>
            <xmin>75</xmin>
            <ymax>116</ymax>
            <ymin>111</ymin>
        </bndbox>
        <type>2</type>
        <direction>8</direction>
        <previous>21</previous>
    </vehicle>
    <vehicle>
        <id>21</id>
        <bndbox>
            <xmax>79</xmax>
            <xmin>71</xmin>
            <ymax>114</ymax>
            <ymin>108</ymin>
        </bndbox>
        <type>3</type>
        <direction>8</direction>
        <previous>22</previous>
    </vehicle>
    <vehicle>
        <id>22</id>
        <bndbox>
            <xmax>74</xmax>
            <xmin>67</xmin>
            <ymax>113</ymax>
            <ymin>106</ymin>
        </bndbox>
        <type>2</type>
        <direction>8</direction>
        <previous>23</previous>
    </vehicle>
    <vehicle>
        <id>23</id>
        <bndbox>
            <xmax>192</xmax>
            <xmin>165</xmin>
            <ymax>148</ymax>
            <ymin>132</ymin>
        </bndbox>
        <type>3</type>
        <direction>5</direction>
        <previous>24</previous>
    </vehicle>
    <vehicle>
        <id>24</id>
        <bndbox>
            <xmax>104</xmax>
            <xmin>93</xmin>
            <ymax>117</ymax>
            <ymin>109</ymin>
        </bndbox>
        <type>2</type>
        <direction>5</direction>
        <previous>29</previous>
    </vehicle>
    <vehicle>
        <id>25</id>
        <bndbox>
            <xmax>351</xmax>
            <xmin>309</xmin>
            <ymax>173</ymax>
            <ymin>148</ymin>
        </bndbox>
        <type>2</type>
        <direction>5</direction>
        <previous>0</previous>
    </vehicle>
    <vehicle>
        <id>26</id>
        <bndbox>
            <xmax>216</xmax>
            <xmin>184</xmin>
            <ymax>143</ymax>
            <ymin>121</ymin>
        </bndbox>
        <type>10</type>
        <direction>5</direction>
        <previous>25</previous>
    </vehicle>
    <vehicle>
        <id>27</id>
        <bndbox>
            <xmax>167</xmax>
            <xmin>152</xmin>
            <ymax>130</ymax>
            <ymin>118</ymin>
        </bndbox>
        <type>2</type>
        <direction>5</direction>
        <previous>27</previous>
    </vehicle>
    <vehicle>
        <id>28</id>
        <bndbox>
            <xmax>178</xmax>
            <xmin>160</xmin>
            <ymax>125</ymax>
            <ymin>113</ymin>
        </bndbox>
        <type>7</type>
        <direction>5</direction>
        <previous>26</previous>
    </vehicle>
    <vehicle>
        <id>29</id>
        <bndbox>
            <xmax>144</xmax>
            <xmin>129</xmin>
            <ymax>119</ymax>
            <ymin>110</ymin>
        </bndbox>
        <type>2</type>
        <direction>5</direction>
        <previous>28</previous>
    </vehicle>
    <vehicle>
        <id>30</id>
        <bndbox>
            <xmax>87</xmax>
            <xmin>81</xmin>
            <ymax>107</ymax>
            <ymin>100</ymin>
        </bndbox>
        <type>3</type>
        <direction>5</direction>
        <previous>31</previous>
    </vehicle>
    <vehicle>
        <id>31</id>
        <bndbox>
            <xmax>78</xmax>
            <xmin>73</xmin>
            <ymax>108</ymax>
            <ymin>102</ymin>
        </bndbox>
        <type>3</type>
        <direction>5</direction>
        <previous>30</previous>
    </vehicle>
</annotation>
