<annotation>
    <video>[Cam253]-2016_4_29_18h_150f.avi</video>
    <frame>000131</frame>
    <time>2016/04/29 18:02:44</time>
    <width>352</width>
    <height>240</height>
    <weather>1</weather>
    <facing>1</facing>
    <flow>2</flow>
    <vehicle>
        <id>1</id>
        <bndbox>
            <xmax>187</xmax>
            <xmin>118</xmin>
            <ymax>239</ymax>
            <ymin>205</ymin>
        </bndbox>
        <type>2</type>
        <direction>8</direction>
        <previous>1</previous>
    </vehicle>
    <vehicle>
        <id>2</id>
        <bndbox>
            <xmax>107</xmax>
            <xmin>76</xmin>
            <ymax>187</ymax>
            <ymin>159</ymin>
        </bndbox>
        <type>1</type>
        <direction>8</direction>
        <previous>2</previous>
    </vehicle>
    <vehicle>
        <id>3</id>
        <bndbox>
            <xmax>75</xmax>
            <xmin>61</xmin>
            <ymax>139</ymax>
            <ymin>125</ymin>
        </bndbox>
        <type>2</type>
        <direction>8</direction>
        <previous>3</previous>
    </vehicle>
    <vehicle>
        <id>4</id>
        <bndbox>
            <xmax>63</xmax>
            <xmin>54</xmin>
            <ymax>130</ymax>
            <ymin>119</ymin>
        </bndbox>
        <type>3</type>
        <direction>8</direction>
        <previous>4</previous>
    </vehicle>
    <vehicle>
        <id>5</id>
        <bndbox>
            <xmax>58</xmax>
            <xmin>48</xmin>
            <ymax>121</ymax>
            <ymin>113</ymin>
        </bndbox>
        <type>2</type>
        <direction>8</direction>
        <previous>5</previous>
    </vehicle>
    <vehicle>
        <id>6</id>
        <bndbox>
            <xmax>52</xmax>
            <xmin>45</xmin>
            <ymax>113</ymax>
            <ymin>108</ymin>
        </bndbox>
        <type>3</type>
        <direction>8</direction>
        <previous>0</previous>
    </vehicle>
    <vehicle>
        <id>7</id>
        <bndbox>
            <xmax>216</xmax>
            <xmin>158</xmin>
            <ymax>224</ymax>
            <ymin>177</ymin>
        </bndbox>
        <type>3</type>
        <direction>8</direction>
        <previous>6</previous>
    </vehicle>
    <vehicle>
        <id>8</id>
        <bndbox>
            <xmax>155</xmax>
            <xmin>119</xmin>
            <ymax>179</ymax>
            <ymin>153</ymin>
        </bndbox>
        <type>2</type>
        <direction>8</direction>
        <previous>7</previous>
    </vehicle>
    <vehicle>
        <id>9</id>
        <bndbox>
            <xmax>115</xmax>
            <xmin>92</xmin>
            <ymax>152</ymax>
            <ymin>135</ymin>
        </bndbox>
        <type>3</type>
        <direction>8</direction>
        <previous>8</previous>
    </vehicle>
    <vehicle>
        <id>10</id>
        <bndbox>
            <xmax>95</xmax>
            <xmin>81</xmin>
            <ymax>137</ymax>
            <ymin>126</ymin>
        </bndbox>
        <type>3</type>
        <direction>8</direction>
        <previous>9</previous>
    </vehicle>
    <vehicle>
        <id>11</id>
        <bndbox>
            <xmax>84</xmax>
            <xmin>72</xmin>
            <ymax>128</ymax>
            <ymin>119</ymin>
        </bndbox>
        <type>2</type>
        <direction>8</direction>
        <previous>10</previous>
    </vehicle>
    <vehicle>
        <id>12</id>
        <bndbox>
            <xmax>70</xmax>
            <xmin>62</xmin>
            <ymax>117</ymax>
            <ymin>112</ymin>
        </bndbox>
        <type>2</type>
        <direction>8</direction>
        <previous>11</previous>
    </vehicle>
    <vehicle>
        <id>13</id>
        <bndbox>
            <xmax>66</xmax>
            <xmin>56</xmin>
            <ymax>114</ymax>
            <ymin>106</ymin>
        </bndbox>
        <type>3</type>
        <direction>8</direction>
        <previous>12</previous>
    </vehicle>
    <vehicle>
        <id>14</id>
        <bndbox>
            <xmax>323</xmax>
            <xmin>239</xmin>
            <ymax>239</ymax>
            <ymin>185</ymin>
        </bndbox>
        <type>3</type>
        <direction>8</direction>
        <previous>13</previous>
    </vehicle>
    <vehicle>
        <id>15</id>
        <bndbox>
            <xmax>222</xmax>
            <xmin>178</xmin>
            <ymax>188</ymax>
            <ymin>160</ymin>
        </bndbox>
        <type>2</type>
        <direction>8</direction>
        <previous>14</previous>
    </vehicle>
    <vehicle>
        <id>16</id>
        <bndbox>
            <xmax>183</xmax>
            <xmin>149</xmin>
            <ymax>166</ymax>
            <ymin>141</ymin>
        </bndbox>
        <type>3</type>
        <direction>8</direction>
        <previous>15</previous>
    </vehicle>
    <vehicle>
        <id>17</id>
        <bndbox>
            <xmax>149</xmax>
            <xmin>125</xmin>
            <ymax>149</ymax>
            <ymin>132</ymin>
        </bndbox>
        <type>2</type>
        <direction>8</direction>
        <previous>16</previous>
    </vehicle>
    <vehicle>
        <id>18</id>
        <bndbox>
            <xmax>129</xmax>
            <xmin>112</xmin>
            <ymax>138</ymax>
            <ymin>126</ymin>
        </bndbox>
        <type>2</type>
        <direction>8</direction>
        <previous>17</previous>
    </vehicle>
    <vehicle>
        <id>19</id>
        <bndbox>
            <xmax>110</xmax>
            <xmin>98</xmin>
            <ymax>129</ymax>
            <ymin>120</ymin>
        </bndbox>
        <type>3</type>
        <direction>8</direction>
        <previous>18</previous>
    </vehicle>
    <vehicle>
        <id>20</id>
        <bndbox>
            <xmax>97</xmax>
            <xmin>86</xmin>
            <ymax>125</ymax>
            <ymin>114</ymin>
        </bndbox>
        <type>3</type>
        <direction>8</direction>
        <previous>19</previous>
    </vehicle>
    <vehicle>
        <id>21</id>
        <bndbox>
            <xmax>85</xmax>
            <xmin>77</xmin>
            <ymax>116</ymax>
            <ymin>109</ymin>
        </bndbox>
        <type>1</type>
        <direction>8</direction>
        <previous>20</previous>
    </vehicle>
    <vehicle>
        <id>22</id>
        <bndbox>
            <xmax>77</xmax>
            <xmin>68</xmin>
            <ymax>113</ymax>
            <ymin>106</ymin>
        </bndbox>
        <type>2</type>
        <direction>8</direction>
        <previous>21</previous>
    </vehicle>
    <vehicle>
        <id>23</id>
        <bndbox>
            <xmax>131</xmax>
            <xmin>114</xmin>
            <ymax>125</ymax>
            <ymin>114</ymin>
        </bndbox>
        <type>2</type>
        <direction>5</direction>
        <previous>22</previous>
    </vehicle>
    <vehicle>
        <id>24</id>
        <bndbox>
            <xmax>237</xmax>
            <xmin>203</xmin>
            <ymax>149</ymax>
            <ymin>132</ymin>
        </bndbox>
        <type>3</type>
        <direction>5</direction>
        <previous>0</previous>
    </vehicle>
    <vehicle>
        <id>25</id>
        <bndbox>
            <xmax>94</xmax>
            <xmin>86</xmin>
            <ymax>109</ymax>
            <ymin>101</ymin>
        </bndbox>
        <type>3</type>
        <direction>5</direction>
        <previous>23</previous>
    </vehicle>
    <vehicle>
        <id>26</id>
        <bndbox>
            <xmax>336</xmax>
            <xmin>282</xmin>
            <ymax>167</ymax>
            <ymin>145</ymin>
        </bndbox>
        <type>3</type>
        <direction>5</direction>
        <previous>0</previous>
    </vehicle>
    <vehicle>
        <id>27</id>
        <bndbox>
            <xmax>255</xmax>
            <xmin>216</xmin>
            <ymax>142</ymax>
            <ymin>123</ymin>
        </bndbox>
        <type>7</type>
        <direction>5</direction>
        <previous>0</previous>
    </vehicle>
</annotation>
