<annotation>
    <video>[Cam253]-2016_4_29_18h_150f.avi</video>
    <frame>000111</frame>
    <time>2016/04/29 18:02:22</time>
    <width>352</width>
    <height>240</height>
    <weather>1</weather>
    <facing>1</facing>
    <flow>2</flow>
    <vehicle>
        <id>1</id>
        <bndbox>
            <xmax>150</xmax>
            <xmin>100</xmin>
            <ymax>231</ymax>
            <ymin>184</ymin>
        </bndbox>
        <type>2</type>
        <direction>8</direction>
        <previous>1</previous>
    </vehicle>
    <vehicle>
        <id>2</id>
        <bndbox>
            <xmax>83</xmax>
            <xmin>64</xmin>
            <ymax>152</ymax>
            <ymin>131</ymin>
        </bndbox>
        <type>1</type>
        <direction>8</direction>
        <previous>2</previous>
    </vehicle>
    <vehicle>
        <id>3</id>
        <bndbox>
            <xmax>69</xmax>
            <xmin>56</xmin>
            <ymax>135</ymax>
            <ymin>123</ymin>
        </bndbox>
        <type>2</type>
        <direction>8</direction>
        <previous>3</previous>
    </vehicle>
    <vehicle>
        <id>4</id>
        <bndbox>
            <xmax>61</xmax>
            <xmin>49</xmin>
            <ymax>123</ymax>
            <ymin>114</ymin>
        </bndbox>
        <type>2</type>
        <direction>8</direction>
        <previous>4</previous>
    </vehicle>
    <vehicle>
        <id>5</id>
        <bndbox>
            <xmax>56</xmax>
            <xmin>46</xmin>
            <ymax>118</ymax>
            <ymin>111</ymin>
        </bndbox>
        <type>3</type>
        <direction>8</direction>
        <previous>5</previous>
    </vehicle>
    <vehicle>
        <id>6</id>
        <bndbox>
            <xmax>264</xmax>
            <xmin>189</xmin>
            <ymax>239</ymax>
            <ymin>206</ymin>
        </bndbox>
        <type>3</type>
        <direction>8</direction>
        <previous>6</previous>
    </vehicle>
    <vehicle>
        <id>7</id>
        <bndbox>
            <xmax>132</xmax>
            <xmin>99</xmin>
            <ymax>173</ymax>
            <ymin>148</ymin>
        </bndbox>
        <type>2</type>
        <direction>8</direction>
        <previous>7</previous>
    </vehicle>
    <vehicle>
        <id>8</id>
        <bndbox>
            <xmax>112</xmax>
            <xmin>90</xmin>
            <ymax>149</ymax>
            <ymin>131</ymin>
        </bndbox>
        <type>2</type>
        <direction>8</direction>
        <previous>8</previous>
    </vehicle>
    <vehicle>
        <id>9</id>
        <bndbox>
            <xmax>92</xmax>
            <xmin>76</xmin>
            <ymax>132</ymax>
            <ymin>120</ymin>
        </bndbox>
        <type>3</type>
        <direction>8</direction>
        <previous>9</previous>
    </vehicle>
    <vehicle>
        <id>10</id>
        <bndbox>
            <xmax>80</xmax>
            <xmin>70</xmin>
            <ymax>124</ymax>
            <ymin>115</ymin>
        </bndbox>
        <type>3</type>
        <direction>8</direction>
        <previous>10</previous>
    </vehicle>
    <vehicle>
        <id>11</id>
        <bndbox>
            <xmax>71</xmax>
            <xmin>63</xmin>
            <ymax>119</ymax>
            <ymin>112</ymin>
        </bndbox>
        <type>2</type>
        <direction>8</direction>
        <previous>11</previous>
    </vehicle>
    <vehicle>
        <id>12</id>
        <bndbox>
            <xmax>67</xmax>
            <xmin>59</xmin>
            <ymax>116</ymax>
            <ymin>109</ymin>
        </bndbox>
        <type>3</type>
        <direction>8</direction>
        <previous>12</previous>
    </vehicle>
    <vehicle>
        <id>13</id>
        <bndbox>
            <xmax>349</xmax>
            <xmin>253</xmin>
            <ymax>239</ymax>
            <ymin>187</ymin>
        </bndbox>
        <type>2</type>
        <direction>8</direction>
        <previous>13</previous>
    </vehicle>
    <vehicle>
        <id>14</id>
        <bndbox>
            <xmax>216</xmax>
            <xmin>172</xmin>
            <ymax>182</ymax>
            <ymin>154</ymin>
        </bndbox>
        <type>2</type>
        <direction>8</direction>
        <previous>14</previous>
    </vehicle>
    <vehicle>
        <id>15</id>
        <bndbox>
            <xmax>149</xmax>
            <xmin>126</xmin>
            <ymax>148</ymax>
            <ymin>132</ymin>
        </bndbox>
        <type>2</type>
        <direction>8</direction>
        <previous>15</previous>
    </vehicle>
    <vehicle>
        <id>16</id>
        <bndbox>
            <xmax>110</xmax>
            <xmin>93</xmin>
            <ymax>128</ymax>
            <ymin>117</ymin>
        </bndbox>
        <type>2</type>
        <direction>8</direction>
        <previous>16</previous>
    </vehicle>
    <vehicle>
        <id>17</id>
        <bndbox>
            <xmax>93</xmax>
            <xmin>85</xmin>
            <ymax>123</ymax>
            <ymin>112</ymin>
        </bndbox>
        <type>3</type>
        <direction>8</direction>
        <previous>17</previous>
    </vehicle>
    <vehicle>
        <id>18</id>
        <bndbox>
            <xmax>86</xmax>
            <xmin>78</xmin>
            <ymax>118</ymax>
            <ymin>112</ymin>
        </bndbox>
        <type>2</type>
        <direction>8</direction>
        <previous>18</previous>
    </vehicle>
    <vehicle>
        <id>19</id>
        <bndbox>
            <xmax>83</xmax>
            <xmin>75</xmin>
            <ymax>114</ymax>
            <ymin>108</ymin>
        </bndbox>
        <type>3</type>
        <direction>8</direction>
        <previous>19</previous>
    </vehicle>
    <vehicle>
        <id>20</id>
        <bndbox>
            <xmax>77</xmax>
            <xmin>69</xmin>
            <ymax>113</ymax>
            <ymin>107</ymin>
        </bndbox>
        <type>2</type>
        <direction>8</direction>
        <previous>20</previous>
    </vehicle>
    <vehicle>
        <id>21</id>
        <bndbox>
            <xmax>334</xmax>
            <xmin>269</xmin>
            <ymax>198</ymax>
            <ymin>167</ymin>
        </bndbox>
        <type>2</type>
        <direction>5</direction>
        <previous>0</previous>
    </vehicle>
    <vehicle>
        <id>22</id>
        <bndbox>
            <xmax>185</xmax>
            <xmin>159</xmin>
            <ymax>143</ymax>
            <ymin>130</ymin>
        </bndbox>
        <type>2</type>
        <direction>5</direction>
        <previous>21</previous>
    </vehicle>
    <vehicle>
        <id>23</id>
        <bndbox>
            <xmax>191</xmax>
            <xmin>168</xmin>
            <ymax>135</ymax>
            <ymin>123</ymin>
        </bndbox>
        <type>2</type>
        <direction>5</direction>
        <previous>22</previous>
    </vehicle>
    <vehicle>
        <id>24</id>
        <bndbox>
            <xmax>237</xmax>
            <xmin>205</xmin>
            <ymax>139</ymax>
            <ymin>123</ymin>
        </bndbox>
        <type>2</type>
        <direction>5</direction>
        <previous>23</previous>
    </vehicle>
    <vehicle>
        <id>25</id>
        <bndbox>
            <xmax>137</xmax>
            <xmin>121</xmin>
            <ymax>128</ymax>
            <ymin>118</ymin>
        </bndbox>
        <type>2</type>
        <direction>5</direction>
        <previous>24</previous>
    </vehicle>
    <vehicle>
        <id>26</id>
        <bndbox>
            <xmax>104</xmax>
            <xmin>93</xmin>
            <ymax>115</ymax>
            <ymin>107</ymin>
        </bndbox>
        <type>2</type>
        <direction>5</direction>
        <previous>25</previous>
    </vehicle>
    <vehicle>
        <id>27</id>
        <bndbox>
            <xmax>110</xmax>
            <xmin>100</xmin>
            <ymax>109</ymax>
            <ymin>103</ymin>
        </bndbox>
        <type>2</type>
        <direction>5</direction>
        <previous>26</previous>
    </vehicle>
    <vehicle>
        <id>28</id>
        <bndbox>
            <xmax>97</xmax>
            <xmin>90</xmin>
            <ymax>108</ymax>
            <ymin>100</ymin>
        </bndbox>
        <type>10</type>
        <direction>5</direction>
        <previous>27</previous>
    </vehicle>
    <vehicle>
        <id>29</id>
        <bndbox>
            <xmax>91</xmax>
            <xmin>83</xmin>
            <ymax>107</ymax>
            <ymin>101</ymin>
        </bndbox>
        <type>7</type>
        <direction>5</direction>
        <previous>28</previous>
    </vehicle>
</annotation>
