<annotation>
    <video>[Cam253]-2016_4_29_18h_150f.avi</video>
    <frame>000118</frame>
    <time>2016/04/29 18:02:30</time>
    <width>352</width>
    <height>240</height>
    <weather>1</weather>
    <facing>1</facing>
    <flow>2</flow>
    <vehicle>
        <id>1</id>
        <bndbox>
            <xmax>108</xmax>
            <xmin>76</xmin>
            <ymax>180</ymax>
            <ymin>149</ymin>
        </bndbox>
        <type>2</type>
        <direction>8</direction>
        <previous>2</previous>
    </vehicle>
    <vehicle>
        <id>2</id>
        <bndbox>
            <xmax>80</xmax>
            <xmin>62</xmin>
            <ymax>143</ymax>
            <ymin>130</ymin>
        </bndbox>
        <type>1</type>
        <direction>8</direction>
        <previous>3</previous>
    </vehicle>
    <vehicle>
        <id>3</id>
        <bndbox>
            <xmax>63</xmax>
            <xmin>53</xmin>
            <ymax>129</ymax>
            <ymin>120</ymin>
        </bndbox>
        <type>3</type>
        <direction>8</direction>
        <previous>4</previous>
    </vehicle>
    <vehicle>
        <id>4</id>
        <bndbox>
            <xmax>60</xmax>
            <xmin>49</xmin>
            <ymax>121</ymax>
            <ymin>114</ymin>
        </bndbox>
        <type>2</type>
        <direction>8</direction>
        <previous>5</previous>
    </vehicle>
    <vehicle>
        <id>5</id>
        <bndbox>
            <xmax>57</xmax>
            <xmin>48</xmin>
            <ymax>115</ymax>
            <ymin>108</ymin>
        </bndbox>
        <type>2</type>
        <direction>8</direction>
        <previous>0</previous>
    </vehicle>
    <vehicle>
        <id>6</id>
        <bndbox>
            <xmax>198</xmax>
            <xmin>146</xmin>
            <ymax>208</ymax>
            <ymin>171</ymin>
        </bndbox>
        <type>3</type>
        <direction>8</direction>
        <previous>6</previous>
    </vehicle>
    <vehicle>
        <id>7</id>
        <bndbox>
            <xmax>134</xmax>
            <xmin>108</xmin>
            <ymax>163</ymax>
            <ymin>142</ymin>
        </bndbox>
        <type>3</type>
        <direction>8</direction>
        <previous>7</previous>
    </vehicle>
    <vehicle>
        <id>8</id>
        <bndbox>
            <xmax>96</xmax>
            <xmin>80</xmin>
            <ymax>137</ymax>
            <ymin>123</ymin>
        </bndbox>
        <type>2</type>
        <direction>8</direction>
        <previous>8</previous>
    </vehicle>
    <vehicle>
        <id>9</id>
        <bndbox>
            <xmax>79</xmax>
            <xmin>70</xmin>
            <ymax>124</ymax>
            <ymin>116</ymin>
        </bndbox>
        <type>3</type>
        <direction>8</direction>
        <previous>9</previous>
    </vehicle>
    <vehicle>
        <id>10</id>
        <bndbox>
            <xmax>72</xmax>
            <xmin>66</xmin>
            <ymax>119</ymax>
            <ymin>112</ymin>
        </bndbox>
        <type>2</type>
        <direction>8</direction>
        <previous>10</previous>
    </vehicle>
    <vehicle>
        <id>11</id>
        <bndbox>
            <xmax>64</xmax>
            <xmin>57</xmin>
            <ymax>112</ymax>
            <ymin>106</ymin>
        </bndbox>
        <type>3</type>
        <direction>8</direction>
        <previous>11</previous>
    </vehicle>
    <vehicle>
        <id>12</id>
        <bndbox>
            <xmax>215</xmax>
            <xmin>164</xmin>
            <ymax>180</ymax>
            <ymin>146</ymin>
        </bndbox>
        <type>2</type>
        <direction>8</direction>
        <previous>12</previous>
    </vehicle>
    <vehicle>
        <id>13</id>
        <bndbox>
            <xmax>137</xmax>
            <xmin>117</xmin>
            <ymax>144</ymax>
            <ymin>129</ymin>
        </bndbox>
        <type>3</type>
        <direction>8</direction>
        <previous>13</previous>
    </vehicle>
    <vehicle>
        <id>14</id>
        <bndbox>
            <xmax>112</xmax>
            <xmin>97</xmin>
            <ymax>132</ymax>
            <ymin>122</ymin>
        </bndbox>
        <type>2</type>
        <direction>8</direction>
        <previous>14</previous>
    </vehicle>
    <vehicle>
        <id>15</id>
        <bndbox>
            <xmax>98</xmax>
            <xmin>86</xmin>
            <ymax>122</ymax>
            <ymin>113</ymin>
        </bndbox>
        <type>3</type>
        <direction>8</direction>
        <previous>15</previous>
    </vehicle>
    <vehicle>
        <id>16</id>
        <bndbox>
            <xmax>88</xmax>
            <xmin>77</xmin>
            <ymax>117</ymax>
            <ymin>109</ymin>
        </bndbox>
        <type>2</type>
        <direction>8</direction>
        <previous>16</previous>
    </vehicle>
    <vehicle>
        <id>17</id>
        <bndbox>
            <xmax>74</xmax>
            <xmin>67</xmin>
            <ymax>111</ymax>
            <ymin>104</ymin>
        </bndbox>
        <type>2</type>
        <direction>8</direction>
        <previous>17</previous>
    </vehicle>
    <vehicle>
        <id>18</id>
        <bndbox>
            <xmax>336</xmax>
            <xmin>271</xmin>
            <ymax>194</ymax>
            <ymin>163</ymin>
        </bndbox>
        <type>2</type>
        <direction>5</direction>
        <previous>0</previous>
    </vehicle>
    <vehicle>
        <id>19</id>
        <bndbox>
            <xmax>131</xmax>
            <xmin>115</xmin>
            <ymax>125</ymax>
            <ymin>115</ymin>
        </bndbox>
        <type>3</type>
        <direction>5</direction>
        <previous>18</previous>
    </vehicle>
    <vehicle>
        <id>20</id>
        <bndbox>
            <xmax>109</xmax>
            <xmin>97</xmin>
            <ymax>116</ymax>
            <ymin>108</ymin>
        </bndbox>
        <type>3</type>
        <direction>5</direction>
        <previous>19</previous>
    </vehicle>
    <vehicle>
        <id>21</id>
        <bndbox>
            <xmax>86</xmax>
            <xmin>79</xmin>
            <ymax>108</ymax>
            <ymin>103</ymin>
        </bndbox>
        <type>2</type>
        <direction>5</direction>
        <previous>20</previous>
    </vehicle>
    <vehicle>
        <id>22</id>
        <bndbox>
            <xmax>191</xmax>
            <xmin>167</xmin>
            <ymax>137</ymax>
            <ymin>122</ymin>
        </bndbox>
        <type>3</type>
        <direction>5</direction>
        <previous>22</previous>
    </vehicle>
    <vehicle>
        <id>23</id>
        <bndbox>
            <xmax>98</xmax>
            <xmin>92</xmin>
            <ymax>108</ymax>
            <ymin>102</ymin>
        </bndbox>
        <type>2</type>
        <direction>5</direction>
        <previous>23</previous>
    </vehicle>
    <vehicle>
        <id>24</id>
        <bndbox>
            <xmax>130</xmax>
            <xmin>121</xmin>
            <ymax>114</ymax>
            <ymin>107</ymin>
        </bndbox>
        <type>2</type>
        <direction>5</direction>
        <previous>26</previous>
    </vehicle>
</annotation>
