<annotation>
    <video>[Cam253]-2016_4_29_18h_150f.avi</video>
    <frame>000140</frame>
    <time>2016/04/29 18:02:54</time>
    <width>352</width>
    <height>240</height>
    <weather>1</weather>
    <facing>1</facing>
    <flow>2</flow>
    <vehicle>
        <id>1</id>
        <bndbox>
            <xmax>123</xmax>
            <xmin>82</xmin>
            <ymax>205</ymax>
            <ymin>164</ymin>
        </bndbox>
        <type>2</type>
        <direction>8</direction>
        <previous>1</previous>
    </vehicle>
    <vehicle>
        <id>2</id>
        <bndbox>
            <xmax>76</xmax>
            <xmin>60</xmin>
            <ymax>142</ymax>
            <ymin>127</ymin>
        </bndbox>
        <type>3</type>
        <direction>8</direction>
        <previous>2</previous>
    </vehicle>
    <vehicle>
        <id>3</id>
        <bndbox>
            <xmax>62</xmax>
            <xmin>50</xmin>
            <ymax>126</ymax>
            <ymin>115</ymin>
        </bndbox>
        <type>2</type>
        <direction>8</direction>
        <previous>3</previous>
    </vehicle>
    <vehicle>
        <id>4</id>
        <bndbox>
            <xmax>58</xmax>
            <xmin>49</xmin>
            <ymax>119</ymax>
            <ymin>113</ymin>
        </bndbox>
        <type>2</type>
        <direction>8</direction>
        <previous>0</previous>
    </vehicle>
    <vehicle>
        <id>5</id>
        <bndbox>
            <xmax>56</xmax>
            <xmin>48</xmin>
            <ymax>116</ymax>
            <ymin>112</ymin>
        </bndbox>
        <type>2</type>
        <direction>8</direction>
        <previous>0</previous>
    </vehicle>
    <vehicle>
        <id>6</id>
        <bndbox>
            <xmax>56</xmax>
            <xmin>46</xmin>
            <ymax>114</ymax>
            <ymin>110</ymin>
        </bndbox>
        <type>1</type>
        <direction>8</direction>
        <previous>0</previous>
    </vehicle>
    <vehicle>
        <id>7</id>
        <bndbox>
            <xmax>242</xmax>
            <xmin>172</xmin>
            <ymax>239</ymax>
            <ymin>190</ymin>
        </bndbox>
        <type>3</type>
        <direction>8</direction>
        <previous>5</previous>
    </vehicle>
    <vehicle>
        <id>8</id>
        <bndbox>
            <xmax>161</xmax>
            <xmin>122</xmin>
            <ymax>183</ymax>
            <ymin>151</ymin>
        </bndbox>
        <type>3</type>
        <direction>8</direction>
        <previous>6</previous>
    </vehicle>
    <vehicle>
        <id>9</id>
        <bndbox>
            <xmax>125</xmax>
            <xmin>97</xmin>
            <ymax>160</ymax>
            <ymin>140</ymin>
        </bndbox>
        <type>2</type>
        <direction>8</direction>
        <previous>7</previous>
    </vehicle>
    <vehicle>
        <id>10</id>
        <bndbox>
            <xmax>95</xmax>
            <xmin>78</xmin>
            <ymax>134</ymax>
            <ymin>123</ymin>
        </bndbox>
        <type>2</type>
        <direction>8</direction>
        <previous>8</previous>
    </vehicle>
    <vehicle>
        <id>11</id>
        <bndbox>
            <xmax>81</xmax>
            <xmin>68</xmin>
            <ymax>125</ymax>
            <ymin>114</ymin>
        </bndbox>
        <type>3</type>
        <direction>8</direction>
        <previous>9</previous>
    </vehicle>
    <vehicle>
        <id>12</id>
        <bndbox>
            <xmax>74</xmax>
            <xmin>63</xmin>
            <ymax>120</ymax>
            <ymin>113</ymin>
        </bndbox>
        <type>2</type>
        <direction>8</direction>
        <previous>10</previous>
    </vehicle>
    <vehicle>
        <id>13</id>
        <bndbox>
            <xmax>66</xmax>
            <xmin>56</xmin>
            <ymax>114</ymax>
            <ymin>107</ymin>
        </bndbox>
        <type>2</type>
        <direction>8</direction>
        <previous>11</previous>
    </vehicle>
    <vehicle>
        <id>14</id>
        <bndbox>
            <xmax>351</xmax>
            <xmin>318</xmin>
            <ymax>239</ymax>
            <ymin>215</ymin>
        </bndbox>
        <type>2</type>
        <direction>8</direction>
        <previous>12</previous>
    </vehicle>
    <vehicle>
        <id>15</id>
        <bndbox>
            <xmax>171</xmax>
            <xmin>139</xmin>
            <ymax>159</ymax>
            <ymin>138</ymin>
        </bndbox>
        <type>2</type>
        <direction>8</direction>
        <previous>13</previous>
    </vehicle>
    <vehicle>
        <id>16</id>
        <bndbox>
            <xmax>123</xmax>
            <xmin>104</xmin>
            <ymax>135</ymax>
            <ymin>121</ymin>
        </bndbox>
        <type>3</type>
        <direction>8</direction>
        <previous>14</previous>
    </vehicle>
    <vehicle>
        <id>17</id>
        <bndbox>
            <xmax>105</xmax>
            <xmin>88</xmin>
            <ymax>128</ymax>
            <ymin>115</ymin>
        </bndbox>
        <type>3</type>
        <direction>8</direction>
        <previous>15</previous>
    </vehicle>
    <vehicle>
        <id>18</id>
        <bndbox>
            <xmax>97</xmax>
            <xmin>87</xmin>
            <ymax>121</ymax>
            <ymin>113</ymin>
        </bndbox>
        <type>1</type>
        <direction>8</direction>
        <previous>16</previous>
    </vehicle>
    <vehicle>
        <id>19</id>
        <bndbox>
            <xmax>91</xmax>
            <xmin>81</xmin>
            <ymax>119</ymax>
            <ymin>113</ymin>
        </bndbox>
        <type>2</type>
        <direction>8</direction>
        <previous>17</previous>
    </vehicle>
    <vehicle>
        <id>20</id>
        <bndbox>
            <xmax>84</xmax>
            <xmin>76</xmin>
            <ymax>115</ymax>
            <ymin>110</ymin>
        </bndbox>
        <type>2</type>
        <direction>8</direction>
        <previous>18</previous>
    </vehicle>
    <vehicle>
        <id>21</id>
        <bndbox>
            <xmax>81</xmax>
            <xmin>72</xmin>
            <ymax>114</ymax>
            <ymin>108</ymin>
        </bndbox>
        <type>2</type>
        <direction>8</direction>
        <previous>19</previous>
    </vehicle>
    <vehicle>
        <id>22</id>
        <bndbox>
            <xmax>77</xmax>
            <xmin>68</xmin>
            <ymax>112</ymax>
            <ymin>107</ymin>
        </bndbox>
        <type>2</type>
        <direction>8</direction>
        <previous>0</previous>
    </vehicle>
    <vehicle>
        <id>23</id>
        <bndbox>
            <xmax>299</xmax>
            <xmin>246</xmin>
            <ymax>166</ymax>
            <ymin>143</ymin>
        </bndbox>
        <type>1</type>
        <direction>5</direction>
        <previous>0</previous>
    </vehicle>
    <vehicle>
        <id>24</id>
        <bndbox>
            <xmax>118</xmax>
            <xmin>105</xmin>
            <ymax>120</ymax>
            <ymin>111</ymin>
        </bndbox>
        <type>3</type>
        <direction>5</direction>
        <previous>20</previous>
    </vehicle>
    <vehicle>
        <id>25</id>
        <bndbox>
            <xmax>95</xmax>
            <xmin>85</xmin>
            <ymax>113</ymax>
            <ymin>106</ymin>
        </bndbox>
        <type>2</type>
        <direction>5</direction>
        <previous>21</previous>
    </vehicle>
    <vehicle>
        <id>26</id>
        <bndbox>
            <xmax>351</xmax>
            <xmin>319</xmin>
            <ymax>173</ymax>
            <ymin>150</ymin>
        </bndbox>
        <type>3</type>
        <direction>5</direction>
        <previous>0</previous>
    </vehicle>
    <vehicle>
        <id>27</id>
        <bndbox>
            <xmax>157</xmax>
            <xmin>138</xmin>
            <ymax>126</ymax>
            <ymin>115</ymin>
        </bndbox>
        <type>2</type>
        <direction>5</direction>
        <previous>22</previous>
    </vehicle>
    <vehicle>
        <id>28</id>
        <bndbox>
            <xmax>126</xmax>
            <xmin>115</xmin>
            <ymax>112</ymax>
            <ymin>106</ymin>
        </bndbox>
        <type>2</type>
        <direction>5</direction>
        <previous>24</previous>
    </vehicle>
    <vehicle>
        <id>29</id>
        <bndbox>
            <xmax>100</xmax>
            <xmin>93</xmin>
            <ymax>110</ymax>
            <ymin>103</ymin>
        </bndbox>
        <type>2</type>
        <direction>5</direction>
        <previous>23</previous>
    </vehicle>
    <vehicle>
        <id>30</id>
        <bndbox>
            <xmax>107</xmax>
            <xmin>98</xmin>
            <ymax>109</ymax>
            <ymin>101</ymin>
        </bndbox>
        <type>3</type>
        <direction>5</direction>
        <previous>25</previous>
    </vehicle>
    <vehicle>
        <id>31</id>
        <bndbox>
            <xmax>91</xmax>
            <xmin>84</xmin>
            <ymax>106</ymax>
            <ymin>101</ymin>
        </bndbox>
        <type>3</type>
        <direction>5</direction>
        <previous>26</previous>
    </vehicle>
</annotation>
